series,t,setpoint,y,u
Ziegler-Nichols,0.0000,1.000000,0.000000,1.799699
Ziegler-Nichols,0.0200,1.000000,0.000000,1.864998
Ziegler-Nichols,0.0400,1.000000,0.000000,1.930297
Ziegler-Nichols,0.0600,1.000000,0.000000,1.995596
Ziegler-Nichols,0.0800,1.000000,0.000000,2.000000
Ziegler-Nichols,0.1000,1.000000,0.000000,2.000000
Ziegler-Nichols,0.1200,1.000000,0.000000,2.000000
Ziegler-Nichols,0.1400,1.000000,0.000000,2.000000
Ziegler-Nichols,0.1600,1.000000,0.000000,2.000000
Ziegler-Nichols,0.1800,1.000000,0.000000,2.000000
Ziegler-Nichols,0.2000,1.000000,0.000000,2.000000
Ziegler-Nichols,0.2200,1.000000,0.000000,2.000000
Ziegler-Nichols,0.2400,1.000000,0.000000,2.000000
Ziegler-Nichols,0.2600,1.000000,0.000000,2.000000
Ziegler-Nichols,0.2800,1.000000,0.000000,2.000000
Ziegler-Nichols,0.3000,1.000000,0.035815,2.000000
Ziegler-Nichols,0.3200,1.000000,0.108321,1.858955
Ziegler-Nichols,0.3400,1.000000,0.181978,1.587055
Ziegler-Nichols,0.3600,1.000000,0.256762,1.432940
Ziegler-Nichols,0.3800,1.000000,0.330883,1.320061
Ziegler-Nichols,0.4000,1.000000,0.403536,1.234940
Ziegler-Nichols,0.4200,1.000000,0.474751,1.157905
Ziegler-Nichols,0.4400,1.000000,0.544556,1.081915
Ziegler-Nichols,0.4600,1.000000,0.612978,1.004675
Ziegler-Nichols,0.4800,1.000000,0.680046,0.925457
Ziegler-Nichols,0.5000,1.000000,0.745785,0.844052
Ziegler-Nichols,0.5200,1.000000,0.810223,0.760419
Ziegler-Nichols,0.5400,1.000000,0.873385,0.674578
Ziegler-Nichols,0.5600,1.000000,0.935296,0.586561
Ziegler-Nichols,0.5800,1.000000,0.995981,0.496410
Ziegler-Nichols,0.6000,1.000000,1.055465,0.404165
Ziegler-Nichols,0.6200,1.000000,1.110964,0.309869
Ziegler-Nichols,0.6400,1.000000,1.154017,0.306470
Ziegler-Nichols,0.6600,1.000000,1.189286,0.336001
Ziegler-Nichols,0.6800,1.000000,1.219022,0.352251
Ziegler-Nichols,0.7000,1.000000,1.244594,0.354682
Ziegler-Nichols,0.7200,1.000000,1.266556,0.348360
Ziegler-Nichols,0.7400,1.000000,1.285073,0.340001
Ziegler-Nichols,0.7600,1.000000,1.300180,0.333682
Ziegler-Nichols,0.7800,1.000000,1.311871,0.331465
Ziegler-Nichols,0.8000,1.000000,1.320129,0.334375
Ziegler-Nichols,0.8200,1.000000,1.324932,0.342975
Ziegler-Nichols,0.8400,1.000000,1.326263,0.357624
Ziegler-Nichols,0.8600,1.000000,1.324103,0.378608
Ziegler-Nichols,0.8800,1.000000,1.318436,0.406173
Ziegler-Nichols,0.9000,1.000000,1.309249,0.440561
Ziegler-Nichols,0.9200,1.000000,1.296530,0.481999
Ziegler-Nichols,0.9400,1.000000,1.282779,0.522730
Ziegler-Nichols,0.9600,1.000000,1.270416,0.532081
Ziegler-Nichols,0.9800,1.000000,1.259082,0.526726
Ziegler-Nichols,1.0000,1.000000,1.248204,0.521021
Ziegler-Nichols,1.0200,1.000000,1.237359,0.519885
Ziegler-Nichols,1.0400,1.000000,1.226403,0.523051
Ziegler-Nichols,1.0600,1.000000,1.215388,0.528415
Ziegler-Nichols,1.0800,1.000000,1.204458,0.534014
Ziegler-Nichols,1.1000,1.000000,1.193809,0.538430
Ziegler-Nichols,1.1200,1.000000,1.183653,0.540675
Ziegler-Nichols,1.1400,1.000000,1.174219,0.540000
Ziegler-Nichols,1.1600,1.000000,1.165739,0.535773
Ziegler-Nichols,1.1800,1.000000,1.158453,0.527402
Ziegler-Nichols,1.2000,1.000000,1.152606,0.514300
Ziegler-Nichols,1.2200,1.000000,1.148445,0.495876
Ziegler-Nichols,1.2400,1.000000,1.146065,0.471517
Ziegler-Nichols,1.2600,1.000000,1.144417,0.448258
Ziegler-Nichols,1.2800,1.000000,1.142680,0.434920
Ziegler-Nichols,1.3000,1.000000,1.140735,0.428314
Ziegler-Nichols,1.3200,1.000000,1.138734,0.423587
Ziegler-Nichols,1.3400,1.000000,1.136861,0.417878
Ziegler-Nichols,1.3600,1.000000,1.135221,0.410452
Ziegler-Nichols,1.3800,1.000000,1.133836,0.401731
Ziegler-Nichols,1.4000,1.000000,1.132669,0.392477
Ziegler-Nichols,1.4200,1.000000,1.131637,0.383436
Ziegler-Nichols,1.4400,1.000000,1.130629,0.375260
Ziegler-Nichols,1.4600,1.000000,1.129510,0.368541
Ziegler-Nichols,1.4800,1.000000,1.128124,0.363840
Ziegler-Nichols,1.5000,1.000000,1.126295,0.361733
Ziegler-Nichols,1.5200,1.000000,1.123826,0.362829
Ziegler-Nichols,1.5400,1.000000,1.120502,0.367777
Ziegler-Nichols,1.5600,1.000000,1.116275,0.376828
Ziegler-Nichols,1.5800,1.000000,1.111503,0.386485
Ziegler-Nichols,1.6000,1.000000,1.106511,0.393662
Ziegler-Nichols,1.6200,1.000000,1.101423,0.398609
Ziegler-Nichols,1.6400,1.000000,1.096222,0.402865
Ziegler-Nichols,1.6600,1.000000,1.090848,0.407735
Ziegler-Nichols,1.6800,1.000000,1.085246,0.413819
Ziegler-Nichols,1.7000,1.000000,1.079391,0.421174
Ziegler-Nichols,1.7200,1.000000,1.073290,0.429568
Ziegler-Nichols,1.7400,1.000000,1.066977,0.438670
Ziegler-Nichols,1.7600,1.000000,1.060506,0.448110
Ziegler-Nichols,1.7800,1.000000,1.053956,0.457508
Ziegler-Nichols,1.8000,1.000000,1.047426,0.466448
Ziegler-Nichols,1.8200,1.000000,1.041035,0.474479
Ziegler-Nichols,1.8400,1.000000,1.034927,0.481095
Ziegler-Nichols,1.8600,1.000000,1.029261,0.485721
Ziegler-Nichols,1.8800,1.000000,1.024095,0.488282
Ziegler-Nichols,1.9000,1.000000,1.019342,0.490121
Ziegler-Nichols,1.9200,1.000000,1.014899,0.492455
Ziegler-Nichols,1.9400,1.000000,1.010715,0.495475
Ziegler-Nichols,1.9600,1.000000,1.006799,0.498715
Ziegler-Nichols,1.9800,1.000000,1.003188,0.501606
Ziegler-Nichols,2.0000,1.000000,0.999927,0.503758
Ziegler-Nichols,2.0200,1.000000,0.997055,0.505005
Ziegler-Nichols,2.0400,1.000000,0.994593,0.505333
Ziegler-Nichols,2.0600,1.000000,0.992552,0.504825
Ziegler-Nichols,2.0800,1.000000,0.990925,0.503618
Ziegler-Nichols,2.1000,1.000000,0.989689,0.501885
Ziegler-Nichols,2.1200,1.000000,0.988806,0.499850
Ziegler-Nichols,2.1400,1.000000,0.988218,0.497781
Ziegler-Nichols,2.1600,1.000000,0.987846,0.496009
Ziegler-Nichols,2.1800,1.000000,0.987601,0.494907
Ziegler-Nichols,2.2000,1.000000,0.987437,0.494532
Ziegler-Nichols,2.2200,1.000000,0.987363,0.494412
Ziegler-Nichols,2.2400,1.000000,0.987403,0.494057
Ziegler-Nichols,2.2600,1.000000,0.987569,0.493296
Ziegler-Nichols,2.2800,1.000000,0.987852,0.492254
Ziegler-Nichols,2.3000,1.000000,0.988222,0.491166
Ziegler-Nichols,2.3200,1.000000,0.988644,0.490255
Ziegler-Nichols,2.3400,1.000000,0.989079,0.489668
Ziegler-Nichols,2.3600,1.000000,0.989493,0.489484
Ziegler-Nichols,2.3800,1.000000,0.989858,0.489730
Ziegler-Nichols,2.4000,1.000000,0.990151,0.490390
Ziegler-Nichols,2.4200,1.000000,0.990361,0.491415
Ziegler-Nichols,2.4400,1.000000,0.990484,0.492719
Ziegler-Nichols,2.4600,1.000000,0.990531,0.494174
Ziegler-Nichols,2.4800,1.000000,0.990525,0.495602
Ziegler-Nichols,2.5000,1.000000,0.990499,0.496803
Ziegler-Nichols,2.5200,1.000000,0.990467,0.497733
Ziegler-Nichols,2.5400,1.000000,0.990425,0.498552
Ziegler-Nichols,2.5600,1.000000,0.990357,0.499463
Ziegler-Nichols,2.5800,1.000000,0.990252,0.500575
Ziegler-Nichols,2.6000,1.000000,0.990106,0.501873
Ziegler-Nichols,2.6200,1.000000,0.989924,0.503269
Ziegler-Nichols,2.6400,1.000000,0.989719,0.504658
Ziegler-Nichols,2.6600,1.000000,0.989507,0.505946
Ziegler-Nichols,2.6800,1.000000,0.989305,0.507066
Ziegler-Nichols,2.7000,1.000000,0.989129,0.507973
Ziegler-Nichols,2.7200,1.000000,0.988993,0.508642
Ziegler-Nichols,2.7400,1.000000,0.988909,0.509071
Ziegler-Nichols,2.7600,1.000000,0.988884,0.509283
Ziegler-Nichols,2.7800,1.000000,0.988916,0.509329
Ziegler-Nichols,2.8000,1.000000,0.988998,0.509293
Ziegler-Nichols,2.8200,1.000000,0.989117,0.509271
Ziegler-Nichols,2.8400,1.000000,0.989267,0.509295
Ziegler-Nichols,2.8600,1.000000,0.989449,0.509310
Ziegler-Nichols,2.8800,1.000000,0.989669,0.509232
Ziegler-Nichols,2.9000,1.000000,0.989935,0.508998
Ziegler-Nichols,2.9200,1.000000,0.990250,0.508596
Ziegler-Nichols,2.9400,1.000000,0.990614,0.508049
Ziegler-Nichols,2.9600,1.000000,0.991023,0.507403
Ziegler-Nichols,2.9800,1.000000,0.991470,0.506705
Ziegler-Nichols,3.0000,1.000000,0.991946,0.505999
Ziegler-Nichols,3.0200,1.000000,0.992442,0.505321
Ziegler-Nichols,3.0400,1.000000,0.992947,0.504699
Ziegler-Nichols,3.0600,1.000000,0.993453,0.504150
Ziegler-Nichols,3.0800,1.000000,0.993952,0.503677
Ziegler-Nichols,3.1000,1.000000,0.994440,0.503266
Ziegler-Nichols,3.1200,1.000000,0.994917,0.502882
Ziegler-Nichols,3.1400,1.000000,0.995386,0.502488
Ziegler-Nichols,3.1600,1.000000,0.995846,0.502065
Ziegler-Nichols,3.1800,1.000000,0.996295,0.501636
Ziegler-Nichols,3.2000,1.000000,0.996727,0.501239
Ziegler-Nichols,3.2200,1.000000,0.997137,0.500911
Ziegler-Nichols,3.2400,1.000000,0.997518,0.500670
Ziegler-Nichols,3.2600,1.000000,0.997867,0.500521
Ziegler-Nichols,3.2800,1.000000,0.998181,0.500449
Ziegler-Nichols,3.3000,1.000000,0.998462,0.500439
Ziegler-Nichols,3.3200,1.000000,0.998710,0.500470
Ziegler-Nichols,3.3400,1.000000,0.998927,0.500523
Ziegler-Nichols,3.3600,1.000000,0.999118,0.500583
Ziegler-Nichols,3.3800,1.000000,0.999286,0.500638
Ziegler-Nichols,3.4000,1.000000,0.999433,0.500679
Ziegler-Nichols,3.4200,1.000000,0.999562,0.500713
Ziegler-Nichols,3.4400,1.000000,0.999673,0.500750
Ziegler-Nichols,3.4600,1.000000,0.999766,0.500810
Ziegler-Nichols,3.4800,1.000000,0.999839,0.500902
Ziegler-Nichols,3.5000,1.000000,0.999895,0.501018
Ziegler-Nichols,3.5200,1.000000,0.999937,0.501142
Ziegler-Nichols,3.5400,1.000000,0.999967,0.501254
Ziegler-Nichols,3.5600,1.000000,0.999989,0.501338
Ziegler-Nichols,3.5800,1.000000,1.000008,0.501389
Ziegler-Nichols,3.6000,1.000000,1.000025,0.501404
Ziegler-Nichols,3.6200,1.000000,1.000042,0.501389
Ziegler-Nichols,3.6400,1.000000,1.000062,0.501350
Ziegler-Nichols,3.6600,1.000000,1.000083,0.501292
Ziegler-Nichols,3.6800,1.000000,1.000106,0.501227
Ziegler-Nichols,3.7000,1.000000,1.000131,0.501158
Ziegler-Nichols,3.7200,1.000000,1.000156,0.501090
Ziegler-Nichols,3.7400,1.000000,1.000182,0.501022
Ziegler-Nichols,3.7600,1.000000,1.000210,0.500950
Ziegler-Nichols,3.7800,1.000000,1.000241,0.500861
Ziegler-Nichols,3.8000,1.000000,1.000275,0.500753
Ziegler-Nichols,3.8200,1.000000,1.000313,0.500625
Ziegler-Nichols,3.8400,1.000000,1.000356,0.500486
Ziegler-Nichols,3.8600,1.000000,1.000401,0.500341
Ziegler-Nichols,3.8800,1.000000,1.000448,0.500203
Ziegler-Nichols,3.9000,1.000000,1.000494,0.500075
Ziegler-Nichols,3.9200,1.000000,1.000540,0.499962
Ziegler-Nichols,3.9400,1.000000,1.000583,0.499862
Ziegler-Nichols,3.9600,1.000000,1.000623,0.499775
Ziegler-Nichols,3.9800,1.000000,1.000660,0.499701
Ziegler-Nichols,4.0000,1.000000,1.000694,0.499634
Ziegler-Nichols,4.0200,1.000000,1.000724,0.499571
Ziegler-Nichols,4.0400,1.000000,1.000751,0.499513
Ziegler-Nichols,4.0600,1.000000,1.000774,0.499459
Ziegler-Nichols,4.0800,1.000000,1.000794,0.499411
Ziegler-Nichols,4.1000,1.000000,1.000809,0.499375
Ziegler-Nichols,4.1200,1.000000,1.000819,0.499354
Ziegler-Nichols,4.1400,1.000000,1.000824,0.499349
Ziegler-Nichols,4.1600,1.000000,1.000822,0.499359
Ziegler-Nichols,4.1800,1.000000,1.000815,0.499382
Ziegler-Nichols,4.2000,1.000000,1.000803,0.499409
Ziegler-Nichols,4.2200,1.000000,1.000787,0.499442
Ziegler-Nichols,4.2400,1.000000,1.000767,0.499473
Ziegler-Nichols,4.2600,1.000000,1.000744,0.499508
Ziegler-Nichols,4.2800,1.000000,1.000718,0.499540
Ziegler-Nichols,4.3000,1.000000,1.000690,0.499573
Ziegler-Nichols,4.3200,1.000000,1.000660,0.499606
Ziegler-Nichols,4.3400,1.000000,1.000628,0.499641
Ziegler-Nichols,4.3600,1.000000,1.000595,0.499679
Ziegler-Nichols,4.3800,1.000000,1.000560,0.499720
Ziegler-Nichols,4.4000,1.000000,1.000524,0.499761
Ziegler-Nichols,4.4200,1.000000,1.000489,0.499800
Ziegler-Nichols,4.4400,1.000000,1.000453,0.499833
Ziegler-Nichols,4.4600,1.000000,1.000419,0.499862
Ziegler-Nichols,4.4800,1.000000,1.000386,0.499882
Ziegler-Nichols,4.5000,1.000000,1.000354,0.499898
Ziegler-Nichols,4.5200,1.000000,1.000325,0.499910
Ziegler-Nichols,4.5400,1.000000,1.000297,0.499918
Ziegler-Nichols,4.5600,1.000000,1.000272,0.499922
Ziegler-Nichols,4.5800,1.000000,1.000248,0.499929
Ziegler-Nichols,4.6000,1.000000,1.000225,0.499931
Ziegler-Nichols,4.6200,1.000000,1.000205,0.499933
Ziegler-Nichols,4.6400,1.000000,1.000186,0.499934
Ziegler-Nichols,4.6600,1.000000,1.000170,0.499932
Ziegler-Nichols,4.6800,1.000000,1.000155,0.499926
Ziegler-Nichols,4.7000,1.000000,1.000142,0.499918
Ziegler-Nichols,4.7200,1.000000,1.000131,0.499908
Ziegler-Nichols,4.7400,1.000000,1.000121,0.499897
Ziegler-Nichols,4.7600,1.000000,1.000113,0.499885
Ziegler-Nichols,4.7800,1.000000,1.000106,0.499876
Ziegler-Nichols,4.8000,1.000000,1.000100,0.499869
Ziegler-Nichols,4.8200,1.000000,1.000094,0.499863
Ziegler-Nichols,4.8400,1.000000,1.000089,0.499859
Ziegler-Nichols,4.8600,1.000000,1.000084,0.499856
Ziegler-Nichols,4.8800,1.000000,1.000079,0.499856
Ziegler-Nichols,4.9000,1.000000,1.000075,0.499855
Ziegler-Nichols,4.9200,1.000000,1.000071,0.499854
Ziegler-Nichols,4.9400,1.000000,1.000067,0.499855
Ziegler-Nichols,4.9600,1.000000,1.000063,0.499856
Ziegler-Nichols,4.9800,1.000000,1.000059,0.499859
Ziegler-Nichols,5.0000,1.000000,1.000055,0.499864
Ziegler-Nichols,5.0200,1.000000,1.000050,0.499872
Ziegler-Nichols,5.0400,1.000000,1.000045,0.499880
Ziegler-Nichols,5.0600,1.000000,1.000040,0.499890
Ziegler-Nichols,5.0800,1.000000,1.000034,0.499901
Ziegler-Nichols,5.1000,1.000000,1.000028,0.499912
Ziegler-Nichols,5.1200,1.000000,1.000022,0.499924
Ziegler-Nichols,5.1400,1.000000,1.000016,0.499935
Ziegler-Nichols,5.1600,1.000000,1.000010,0.499944
Ziegler-Nichols,5.1800,1.000000,1.000004,0.499954
Ziegler-Nichols,5.2000,1.000000,0.999998,0.499965
Ziegler-Nichols,5.2200,1.000000,0.999993,0.499973
Ziegler-Nichols,5.2400,1.000000,0.999987,0.499983
Ziegler-Nichols,5.2600,1.000000,0.999982,0.499992
Ziegler-Nichols,5.2800,1.000000,0.999976,0.500001
Ziegler-Nichols,5.3000,1.000000,0.999971,0.500009
Ziegler-Nichols,5.3200,1.000000,0.999967,0.500016
Ziegler-Nichols,5.3400,1.000000,0.999963,0.500021
Ziegler-Nichols,5.3600,1.000000,0.999959,0.500026
Ziegler-Nichols,5.3800,1.000000,0.999956,0.500029
Ziegler-Nichols,5.4000,1.000000,0.999953,0.500032
Ziegler-Nichols,5.4200,1.000000,0.999951,0.500033
Ziegler-Nichols,5.4400,1.000000,0.999949,0.500034
Ziegler-Nichols,5.4600,1.000000,0.999948,0.500034
Ziegler-Nichols,5.4800,1.000000,0.999947,0.500034
Ziegler-Nichols,5.5000,1.000000,0.999946,0.500034
Ziegler-Nichols,5.5200,1.000000,0.999946,0.500033
Ziegler-Nichols,5.5400,1.000000,0.999947,0.500032
Ziegler-Nichols,5.5600,1.000000,0.999947,0.500030
Ziegler-Nichols,5.5800,1.000000,0.999948,0.500027
Ziegler-Nichols,5.6000,1.000000,0.999950,0.500025
Ziegler-Nichols,5.6200,1.000000,0.999951,0.500022
Ziegler-Nichols,5.6400,1.000000,0.999953,0.500019
Ziegler-Nichols,5.6600,1.000000,0.999955,0.500017
Ziegler-Nichols,5.6800,1.000000,0.999957,0.500014
Ziegler-Nichols,5.7000,1.000000,0.999959,0.500012
Ziegler-Nichols,5.7200,1.000000,0.999961,0.500010
Ziegler-Nichols,5.7400,1.000000,0.999963,0.500009
Ziegler-Nichols,5.7600,1.000000,0.999965,0.500008
Ziegler-Nichols,5.7800,1.000000,0.999967,0.500007
Ziegler-Nichols,5.8000,1.000000,0.999969,0.500005
Ziegler-Nichols,5.8200,1.000000,0.999971,0.500005
Ziegler-Nichols,5.8400,1.000000,0.999973,0.500004
Ziegler-Nichols,5.8600,1.000000,0.999975,0.500003
Ziegler-Nichols,5.8800,1.000000,0.999976,0.500003
Ziegler-Nichols,5.9000,1.000000,0.999978,0.500004
Ziegler-Nichols,5.9200,1.000000,0.999979,0.500005
Ziegler-Nichols,5.9400,1.000000,0.999980,0.500005
Ziegler-Nichols,5.9600,1.000000,0.999981,0.500006
Ziegler-Nichols,5.9800,1.000000,0.999982,0.500007
Ziegler-Nichols,6.0000,1.000000,0.999983,0.500008
Ziegler-Nichols,6.0200,1.000000,0.999984,0.500009
Ziegler-Nichols,6.0400,1.000000,0.999985,0.500009
Ziegler-Nichols,6.0600,1.000000,0.999985,0.500011
Ziegler-Nichols,6.0800,1.000000,0.999986,0.500011
Ziegler-Nichols,6.1000,1.000000,0.999986,0.500012
Ziegler-Nichols,6.1200,1.000000,0.999987,0.500013
Ziegler-Nichols,6.1400,1.000000,0.999987,0.500013
Ziegler-Nichols,6.1600,1.000000,0.999988,0.500013
Ziegler-Nichols,6.1800,1.000000,0.999988,0.500014
Ziegler-Nichols,6.2000,1.000000,0.999988,0.500014
Ziegler-Nichols,6.2200,1.000000,0.999989,0.500014
Ziegler-Nichols,6.2400,1.000000,0.999989,0.500014
Ziegler-Nichols,6.2600,1.000000,0.999990,0.500014
Ziegler-Nichols,6.2800,1.000000,0.999990,0.500013
Ziegler-Nichols,6.3000,1.000000,0.999991,0.500013
Ziegler-Nichols,6.3200,1.000000,0.999991,0.500012
Ziegler-Nichols,6.3400,1.000000,0.999992,0.500012
Ziegler-Nichols,6.3600,1.000000,0.999992,0.500011
Ziegler-Nichols,6.3800,1.000000,0.999993,0.500010
Ziegler-Nichols,6.4000,1.000000,0.999993,0.500009
Ziegler-Nichols,6.4200,1.000000,0.999994,0.500008
Ziegler-Nichols,6.4400,1.000000,0.999995,0.500008
Ziegler-Nichols,6.4600,1.000000,0.999995,0.500007
Ziegler-Nichols,6.4800,1.000000,0.999996,0.500006
Ziegler-Nichols,6.5000,1.000000,0.999997,0.500005
Ziegler-Nichols,6.5200,1.000000,0.999997,0.500004
Ziegler-Nichols,6.5400,1.000000,0.999998,0.500003
Ziegler-Nichols,6.5600,1.000000,0.999998,0.500002
Ziegler-Nichols,6.5800,1.000000,0.999999,0.500002
Ziegler-Nichols,6.6000,1.000000,0.999999,0.500001
Ziegler-Nichols,6.6200,1.000000,1.000000,0.500000
Ziegler-Nichols,6.6400,1.000000,1.000000,0.500000
Ziegler-Nichols,6.6600,1.000000,1.000001,0.499999
Ziegler-Nichols,6.6800,1.000000,1.000001,0.499999
Ziegler-Nichols,6.7000,1.000000,1.000002,0.499999
Ziegler-Nichols,6.7200,1.000000,1.000002,0.499999
Ziegler-Nichols,6.7400,1.000000,1.000002,0.499999
Ziegler-Nichols,6.7600,1.000000,1.000002,0.499999
Ziegler-Nichols,6.7800,1.000000,1.000003,0.499998
Ziegler-Nichols,6.8000,1.000000,1.000003,0.499998
Ziegler-Nichols,6.8200,1.000000,1.000003,0.499998
Ziegler-Nichols,6.8400,1.000000,1.000003,0.499999
Ziegler-Nichols,6.8600,1.000000,1.000003,0.499999
Ziegler-Nichols,6.8800,1.000000,1.000003,0.499999
Ziegler-Nichols,6.9000,1.000000,1.000003,0.499999
Ziegler-Nichols,6.9200,1.000000,1.000003,0.499999
Ziegler-Nichols,6.9400,1.000000,1.000003,0.499999
Ziegler-Nichols,6.9600,1.000000,1.000003,0.499999
Ziegler-Nichols,6.9800,1.000000,1.000003,0.499999
Ziegler-Nichols,7.0000,1.000000,1.000003,0.499999
Ziegler-Nichols,7.0200,1.000000,1.000003,0.499999
Ziegler-Nichols,7.0400,1.000000,1.000002,0.500000
Ziegler-Nichols,7.0600,1.000000,1.000002,0.500000
Ziegler-Nichols,7.0800,1.000000,1.000002,0.499999
Ziegler-Nichols,7.1000,1.000000,1.000002,0.500000
Ziegler-Nichols,7.1200,1.000000,1.000002,0.500000
Ziegler-Nichols,7.1400,1.000000,1.000002,0.500000
Ziegler-Nichols,7.1600,1.000000,1.000002,0.500000
Ziegler-Nichols,7.1800,1.000000,1.000002,0.499999
Ziegler-Nichols,7.2000,1.000000,1.000002,0.500000
Ziegler-Nichols,7.2200,1.000000,1.000002,0.500000
Ziegler-Nichols,7.2400,1.000000,1.000002,0.499999
Ziegler-Nichols,7.2600,1.000000,1.000002,0.500000
Ziegler-Nichols,7.2800,1.000000,1.000001,0.499999
Ziegler-Nichols,7.3000,1.000000,1.000001,0.500000
Ziegler-Nichols,7.3200,1.000000,1.000001,0.499999
Ziegler-Nichols,7.3400,1.000000,1.000001,0.500000
Ziegler-Nichols,7.3600,1.000000,1.000001,0.499999
Ziegler-Nichols,7.3800,1.000000,1.000001,0.499999
Ziegler-Nichols,7.4000,1.000000,1.000001,0.499999
Ziegler-Nichols,7.4200,1.000000,1.000001,0.499999
Ziegler-Nichols,7.4400,1.000000,1.000001,0.499999
Ziegler-Nichols,7.4600,1.000000,1.000001,0.499998
Ziegler-Nichols,7.4800,1.000000,1.000001,0.499998
Ziegler-Nichols,7.5000,1.000000,1.000001,0.499999
Ziegler-Nichols,7.5200,1.000000,1.000001,0.499998
Ziegler-Nichols,7.5400,1.000000,1.000001,0.499998
Ziegler-Nichols,7.5600,1.000000,1.000001,0.499998
Ziegler-Nichols,7.5800,1.000000,1.000001,0.499999
Ziegler-Nichols,7.6000,1.000000,1.000001,0.499998
Ziegler-Nichols,7.6200,1.000000,1.000001,0.499998
Ziegler-Nichols,7.6400,1.000000,1.000001,0.499999
Ziegler-Nichols,7.6600,1.000000,1.000001,0.499998
Ziegler-Nichols,7.6800,1.000000,1.000001,0.499998
Ziegler-Nichols,7.7000,1.000000,1.000001,0.499999
Ziegler-Nichols,7.7200,1.000000,1.000001,0.499998
Ziegler-Nichols,7.7400,1.000000,1.000001,0.500000
Ziegler-Nichols,7.7600,1.000000,1.000001,0.499999
Ziegler-Nichols,7.7800,1.000000,1.000000,0.499999
Ziegler-Nichols,7.8000,1.000000,1.000000,0.499999
Ziegler-Nichols,7.8200,1.000000,1.000000,0.499999
Ziegler-Nichols,7.8400,1.000000,1.000000,0.499999
Ziegler-Nichols,7.8600,1.000000,1.000000,0.500000
Ziegler-Nichols,7.8800,1.000000,1.000000,0.500000
Ziegler-Nichols,7.9000,1.000000,1.000000,0.499999
Ziegler-Nichols,7.9200,1.000000,1.000000,0.500001
Ziegler-Nichols,7.9400,1.000000,1.000000,0.500000
Ziegler-Nichols,7.9600,1.000000,1.000000,0.500000
Ziegler-Nichols,7.9800,1.000000,1.000000,0.500000
Ziegler-Nichols,8.0000,1.000000,1.000000,0.500000
Ziegler-Nichols,8.0200,1.000000,1.000000,0.500000
Ziegler-Nichols,8.0400,1.000000,1.000000,0.500000
Ziegler-Nichols,8.0600,1.000000,1.000000,0.500001
Ziegler-Nichols,8.0800,1.000000,1.000000,0.500000
Ziegler-Nichols,8.1000,1.000000,1.000000,0.500000
Ziegler-Nichols,8.1200,1.000000,1.000000,0.500000
Ziegler-Nichols,8.1400,1.000000,1.000000,0.500000
Ziegler-Nichols,8.1600,1.000000,1.000000,0.500000
Ziegler-Nichols,8.1800,1.000000,1.000000,0.500000
Ziegler-Nichols,8.2000,1.000000,1.000000,0.500000
Ziegler-Nichols,8.2200,1.000000,1.000000,0.500000
Ziegler-Nichols,8.2400,1.000000,1.000000,0.500000
Ziegler-Nichols,8.2600,1.000000,1.000000,0.500000
Ziegler-Nichols,8.2800,1.000000,1.000000,0.500000
Ziegler-Nichols,8.3000,1.000000,1.000000,0.500000
Ziegler-Nichols,8.3200,1.000000,1.000000,0.500000
Ziegler-Nichols,8.3400,1.000000,1.000000,0.500000
Ziegler-Nichols,8.3600,1.000000,1.000000,0.500000
Ziegler-Nichols,8.3800,1.000000,1.000000,0.499999
Ziegler-Nichols,8.4000,1.000000,1.000000,0.500000
Ziegler-Nichols,8.4200,1.000000,1.000000,0.500000
Ziegler-Nichols,8.4400,1.000000,1.000000,0.500000
Ziegler-Nichols,8.4600,1.000000,1.000000,0.500000
Ziegler-Nichols,8.4800,1.000000,1.000000,0.500000
Ziegler-Nichols,8.5000,1.000000,1.000000,0.500000
Ziegler-Nichols,8.5200,1.000000,1.000000,0.499999
Ziegler-Nichols,8.5400,1.000000,1.000000,0.499999
Ziegler-Nichols,8.5600,1.000000,1.000000,0.500000
Ziegler-Nichols,8.5800,1.000000,1.000000,0.499999
Ziegler-Nichols,8.6000,1.000000,1.000000,0.500000
Ziegler-Nichols,8.6200,1.000000,1.000000,0.500000
Ziegler-Nichols,8.6400,1.000000,1.000000,0.500000
Ziegler-Nichols,8.6600,1.000000,1.000000,0.500000
Ziegler-Nichols,8.6800,1.000000,1.000000,0.500000
Ziegler-Nichols,8.7000,1.000000,1.000000,0.500000
Ziegler-Nichols,8.7200,1.000000,1.000000,0.500000
Ziegler-Nichols,8.7400,1.000000,1.000000,0.500000
Ziegler-Nichols,8.7600,1.000000,1.000000,0.500000
Ziegler-Nichols,8.7800,1.000000,1.000000,0.500000
Ziegler-Nichols,8.8000,1.000000,1.000000,0.500000
Ziegler-Nichols,8.8200,1.000000,1.000000,0.500000
Ziegler-Nichols,8.8400,1.000000,1.000000,0.500000
Ziegler-Nichols,8.8600,1.000000,1.000000,0.500000
Ziegler-Nichols,8.8800,1.000000,1.000000,0.500000
Ziegler-Nichols,8.9000,1.000000,1.000000,0.500000
Ziegler-Nichols,8.9200,1.000000,1.000000,0.500000
Ziegler-Nichols,8.9400,1.000000,1.000000,0.500000
Ziegler-Nichols,8.9600,1.000000,1.000000,0.500000
Ziegler-Nichols,8.9800,1.000000,1.000000,0.500000
Ziegler-Nichols,9.0000,1.000000,1.000000,0.500000
Ziegler-Nichols,9.0200,1.000000,1.000000,0.500000
Ziegler-Nichols,9.0400,1.000000,1.000000,0.500000
Ziegler-Nichols,9.0600,1.000000,1.000000,0.500000
Ziegler-Nichols,9.0800,1.000000,1.000000,0.500000
Ziegler-Nichols,9.1000,1.000000,1.000000,0.500000
Ziegler-Nichols,9.1200,1.000000,1.000000,0.500000
Ziegler-Nichols,9.1400,1.000000,1.000000,0.500000
Ziegler-Nichols,9.1600,1.000000,1.000000,0.500000
Ziegler-Nichols,9.1800,1.000000,1.000000,0.500000
Ziegler-Nichols,9.2000,1.000000,1.000000,0.500000
Ziegler-Nichols,9.2200,1.000000,1.000000,0.500000
Ziegler-Nichols,9.2400,1.000000,1.000000,0.500000
Ziegler-Nichols,9.2600,1.000000,1.000000,0.500000
Ziegler-Nichols,9.2800,1.000000,1.000000,0.500000
Ziegler-Nichols,9.3000,1.000000,1.000000,0.500000
Ziegler-Nichols,9.3200,1.000000,1.000000,0.500000
Ziegler-Nichols,9.3400,1.000000,1.000000,0.500000
Ziegler-Nichols,9.3600,1.000000,1.000000,0.500000
Ziegler-Nichols,9.3800,1.000000,1.000000,0.500000
Ziegler-Nichols,9.4000,1.000000,1.000000,0.500000
Ziegler-Nichols,9.4200,1.000000,1.000000,0.500000
Ziegler-Nichols,9.4400,1.000000,1.000000,0.500000
Ziegler-Nichols,9.4600,1.000000,1.000000,0.500000
Ziegler-Nichols,9.4800,1.000000,1.000000,0.500000
Ziegler-Nichols,9.5000,1.000000,1.000000,0.500000
Ziegler-Nichols,9.5200,1.000000,1.000000,0.500000
Ziegler-Nichols,9.5400,1.000000,1.000000,0.500000
Ziegler-Nichols,9.5600,1.000000,1.000000,0.500000
Ziegler-Nichols,9.5800,1.000000,1.000000,0.500000
Ziegler-Nichols,9.6000,1.000000,1.000000,0.499999
Ziegler-Nichols,9.6200,1.000000,1.000000,0.500000
Ziegler-Nichols,9.6400,1.000000,1.000000,0.500000
Ziegler-Nichols,9.6600,1.000000,1.000000,0.500000
Ziegler-Nichols,9.6800,1.000000,1.000000,0.500000
Ziegler-Nichols,9.7000,1.000000,1.000000,0.500000
Ziegler-Nichols,9.7200,1.000000,1.000000,0.500000
Ziegler-Nichols,9.7400,1.000000,1.000000,0.500000
Ziegler-Nichols,9.7600,1.000000,1.000000,0.500000
Ziegler-Nichols,9.7800,1.000000,1.000000,0.500000
Ziegler-Nichols,9.8000,1.000000,1.000000,0.500000
Ziegler-Nichols,9.8200,1.000000,1.000000,0.500000
Ziegler-Nichols,9.8400,1.000000,1.000000,0.500000
Ziegler-Nichols,9.8600,1.000000,1.000000,0.500000
Ziegler-Nichols,9.8800,1.000000,1.000000,0.500000
Ziegler-Nichols,9.9000,1.000000,1.000000,0.500000
Ziegler-Nichols,9.9200,1.000000,1.000000,0.500000
Ziegler-Nichols,9.9400,1.000000,1.000000,0.500000
Ziegler-Nichols,9.9600,1.000000,1.000000,0.500000
Ziegler-Nichols,9.9800,1.000000,1.000000,0.500000
Ziegler-Nichols,10.0000,1.000000,1.000000,0.500000
Ziegler-Nichols,10.0200,1.000000,1.000000,0.500000
Ziegler-Nichols,10.0400,1.000000,1.000000,0.500000
Ziegler-Nichols,10.0600,1.000000,1.000000,0.500000
Ziegler-Nichols,10.0800,1.000000,1.000000,0.500000
Ziegler-Nichols,10.1000,1.000000,1.000000,0.500000
Ziegler-Nichols,10.1200,1.000000,1.000000,0.500000
Ziegler-Nichols,10.1400,1.000000,1.000000,0.500000
Ziegler-Nichols,10.1600,1.000000,1.000000,0.500000
Ziegler-Nichols,10.1800,1.000000,1.000000,0.500000
Ziegler-Nichols,10.2000,1.000000,1.000000,0.500000
Ziegler-Nichols,10.2200,1.000000,1.000000,0.500000
Ziegler-Nichols,10.2400,1.000000,1.000000,0.500000
Ziegler-Nichols,10.2600,1.000000,1.000000,0.500000
Ziegler-Nichols,10.2800,1.000000,1.000000,0.500000
Ziegler-Nichols,10.3000,1.000000,1.000000,0.500000
Ziegler-Nichols,10.3200,1.000000,1.000000,0.500000
Ziegler-Nichols,10.3400,1.000000,1.000000,0.500000
Ziegler-Nichols,10.3600,1.000000,1.000000,0.500000
Ziegler-Nichols,10.3800,1.000000,1.000000,0.500000
Ziegler-Nichols,10.4000,1.000000,1.000000,0.500000
Ziegler-Nichols,10.4200,1.000000,1.000000,0.500000
Ziegler-Nichols,10.4400,1.000000,1.000000,0.500000
Ziegler-Nichols,10.4600,1.000000,1.000000,0.500000
Ziegler-Nichols,10.4800,1.000000,1.000000,0.500000
Ziegler-Nichols,10.5000,1.000000,1.000000,0.500000
Ziegler-Nichols,10.5200,1.000000,1.000000,0.500000
Ziegler-Nichols,10.5400,1.000000,1.000000,0.500000
Ziegler-Nichols,10.5600,1.000000,1.000000,0.500000
Ziegler-Nichols,10.5800,1.000000,1.000000,0.500000
Ziegler-Nichols,10.6000,1.000000,1.000000,0.500000
Ziegler-Nichols,10.6200,1.000000,1.000000,0.500000
Ziegler-Nichols,10.6400,1.000000,1.000000,0.500000
Ziegler-Nichols,10.6600,1.000000,1.000000,0.500000
Ziegler-Nichols,10.6800,1.000000,1.000000,0.500000
Ziegler-Nichols,10.7000,1.000000,1.000000,0.500000
Ziegler-Nichols,10.7200,1.000000,1.000000,0.500000
Ziegler-Nichols,10.7400,1.000000,1.000000,0.500000
Ziegler-Nichols,10.7600,1.000000,1.000000,0.500000
Ziegler-Nichols,10.7800,1.000000,1.000000,0.500000
Ziegler-Nichols,10.8000,1.000000,1.000000,0.500000
Ziegler-Nichols,10.8200,1.000000,1.000000,0.500000
Ziegler-Nichols,10.8400,1.000000,1.000000,0.500000
Ziegler-Nichols,10.8600,1.000000,1.000000,0.499999
Ziegler-Nichols,10.8800,1.000000,1.000000,0.500000
Ziegler-Nichols,10.9000,1.000000,1.000000,0.500000
Ziegler-Nichols,10.9200,1.000000,1.000000,0.500000
Ziegler-Nichols,10.9400,1.000000,1.000000,0.500000
Ziegler-Nichols,10.9600,1.000000,1.000000,0.500000
Ziegler-Nichols,10.9800,1.000000,1.000000,0.500000
Ziegler-Nichols,11.0000,1.000000,1.000000,0.500000
Ziegler-Nichols,11.0200,1.000000,1.000000,0.500000
Ziegler-Nichols,11.0400,1.000000,1.000000,0.500000
Ziegler-Nichols,11.0600,1.000000,1.000000,0.500000
Ziegler-Nichols,11.0800,1.000000,1.000000,0.500000
Ziegler-Nichols,11.1000,1.000000,1.000000,0.500000
Ziegler-Nichols,11.1200,1.000000,1.000000,0.500000
Ziegler-Nichols,11.1400,1.000000,1.000000,0.500000
Ziegler-Nichols,11.1600,1.000000,1.000000,0.500000
Ziegler-Nichols,11.1800,1.000000,1.000000,0.500000
Ziegler-Nichols,11.2000,1.000000,1.000000,0.500000
Ziegler-Nichols,11.2200,1.000000,1.000000,0.500000
Ziegler-Nichols,11.2400,1.000000,1.000000,0.500000
Ziegler-Nichols,11.2600,1.000000,1.000000,0.500000
Ziegler-Nichols,11.2800,1.000000,1.000000,0.500000
Ziegler-Nichols,11.3000,1.000000,1.000000,0.500000
Ziegler-Nichols,11.3200,1.000000,1.000000,0.500000
Ziegler-Nichols,11.3400,1.000000,1.000000,0.500000
Ziegler-Nichols,11.3600,1.000000,1.000000,0.500000
Ziegler-Nichols,11.3800,1.000000,1.000000,0.500000
Ziegler-Nichols,11.4000,1.000000,1.000000,0.500000
Ziegler-Nichols,11.4200,1.000000,1.000000,0.500000
Ziegler-Nichols,11.4400,1.000000,1.000000,0.500000
Ziegler-Nichols,11.4600,1.000000,1.000000,0.500000
Ziegler-Nichols,11.4800,1.000000,1.000000,0.500000
Ziegler-Nichols,11.5000,1.000000,1.000000,0.500000
Ziegler-Nichols,11.5200,1.000000,1.000000,0.500000
Ziegler-Nichols,11.5400,1.000000,1.000000,0.500000
Ziegler-Nichols,11.5600,1.000000,1.000000,0.500000
Ziegler-Nichols,11.5800,1.000000,1.000000,0.500000
Ziegler-Nichols,11.6000,1.000000,1.000000,0.500000
Ziegler-Nichols,11.6200,1.000000,1.000000,0.500000
Ziegler-Nichols,11.6400,1.000000,1.000000,0.500000
Ziegler-Nichols,11.6600,1.000000,1.000000,0.500000
Ziegler-Nichols,11.6800,1.000000,1.000000,0.500000
Ziegler-Nichols,11.7000,1.000000,1.000000,0.500000
Ziegler-Nichols,11.7200,1.000000,1.000000,0.500000
Ziegler-Nichols,11.7400,1.000000,1.000000,0.500000
Ziegler-Nichols,11.7600,1.000000,1.000000,0.500000
Ziegler-Nichols,11.7800,1.000000,1.000000,0.500000
Ziegler-Nichols,11.8000,1.000000,1.000000,0.500000
Ziegler-Nichols,11.8200,1.000000,1.000000,0.500000
Ziegler-Nichols,11.8400,1.000000,1.000000,0.500000
Ziegler-Nichols,11.8600,1.000000,1.000000,0.500000
Ziegler-Nichols,11.8800,1.000000,1.000000,0.500000
Ziegler-Nichols,11.9000,1.000000,1.000000,0.500000
Ziegler-Nichols,11.9200,1.000000,1.000000,0.500000
Ziegler-Nichols,11.9400,1.000000,1.000000,0.500000
Ziegler-Nichols,11.9600,1.000000,1.000000,0.500000
Ziegler-Nichols,11.9800,1.000000,1.000000,0.500000
Ziegler-Nichols,12.0000,1.000000,1.000000,0.500000
Ziegler-Nichols,12.0200,1.000000,1.000000,0.500000
Ziegler-Nichols,12.0400,1.000000,1.000000,0.500000
Ziegler-Nichols,12.0600,1.000000,1.000000,0.500000
Ziegler-Nichols,12.0800,1.000000,1.000000,0.500000
Ziegler-Nichols,12.1000,1.000000,1.000000,0.499999
Ziegler-Nichols,12.1200,1.000000,1.000000,0.500000
Ziegler-Nichols,12.1400,1.000000,1.000000,0.500000
Ziegler-Nichols,12.1600,1.000000,1.000000,0.500000
Ziegler-Nichols,12.1800,1.000000,1.000000,0.500000
Ziegler-Nichols,12.2000,1.000000,1.000000,0.500000
Ziegler-Nichols,12.2200,1.000000,1.000000,0.500000
Ziegler-Nichols,12.2400,1.000000,1.000000,0.500000
Ziegler-Nichols,12.2600,1.000000,1.000000,0.500000
Ziegler-Nichols,12.2800,1.000000,1.000000,0.500000
Ziegler-Nichols,12.3000,1.000000,1.000000,0.500000
Ziegler-Nichols,12.3200,1.000000,1.000000,0.500000
Ziegler-Nichols,12.3400,1.000000,1.000000,0.500000
Ziegler-Nichols,12.3600,1.000000,1.000000,0.500000
Ziegler-Nichols,12.3800,1.000000,1.000000,0.500000
Ziegler-Nichols,12.4000,1.000000,1.000000,0.500000
Ziegler-Nichols,12.4200,1.000000,1.000000,0.500000
Ziegler-Nichols,12.4400,1.000000,1.000000,0.500000
Ziegler-Nichols,12.4600,1.000000,1.000000,0.500000
Ziegler-Nichols,12.4800,1.000000,1.000000,0.500000
Ziegler-Nichols,12.5000,1.000000,1.000000,0.500000
Ziegler-Nichols,12.5200,1.000000,1.000000,0.500000
Ziegler-Nichols,12.5400,1.000000,1.000000,0.500000
Ziegler-Nichols,12.5600,1.000000,1.000000,0.500000
Ziegler-Nichols,12.5800,1.000000,1.000000,0.500000
Ziegler-Nichols,12.6000,1.000000,1.000000,0.500000
Ziegler-Nichols,12.6200,1.000000,1.000000,0.500000
Ziegler-Nichols,12.6400,1.000000,1.000000,0.500000
Ziegler-Nichols,12.6600,1.000000,1.000000,0.500000
Ziegler-Nichols,12.6800,1.000000,1.000000,0.500000
Ziegler-Nichols,12.7000,1.000000,1.000000,0.500000
Ziegler-Nichols,12.7200,1.000000,1.000000,0.500000
Ziegler-Nichols,12.7400,1.000000,1.000000,0.500000
Ziegler-Nichols,12.7600,1.000000,1.000000,0.500000
Ziegler-Nichols,12.7800,1.000000,1.000000,0.500000
Ziegler-Nichols,12.8000,1.000000,1.000000,0.500000
Ziegler-Nichols,12.8200,1.000000,1.000000,0.500000
Ziegler-Nichols,12.8400,1.000000,1.000000,0.500000
Ziegler-Nichols,12.8600,1.000000,1.000000,0.500000
Ziegler-Nichols,12.8800,1.000000,1.000000,0.500000
Ziegler-Nichols,12.9000,1.000000,1.000000,0.500000
Ziegler-Nichols,12.9200,1.000000,1.000000,0.500000
Ziegler-Nichols,12.9400,1.000000,1.000000,0.500000
Ziegler-Nichols,12.9600,1.000000,1.000000,0.500000
Ziegler-Nichols,12.9800,1.000000,1.000000,0.500000
Ziegler-Nichols,13.0000,1.000000,1.000000,0.500000
Ziegler-Nichols,13.0200,1.000000,1.000000,0.500000
Ziegler-Nichols,13.0400,1.000000,1.000000,0.500000
Ziegler-Nichols,13.0600,1.000000,1.000000,0.500000
Ziegler-Nichols,13.0800,1.000000,1.000000,0.500000
Ziegler-Nichols,13.1000,1.000000,1.000000,0.500000
Ziegler-Nichols,13.1200,1.000000,1.000000,0.500000
Ziegler-Nichols,13.1400,1.000000,1.000000,0.500000
Ziegler-Nichols,13.1600,1.000000,1.000000,0.500000
Ziegler-Nichols,13.1800,1.000000,1.000000,0.500000
Ziegler-Nichols,13.2000,1.000000,1.000000,0.500000
Ziegler-Nichols,13.2200,1.000000,1.000000,0.500000
Ziegler-Nichols,13.2400,1.000000,1.000000,0.500000
Ziegler-Nichols,13.2600,1.000000,1.000000,0.500000
Ziegler-Nichols,13.2800,1.000000,1.000000,0.500000
Ziegler-Nichols,13.3000,1.000000,1.000000,0.500000
Ziegler-Nichols,13.3200,1.000000,1.000000,0.500000
Ziegler-Nichols,13.3400,1.000000,1.000000,0.500000
Ziegler-Nichols,13.3600,1.000000,1.000000,0.499999
Ziegler-Nichols,13.3800,1.000000,1.000000,0.500000
Ziegler-Nichols,13.4000,1.000000,1.000000,0.500000
Ziegler-Nichols,13.4200,1.000000,1.000000,0.500000
Ziegler-Nichols,13.4400,1.000000,1.000000,0.500000
Ziegler-Nichols,13.4600,1.000000,1.000000,0.500000
Ziegler-Nichols,13.4800,1.000000,1.000000,0.500000
Ziegler-Nichols,13.5000,1.000000,1.000000,0.500000
Ziegler-Nichols,13.5200,1.000000,1.000000,0.500000
Ziegler-Nichols,13.5400,1.000000,1.000000,0.500000
Ziegler-Nichols,13.5600,1.000000,1.000000,0.500000
Ziegler-Nichols,13.5800,1.000000,1.000000,0.500000
Ziegler-Nichols,13.6000,1.000000,1.000000,0.500000
Ziegler-Nichols,13.6200,1.000000,1.000000,0.500000
Ziegler-Nichols,13.6400,1.000000,1.000000,0.500000
Ziegler-Nichols,13.6600,1.000000,1.000000,0.500000
Ziegler-Nichols,13.6800,1.000000,1.000000,0.500000
Ziegler-Nichols,13.7000,1.000000,1.000000,0.500000
Ziegler-Nichols,13.7200,1.000000,1.000000,0.500000
Ziegler-Nichols,13.7400,1.000000,1.000000,0.500000
Ziegler-Nichols,13.7600,1.000000,1.000000,0.500000
Ziegler-Nichols,13.7800,1.000000,1.000000,0.500000
Ziegler-Nichols,13.8000,1.000000,1.000000,0.500000
Ziegler-Nichols,13.8200,1.000000,1.000000,0.500000
Ziegler-Nichols,13.8400,1.000000,1.000000,0.500000
Ziegler-Nichols,13.8600,1.000000,1.000000,0.500000
Ziegler-Nichols,13.8800,1.000000,1.000000,0.500000
Ziegler-Nichols,13.9000,1.000000,1.000000,0.500000
Ziegler-Nichols,13.9200,1.000000,1.000000,0.500000
Ziegler-Nichols,13.9400,1.000000,1.000000,0.500000
Ziegler-Nichols,13.9600,1.000000,1.000000,0.500000
Ziegler-Nichols,13.9800,1.000000,1.000000,0.500000
Ziegler-Nichols,14.0000,1.000000,1.000000,0.500000
Ziegler-Nichols,14.0200,1.000000,1.000000,0.500000
Ziegler-Nichols,14.0400,1.000000,1.000000,0.500000
Ziegler-Nichols,14.0600,1.000000,1.000000,0.500000
Ziegler-Nichols,14.0800,1.000000,1.000000,0.500000
Ziegler-Nichols,14.1000,1.000000,1.000000,0.500000
Ziegler-Nichols,14.1200,1.000000,1.000000,0.500000
Ziegler-Nichols,14.1400,1.000000,1.000000,0.500000
Ziegler-Nichols,14.1600,1.000000,1.000000,0.500000
Ziegler-Nichols,14.1800,1.000000,1.000000,0.500000
Ziegler-Nichols,14.2000,1.000000,1.000000,0.500000
Ziegler-Nichols,14.2200,1.000000,1.000000,0.500000
Ziegler-Nichols,14.2400,1.000000,1.000000,0.500000
Ziegler-Nichols,14.2600,1.000000,1.000000,0.500000
Ziegler-Nichols,14.2800,1.000000,1.000000,0.500000
Ziegler-Nichols,14.3000,1.000000,1.000000,0.500000
Ziegler-Nichols,14.3200,1.000000,1.000000,0.500000
Ziegler-Nichols,14.3400,1.000000,1.000000,0.500000
Ziegler-Nichols,14.3600,1.000000,1.000000,0.500000
Ziegler-Nichols,14.3800,1.000000,1.000000,0.500000
Ziegler-Nichols,14.4000,1.000000,1.000000,0.500000
Ziegler-Nichols,14.4200,1.000000,1.000000,0.500000
Ziegler-Nichols,14.4400,1.000000,1.000000,0.500000
Ziegler-Nichols,14.4600,1.000000,1.000000,0.500000
Ziegler-Nichols,14.4800,1.000000,1.000000,0.500000
Ziegler-Nichols,14.5000,1.000000,1.000000,0.500000
Ziegler-Nichols,14.5200,1.000000,1.000000,0.500000
Ziegler-Nichols,14.5400,1.000000,1.000000,0.500000
Ziegler-Nichols,14.5600,1.000000,1.000000,0.500000
Ziegler-Nichols,14.5800,1.000000,1.000000,0.500000
Ziegler-Nichols,14.6000,1.000000,1.000000,0.499999
Ziegler-Nichols,14.6200,1.000000,1.000000,0.500000
Ziegler-Nichols,14.6400,1.000000,1.000000,0.500000
Ziegler-Nichols,14.6600,1.000000,1.000000,0.500000
Ziegler-Nichols,14.6800,1.000000,1.000000,0.500000
Ziegler-Nichols,14.7000,1.000000,1.000000,0.500000
Ziegler-Nichols,14.7200,1.000000,1.000000,0.500000
Ziegler-Nichols,14.7400,1.000000,1.000000,0.500000
Ziegler-Nichols,14.7600,1.000000,1.000000,0.500000
Ziegler-Nichols,14.7800,1.000000,1.000000,0.500000
Ziegler-Nichols,14.8000,1.000000,1.000000,0.500000
Ziegler-Nichols,14.8200,1.000000,1.000000,0.500000
Ziegler-Nichols,14.8400,1.000000,1.000000,0.500000
Ziegler-Nichols,14.8600,1.000000,1.000000,0.500000
Ziegler-Nichols,14.8800,1.000000,1.000000,0.500000
Ziegler-Nichols,14.9000,1.000000,1.000000,0.500000
Ziegler-Nichols,14.9200,1.000000,1.000000,0.500000
Ziegler-Nichols,14.9400,1.000000,1.000000,0.500000
Ziegler-Nichols,14.9600,1.000000,1.000000,0.500000
Ziegler-Nichols,14.9800,1.000000,1.000000,0.500000
Ziegler-Nichols,15.0000,1.000000,1.000000,0.500000
Ziegler-Nichols,15.0200,1.000000,1.000000,0.500000
Ziegler-Nichols,15.0400,1.000000,1.000000,0.500000
Ziegler-Nichols,15.0600,1.000000,1.000000,0.500000
Ziegler-Nichols,15.0800,1.000000,1.000000,0.500000
Ziegler-Nichols,15.1000,1.000000,1.000000,0.500000
Ziegler-Nichols,15.1200,1.000000,1.000000,0.500000
Ziegler-Nichols,15.1400,1.000000,1.000000,0.500000
Ziegler-Nichols,15.1600,1.000000,1.000000,0.500000
Ziegler-Nichols,15.1800,1.000000,1.000000,0.500000
Ziegler-Nichols,15.2000,1.000000,1.000000,0.500000
Ziegler-Nichols,15.2200,1.000000,1.000000,0.500000
Ziegler-Nichols,15.2400,1.000000,1.000000,0.500000
Ziegler-Nichols,15.2600,1.000000,1.000000,0.500000
Ziegler-Nichols,15.2800,1.000000,1.000000,0.500000
Ziegler-Nichols,15.3000,1.000000,1.000000,0.500000
Ziegler-Nichols,15.3200,1.000000,1.000000,0.500000
Ziegler-Nichols,15.3400,1.000000,1.000000,0.500000
Ziegler-Nichols,15.3600,1.000000,1.000000,0.500000
Ziegler-Nichols,15.3800,1.000000,1.000000,0.500000
Ziegler-Nichols,15.4000,1.000000,1.000000,0.500000
Ziegler-Nichols,15.4200,1.000000,1.000000,0.500000
Ziegler-Nichols,15.4400,1.000000,1.000000,0.500000
Ziegler-Nichols,15.4600,1.000000,1.000000,0.500000
Ziegler-Nichols,15.4800,1.000000,1.000000,0.500000
Ziegler-Nichols,15.5000,1.000000,1.000000,0.500000
Ziegler-Nichols,15.5200,1.000000,1.000000,0.500000
Ziegler-Nichols,15.5400,1.000000,1.000000,0.500000
Ziegler-Nichols,15.5600,1.000000,1.000000,0.500000
Ziegler-Nichols,15.5800,1.000000,1.000000,0.500000
Ziegler-Nichols,15.6000,1.000000,1.000000,0.500000
Ziegler-Nichols,15.6200,1.000000,1.000000,0.500000
Ziegler-Nichols,15.6400,1.000000,1.000000,0.500000
Ziegler-Nichols,15.6600,1.000000,1.000000,0.500000
Ziegler-Nichols,15.6800,1.000000,1.000000,0.500000
Ziegler-Nichols,15.7000,1.000000,1.000000,0.500000
Ziegler-Nichols,15.7200,1.000000,1.000000,0.500000
Ziegler-Nichols,15.7400,1.000000,1.000000,0.500000
Ziegler-Nichols,15.7600,1.000000,1.000000,0.500000
Ziegler-Nichols,15.7800,1.000000,1.000000,0.500000
Ziegler-Nichols,15.8000,1.000000,1.000000,0.500000
Ziegler-Nichols,15.8200,1.000000,1.000000,0.500000
Ziegler-Nichols,15.8400,1.000000,1.000000,0.500000
Ziegler-Nichols,15.8600,1.000000,1.000000,0.499999
Ziegler-Nichols,15.8800,1.000000,1.000000,0.500000
Ziegler-Nichols,15.9000,1.000000,1.000000,0.500000
Ziegler-Nichols,15.9200,1.000000,1.000000,0.500000
Ziegler-Nichols,15.9400,1.000000,1.000000,0.500000
Ziegler-Nichols,15.9600,1.000000,1.000000,0.500000
Ziegler-Nichols,15.9800,1.000000,1.000000,0.500000
Ziegler-Nichols,16.0000,1.000000,1.000000,0.500000
Ziegler-Nichols,16.0200,1.000000,1.000000,0.500000
Ziegler-Nichols,16.0400,1.000000,1.000000,0.500000
Ziegler-Nichols,16.0600,1.000000,1.000000,0.500000
Ziegler-Nichols,16.0800,1.000000,1.000000,0.500000
Ziegler-Nichols,16.1000,1.000000,1.000000,0.500000
Ziegler-Nichols,16.1200,1.000000,1.000000,0.500000
Ziegler-Nichols,16.1400,1.000000,1.000000,0.500000
Ziegler-Nichols,16.1600,1.000000,1.000000,0.500000
Ziegler-Nichols,16.1800,1.000000,1.000000,0.500000
Ziegler-Nichols,16.2000,1.000000,1.000000,0.500000
Ziegler-Nichols,16.2200,1.000000,1.000000,0.500000
Ziegler-Nichols,16.2400,1.000000,1.000000,0.500000
Ziegler-Nichols,16.2600,1.000000,1.000000,0.500000
Ziegler-Nichols,16.2800,1.000000,1.000000,0.500000
Ziegler-Nichols,16.3000,1.000000,1.000000,0.500000
Ziegler-Nichols,16.3200,1.000000,1.000000,0.500000
Ziegler-Nichols,16.3400,1.000000,1.000000,0.500000
Ziegler-Nichols,16.3600,1.000000,1.000000,0.500000
Ziegler-Nichols,16.3800,1.000000,1.000000,0.500000
Ziegler-Nichols,16.4000,1.000000,1.000000,0.500000
Ziegler-Nichols,16.4200,1.000000,1.000000,0.500000
Ziegler-Nichols,16.4400,1.000000,1.000000,0.500000
Ziegler-Nichols,16.4600,1.000000,1.000000,0.500000
Ziegler-Nichols,16.4800,1.000000,1.000000,0.500000
Ziegler-Nichols,16.5000,1.000000,1.000000,0.500000
Ziegler-Nichols,16.5200,1.000000,1.000000,0.500000
Ziegler-Nichols,16.5400,1.000000,1.000000,0.500000
Ziegler-Nichols,16.5600,1.000000,1.000000,0.500000
Ziegler-Nichols,16.5800,1.000000,1.000000,0.500000
Ziegler-Nichols,16.6000,1.000000,1.000000,0.500000
Ziegler-Nichols,16.6200,1.000000,1.000000,0.500000
Ziegler-Nichols,16.6400,1.000000,1.000000,0.500000
Ziegler-Nichols,16.6600,1.000000,1.000000,0.500000
Ziegler-Nichols,16.6800,1.000000,1.000000,0.500000
Ziegler-Nichols,16.7000,1.000000,1.000000,0.500000
Ziegler-Nichols,16.7200,1.000000,1.000000,0.500000
Ziegler-Nichols,16.7400,1.000000,1.000000,0.500000
Ziegler-Nichols,16.7600,1.000000,1.000000,0.500000
Ziegler-Nichols,16.7800,1.000000,1.000000,0.500000
Ziegler-Nichols,16.8000,1.000000,1.000000,0.500000
Ziegler-Nichols,16.8200,1.000000,1.000000,0.500000
Ziegler-Nichols,16.8400,1.000000,1.000000,0.500000
Ziegler-Nichols,16.8600,1.000000,1.000000,0.500000
Ziegler-Nichols,16.8800,1.000000,1.000000,0.500000
Ziegler-Nichols,16.9000,1.000000,1.000000,0.500000
Ziegler-Nichols,16.9200,1.000000,1.000000,0.500000
Ziegler-Nichols,16.9400,1.000000,1.000000,0.500000
Ziegler-Nichols,16.9600,1.000000,1.000000,0.500000
Ziegler-Nichols,16.9800,1.000000,1.000000,0.500000
Ziegler-Nichols,17.0000,1.000000,1.000000,0.500000
Ziegler-Nichols,17.0200,1.000000,1.000000,0.500000
Ziegler-Nichols,17.0400,1.000000,1.000000,0.500000
Ziegler-Nichols,17.0600,1.000000,1.000000,0.500000
Ziegler-Nichols,17.0800,1.000000,1.000000,0.500000
Ziegler-Nichols,17.1000,1.000000,1.000000,0.499999
Ziegler-Nichols,17.1200,1.000000,1.000000,0.500000
Ziegler-Nichols,17.1400,1.000000,1.000000,0.500000
Ziegler-Nichols,17.1600,1.000000,1.000000,0.500000
Ziegler-Nichols,17.1800,1.000000,1.000000,0.500000
Ziegler-Nichols,17.2000,1.000000,1.000000,0.500000
Ziegler-Nichols,17.2200,1.000000,1.000000,0.500000
Ziegler-Nichols,17.2400,1.000000,1.000000,0.500000
Ziegler-Nichols,17.2600,1.000000,1.000000,0.500000
Ziegler-Nichols,17.2800,1.000000,1.000000,0.500000
Ziegler-Nichols,17.3000,1.000000,1.000000,0.500000
Ziegler-Nichols,17.3200,1.000000,1.000000,0.500000
Ziegler-Nichols,17.3400,1.000000,1.000000,0.500000
Ziegler-Nichols,17.3600,1.000000,1.000000,0.500000
Ziegler-Nichols,17.3800,1.000000,1.000000,0.500000
Ziegler-Nichols,17.4000,1.000000,1.000000,0.500000
Ziegler-Nichols,17.4200,1.000000,1.000000,0.500000
Ziegler-Nichols,17.4400,1.000000,1.000000,0.500000
Ziegler-Nichols,17.4600,1.000000,1.000000,0.500000
Ziegler-Nichols,17.4800,1.000000,1.000000,0.500000
Ziegler-Nichols,17.5000,1.000000,1.000000,0.500000
Ziegler-Nichols,17.5200,1.000000,1.000000,0.500000
Ziegler-Nichols,17.5400,1.000000,1.000000,0.500000
Ziegler-Nichols,17.5600,1.000000,1.000000,0.500000
Ziegler-Nichols,17.5800,1.000000,1.000000,0.500000
Ziegler-Nichols,17.6000,1.000000,1.000000,0.500000
Ziegler-Nichols,17.6200,1.000000,1.000000,0.500000
Ziegler-Nichols,17.6400,1.000000,1.000000,0.500000
Ziegler-Nichols,17.6600,1.000000,1.000000,0.500000
Ziegler-Nichols,17.6800,1.000000,1.000000,0.500000
Ziegler-Nichols,17.7000,1.000000,1.000000,0.500000
Ziegler-Nichols,17.7200,1.000000,1.000000,0.500000
Ziegler-Nichols,17.7400,1.000000,1.000000,0.500000
Ziegler-Nichols,17.7600,1.000000,1.000000,0.500000
Ziegler-Nichols,17.7800,1.000000,1.000000,0.500000
Ziegler-Nichols,17.8000,1.000000,1.000000,0.500000
Ziegler-Nichols,17.8200,1.000000,1.000000,0.500000
Ziegler-Nichols,17.8400,1.000000,1.000000,0.500000
Ziegler-Nichols,17.8600,1.000000,1.000000,0.500000
Ziegler-Nichols,17.8800,1.000000,1.000000,0.500000
Ziegler-Nichols,17.9000,1.000000,1.000000,0.500000
Ziegler-Nichols,17.9200,1.000000,1.000000,0.500000
Ziegler-Nichols,17.9400,1.000000,1.000000,0.500000
Ziegler-Nichols,17.9600,1.000000,1.000000,0.500000
Ziegler-Nichols,17.9800,1.000000,1.000000,0.500000
Ziegler-Nichols,18.0000,1.000000,1.000000,0.500000
Ziegler-Nichols,18.0200,1.000000,1.000000,0.500000
Ziegler-Nichols,18.0400,1.000000,1.000000,0.500000
Ziegler-Nichols,18.0600,1.000000,1.000000,0.500000
Ziegler-Nichols,18.0800,1.000000,1.000000,0.500000
Ziegler-Nichols,18.1000,1.000000,1.000000,0.500000
Ziegler-Nichols,18.1200,1.000000,1.000000,0.500000
Ziegler-Nichols,18.1400,1.000000,1.000000,0.500000
Ziegler-Nichols,18.1600,1.000000,1.000000,0.500000
Ziegler-Nichols,18.1800,1.000000,1.000000,0.500000
Ziegler-Nichols,18.2000,1.000000,1.000000,0.500000
Ziegler-Nichols,18.2200,1.000000,1.000000,0.500000
Ziegler-Nichols,18.2400,1.000000,1.000000,0.500000
Ziegler-Nichols,18.2600,1.000000,1.000000,0.500000
Ziegler-Nichols,18.2800,1.000000,1.000000,0.500000
Ziegler-Nichols,18.3000,1.000000,1.000000,0.500000
Ziegler-Nichols,18.3200,1.000000,1.000000,0.500000
Ziegler-Nichols,18.3400,1.000000,1.000000,0.500000
Ziegler-Nichols,18.3600,1.000000,1.000000,0.499999
Ziegler-Nichols,18.3800,1.000000,1.000000,0.500000
Ziegler-Nichols,18.4000,1.000000,1.000000,0.500000
Ziegler-Nichols,18.4200,1.000000,1.000000,0.500000
Ziegler-Nichols,18.4400,1.000000,1.000000,0.500000
Ziegler-Nichols,18.4600,1.000000,1.000000,0.500000
Ziegler-Nichols,18.4800,1.000000,1.000000,0.500000
Ziegler-Nichols,18.5000,1.000000,1.000000,0.500000
Ziegler-Nichols,18.5200,1.000000,1.000000,0.500000
Ziegler-Nichols,18.5400,1.000000,1.000000,0.500000
Ziegler-Nichols,18.5600,1.000000,1.000000,0.500000
Ziegler-Nichols,18.5800,1.000000,1.000000,0.500000
Ziegler-Nichols,18.6000,1.000000,1.000000,0.500000
Ziegler-Nichols,18.6200,1.000000,1.000000,0.500000
Ziegler-Nichols,18.6400,1.000000,1.000000,0.500000
Ziegler-Nichols,18.6600,1.000000,1.000000,0.500000
Ziegler-Nichols,18.6800,1.000000,1.000000,0.500000
Ziegler-Nichols,18.7000,1.000000,1.000000,0.500000
Ziegler-Nichols,18.7200,1.000000,1.000000,0.500000
Ziegler-Nichols,18.7400,1.000000,1.000000,0.500000
Ziegler-Nichols,18.7600,1.000000,1.000000,0.500000
Ziegler-Nichols,18.7800,1.000000,1.000000,0.500000
Ziegler-Nichols,18.8000,1.000000,1.000000,0.500000
Ziegler-Nichols,18.8200,1.000000,1.000000,0.500000
Ziegler-Nichols,18.8400,1.000000,1.000000,0.500000
Ziegler-Nichols,18.8600,1.000000,1.000000,0.500000
Ziegler-Nichols,18.8800,1.000000,1.000000,0.500000
Ziegler-Nichols,18.9000,1.000000,1.000000,0.500000
Ziegler-Nichols,18.9200,1.000000,1.000000,0.500000
Ziegler-Nichols,18.9400,1.000000,1.000000,0.500000
Ziegler-Nichols,18.9600,1.000000,1.000000,0.500000
Ziegler-Nichols,18.9800,1.000000,1.000000,0.500000
Ziegler-Nichols,19.0000,1.000000,1.000000,0.500000
Ziegler-Nichols,19.0200,1.000000,1.000000,0.500000
Ziegler-Nichols,19.0400,1.000000,1.000000,0.500000
Ziegler-Nichols,19.0600,1.000000,1.000000,0.500000
Ziegler-Nichols,19.0800,1.000000,1.000000,0.500000
Ziegler-Nichols,19.1000,1.000000,1.000000,0.500000
Ziegler-Nichols,19.1200,1.000000,1.000000,0.500000
Ziegler-Nichols,19.1400,1.000000,1.000000,0.500000
Ziegler-Nichols,19.1600,1.000000,1.000000,0.500000
Ziegler-Nichols,19.1800,1.000000,1.000000,0.500000
Ziegler-Nichols,19.2000,1.000000,1.000000,0.500000
Ziegler-Nichols,19.2200,1.000000,1.000000,0.500000
Ziegler-Nichols,19.2400,1.000000,1.000000,0.500000
Ziegler-Nichols,19.2600,1.000000,1.000000,0.500000
Ziegler-Nichols,19.2800,1.000000,1.000000,0.500000
Ziegler-Nichols,19.3000,1.000000,1.000000,0.500000
Ziegler-Nichols,19.3200,1.000000,1.000000,0.500000
Ziegler-Nichols,19.3400,1.000000,1.000000,0.500000
Ziegler-Nichols,19.3600,1.000000,1.000000,0.500000
Ziegler-Nichols,19.3800,1.000000,1.000000,0.500000
Ziegler-Nichols,19.4000,1.000000,1.000000,0.500000
Ziegler-Nichols,19.4200,1.000000,1.000000,0.500000
Ziegler-Nichols,19.4400,1.000000,1.000000,0.500000
Ziegler-Nichols,19.4600,1.000000,1.000000,0.500000
Ziegler-Nichols,19.4800,1.000000,1.000000,0.500000
Ziegler-Nichols,19.5000,1.000000,1.000000,0.500000
Ziegler-Nichols,19.5200,1.000000,1.000000,0.500000
Ziegler-Nichols,19.5400,1.000000,1.000000,0.500000
Ziegler-Nichols,19.5600,1.000000,1.000000,0.500000
Ziegler-Nichols,19.5800,1.000000,1.000000,0.500000
Ziegler-Nichols,19.6000,1.000000,1.000000,0.499999
Ziegler-Nichols,19.6200,1.000000,1.000000,0.500000
Ziegler-Nichols,19.6400,1.000000,1.000000,0.500000
Ziegler-Nichols,19.6600,1.000000,1.000000,0.500000
Ziegler-Nichols,19.6800,1.000000,1.000000,0.500000
Ziegler-Nichols,19.7000,1.000000,1.000000,0.500000
Ziegler-Nichols,19.7200,1.000000,1.000000,0.500000
Ziegler-Nichols,19.7400,1.000000,1.000000,0.500000
Ziegler-Nichols,19.7600,1.000000,1.000000,0.500000
Ziegler-Nichols,19.7800,1.000000,1.000000,0.500000
Ziegler-Nichols,19.8000,1.000000,1.000000,0.500000
Ziegler-Nichols,19.8200,1.000000,1.000000,0.500000
Ziegler-Nichols,19.8400,1.000000,1.000000,0.500000
Ziegler-Nichols,19.8600,1.000000,1.000000,0.500000
Ziegler-Nichols,19.8800,1.000000,1.000000,0.500000
Ziegler-Nichols,19.9000,1.000000,1.000000,0.500000
Ziegler-Nichols,19.9200,1.000000,1.000000,0.500000
Ziegler-Nichols,19.9400,1.000000,1.000000,0.500000
Ziegler-Nichols,19.9600,1.000000,1.000000,0.500000
Ziegler-Nichols,19.9800,1.000000,1.000000,0.500000
Ziegler-Nichols,20.0000,1.000000,1.000000,0.500000
Ziegler-Nichols,20.0200,1.000000,1.000000,0.500000
Ziegler-Nichols,20.0400,1.000000,1.000000,0.500000
Ziegler-Nichols,20.0600,1.000000,1.000000,0.500000
Ziegler-Nichols,20.0800,1.000000,1.000000,0.500000
Ziegler-Nichols,20.1000,1.000000,1.000000,0.500000
Ziegler-Nichols,20.1200,1.000000,1.000000,0.500000
Ziegler-Nichols,20.1400,1.000000,1.000000,0.500000
Ziegler-Nichols,20.1600,1.000000,1.000000,0.500000
Ziegler-Nichols,20.1800,1.000000,1.000000,0.500000
Ziegler-Nichols,20.2000,1.000000,1.000000,0.500000
Ziegler-Nichols,20.2200,1.000000,1.000000,0.500000
Ziegler-Nichols,20.2400,1.000000,1.000000,0.500000
Ziegler-Nichols,20.2600,1.000000,1.000000,0.500000
Ziegler-Nichols,20.2800,1.000000,1.000000,0.500000
Ziegler-Nichols,20.3000,1.000000,1.000000,0.500000
Ziegler-Nichols,20.3200,1.000000,1.000000,0.500000
Ziegler-Nichols,20.3400,1.000000,1.000000,0.500000
Ziegler-Nichols,20.3600,1.000000,1.000000,0.500000
Ziegler-Nichols,20.3800,1.000000,1.000000,0.500000
Ziegler-Nichols,20.4000,1.000000,1.000000,0.500000
Ziegler-Nichols,20.4200,1.000000,1.000000,0.500000
Ziegler-Nichols,20.4400,1.000000,1.000000,0.500000
Ziegler-Nichols,20.4600,1.000000,1.000000,0.500000
Ziegler-Nichols,20.4800,1.000000,1.000000,0.500000
Ziegler-Nichols,20.5000,1.000000,1.000000,0.500000
Ziegler-Nichols,20.5200,1.000000,1.000000,0.500000
Ziegler-Nichols,20.5400,1.000000,1.000000,0.500000
Ziegler-Nichols,20.5600,1.000000,1.000000,0.500000
Ziegler-Nichols,20.5800,1.000000,1.000000,0.500000
Ziegler-Nichols,20.6000,1.000000,1.000000,0.500000
Ziegler-Nichols,20.6200,1.000000,1.000000,0.500000
Ziegler-Nichols,20.6400,1.000000,1.000000,0.500000
Ziegler-Nichols,20.6600,1.000000,1.000000,0.500000
Ziegler-Nichols,20.6800,1.000000,1.000000,0.500000
Ziegler-Nichols,20.7000,1.000000,1.000000,0.500000
Ziegler-Nichols,20.7200,1.000000,1.000000,0.500000
Ziegler-Nichols,20.7400,1.000000,1.000000,0.500000
Ziegler-Nichols,20.7600,1.000000,1.000000,0.500000
Ziegler-Nichols,20.7800,1.000000,1.000000,0.500000
Ziegler-Nichols,20.8000,1.000000,1.000000,0.500000
Ziegler-Nichols,20.8200,1.000000,1.000000,0.500000
Ziegler-Nichols,20.8400,1.000000,1.000000,0.500000
Ziegler-Nichols,20.8600,1.000000,1.000000,0.499999
Ziegler-Nichols,20.8800,1.000000,1.000000,0.500000
Ziegler-Nichols,20.9000,1.000000,1.000000,0.500000
Ziegler-Nichols,20.9200,1.000000,1.000000,0.500000
Ziegler-Nichols,20.9400,1.000000,1.000000,0.500000
Ziegler-Nichols,20.9600,1.000000,1.000000,0.500000
Ziegler-Nichols,20.9800,1.000000,1.000000,0.500000
Ziegler-Nichols,21.0000,1.000000,1.000000,0.500000
Ziegler-Nichols,21.0200,1.000000,1.000000,0.500000
Ziegler-Nichols,21.0400,1.000000,1.000000,0.500000
Ziegler-Nichols,21.0600,1.000000,1.000000,0.500000
Ziegler-Nichols,21.0800,1.000000,1.000000,0.500000
Ziegler-Nichols,21.1000,1.000000,1.000000,0.500000
Ziegler-Nichols,21.1200,1.000000,1.000000,0.500000
Ziegler-Nichols,21.1400,1.000000,1.000000,0.500000
Ziegler-Nichols,21.1600,1.000000,1.000000,0.500000
Ziegler-Nichols,21.1800,1.000000,1.000000,0.500000
Ziegler-Nichols,21.2000,1.000000,1.000000,0.500000
Ziegler-Nichols,21.2200,1.000000,1.000000,0.500000
Ziegler-Nichols,21.2400,1.000000,1.000000,0.500000
Ziegler-Nichols,21.2600,1.000000,1.000000,0.500000
Ziegler-Nichols,21.2800,1.000000,1.000000,0.500000
Ziegler-Nichols,21.3000,1.000000,1.000000,0.500000
Ziegler-Nichols,21.3200,1.000000,1.000000,0.500000
Ziegler-Nichols,21.3400,1.000000,1.000000,0.500000
Ziegler-Nichols,21.3600,1.000000,1.000000,0.500000
Ziegler-Nichols,21.3800,1.000000,1.000000,0.500000
Ziegler-Nichols,21.4000,1.000000,1.000000,0.500000
Ziegler-Nichols,21.4200,1.000000,1.000000,0.500000
Ziegler-Nichols,21.4400,1.000000,1.000000,0.500000
Ziegler-Nichols,21.4600,1.000000,1.000000,0.500000
Ziegler-Nichols,21.4800,1.000000,1.000000,0.500000
Ziegler-Nichols,21.5000,1.000000,1.000000,0.500000
Ziegler-Nichols,21.5200,1.000000,1.000000,0.500000
Ziegler-Nichols,21.5400,1.000000,1.000000,0.500000
Ziegler-Nichols,21.5600,1.000000,1.000000,0.500000
Ziegler-Nichols,21.5800,1.000000,1.000000,0.500000
Ziegler-Nichols,21.6000,1.000000,1.000000,0.500000
Ziegler-Nichols,21.6200,1.000000,1.000000,0.500000
Ziegler-Nichols,21.6400,1.000000,1.000000,0.500000
Ziegler-Nichols,21.6600,1.000000,1.000000,0.500000
Ziegler-Nichols,21.6800,1.000000,1.000000,0.500000
Ziegler-Nichols,21.7000,1.000000,1.000000,0.500000
Ziegler-Nichols,21.7200,1.000000,1.000000,0.500000
Ziegler-Nichols,21.7400,1.000000,1.000000,0.500000
Ziegler-Nichols,21.7600,1.000000,1.000000,0.500000
Ziegler-Nichols,21.7800,1.000000,1.000000,0.500000
Ziegler-Nichols,21.8000,1.000000,1.000000,0.500000
Ziegler-Nichols,21.8200,1.000000,1.000000,0.500000
Ziegler-Nichols,21.8400,1.000000,1.000000,0.500000
Ziegler-Nichols,21.8600,1.000000,1.000000,0.500000
Ziegler-Nichols,21.8800,1.000000,1.000000,0.500000
Ziegler-Nichols,21.9000,1.000000,1.000000,0.500000
Ziegler-Nichols,21.9200,1.000000,1.000000,0.500000
Ziegler-Nichols,21.9400,1.000000,1.000000,0.500000
Ziegler-Nichols,21.9600,1.000000,1.000000,0.500000
Ziegler-Nichols,21.9800,1.000000,1.000000,0.500000
Ziegler-Nichols,22.0000,1.000000,1.000000,0.500000
Ziegler-Nichols,22.0200,1.000000,1.000000,0.500000
Ziegler-Nichols,22.0400,1.000000,1.000000,0.500000
Ziegler-Nichols,22.0600,1.000000,1.000000,0.500000
Ziegler-Nichols,22.0800,1.000000,1.000000,0.500000
Ziegler-Nichols,22.1000,1.000000,1.000000,0.499999
Ziegler-Nichols,22.1200,1.000000,1.000000,0.500000
Ziegler-Nichols,22.1400,1.000000,1.000000,0.500000
Ziegler-Nichols,22.1600,1.000000,1.000000,0.500000
Ziegler-Nichols,22.1800,1.000000,1.000000,0.500000
Ziegler-Nichols,22.2000,1.000000,1.000000,0.500000
Ziegler-Nichols,22.2200,1.000000,1.000000,0.500000
Ziegler-Nichols,22.2400,1.000000,1.000000,0.500000
Ziegler-Nichols,22.2600,1.000000,1.000000,0.500000
Ziegler-Nichols,22.2800,1.000000,1.000000,0.500000
Ziegler-Nichols,22.3000,1.000000,1.000000,0.500000
Ziegler-Nichols,22.3200,1.000000,1.000000,0.500000
Ziegler-Nichols,22.3400,1.000000,1.000000,0.500000
Ziegler-Nichols,22.3600,1.000000,1.000000,0.500000
Ziegler-Nichols,22.3800,1.000000,1.000000,0.500000
Ziegler-Nichols,22.4000,1.000000,1.000000,0.500000
Ziegler-Nichols,22.4200,1.000000,1.000000,0.500000
Ziegler-Nichols,22.4400,1.000000,1.000000,0.500000
Ziegler-Nichols,22.4600,1.000000,1.000000,0.500000
Ziegler-Nichols,22.4800,1.000000,1.000000,0.500000
Ziegler-Nichols,22.5000,1.000000,1.000000,0.500000
Ziegler-Nichols,22.5200,1.000000,1.000000,0.500000
Ziegler-Nichols,22.5400,1.000000,1.000000,0.500000
Ziegler-Nichols,22.5600,1.000000,1.000000,0.500000
Ziegler-Nichols,22.5800,1.000000,1.000000,0.500000
Ziegler-Nichols,22.6000,1.000000,1.000000,0.500000
Ziegler-Nichols,22.6200,1.000000,1.000000,0.500000
Ziegler-Nichols,22.6400,1.000000,1.000000,0.500000
Ziegler-Nichols,22.6600,1.000000,1.000000,0.500000
Ziegler-Nichols,22.6800,1.000000,1.000000,0.500000
Ziegler-Nichols,22.7000,1.000000,1.000000,0.500000
Ziegler-Nichols,22.7200,1.000000,1.000000,0.500000
Ziegler-Nichols,22.7400,1.000000,1.000000,0.500000
Ziegler-Nichols,22.7600,1.000000,1.000000,0.500000
Ziegler-Nichols,22.7800,1.000000,1.000000,0.500000
Ziegler-Nichols,22.8000,1.000000,1.000000,0.500000
Ziegler-Nichols,22.8200,1.000000,1.000000,0.500000
Ziegler-Nichols,22.8400,1.000000,1.000000,0.500000
Ziegler-Nichols,22.8600,1.000000,1.000000,0.500000
Ziegler-Nichols,22.8800,1.000000,1.000000,0.500000
Ziegler-Nichols,22.9000,1.000000,1.000000,0.500000
Ziegler-Nichols,22.9200,1.000000,1.000000,0.500000
Ziegler-Nichols,22.9400,1.000000,1.000000,0.500000
Ziegler-Nichols,22.9600,1.000000,1.000000,0.500000
Ziegler-Nichols,22.9800,1.000000,1.000000,0.500000
Ziegler-Nichols,23.0000,1.000000,1.000000,0.500000
Ziegler-Nichols,23.0200,1.000000,1.000000,0.500000
Ziegler-Nichols,23.0400,1.000000,1.000000,0.500000
Ziegler-Nichols,23.0600,1.000000,1.000000,0.500000
Ziegler-Nichols,23.0800,1.000000,1.000000,0.500000
Ziegler-Nichols,23.1000,1.000000,1.000000,0.500000
Ziegler-Nichols,23.1200,1.000000,1.000000,0.500000
Ziegler-Nichols,23.1400,1.000000,1.000000,0.500000
Ziegler-Nichols,23.1600,1.000000,1.000000,0.500000
Ziegler-Nichols,23.1800,1.000000,1.000000,0.500000
Ziegler-Nichols,23.2000,1.000000,1.000000,0.500000
Ziegler-Nichols,23.2200,1.000000,1.000000,0.500000
Ziegler-Nichols,23.2400,1.000000,1.000000,0.500000
Ziegler-Nichols,23.2600,1.000000,1.000000,0.500000
Ziegler-Nichols,23.2800,1.000000,1.000000,0.500000
Ziegler-Nichols,23.3000,1.000000,1.000000,0.500000
Ziegler-Nichols,23.3200,1.000000,1.000000,0.500000
Ziegler-Nichols,23.3400,1.000000,1.000000,0.500000
Ziegler-Nichols,23.3600,1.000000,1.000000,0.499999
Ziegler-Nichols,23.3800,1.000000,1.000000,0.500000
Ziegler-Nichols,23.4000,1.000000,1.000000,0.500000
Ziegler-Nichols,23.4200,1.000000,1.000000,0.500000
Ziegler-Nichols,23.4400,1.000000,1.000000,0.500000
Ziegler-Nichols,23.4600,1.000000,1.000000,0.500000
Ziegler-Nichols,23.4800,1.000000,1.000000,0.500000
Ziegler-Nichols,23.5000,1.000000,1.000000,0.500000
Ziegler-Nichols,23.5200,1.000000,1.000000,0.500000
Ziegler-Nichols,23.5400,1.000000,1.000000,0.500000
Ziegler-Nichols,23.5600,1.000000,1.000000,0.500000
Ziegler-Nichols,23.5800,1.000000,1.000000,0.500000
Ziegler-Nichols,23.6000,1.000000,1.000000,0.500000
Ziegler-Nichols,23.6200,1.000000,1.000000,0.500000
Ziegler-Nichols,23.6400,1.000000,1.000000,0.500000
Ziegler-Nichols,23.6600,1.000000,1.000000,0.500000
Ziegler-Nichols,23.6800,1.000000,1.000000,0.500000
Ziegler-Nichols,23.7000,1.000000,1.000000,0.500000
Ziegler-Nichols,23.7200,1.000000,1.000000,0.500000
Ziegler-Nichols,23.7400,1.000000,1.000000,0.500000
Ziegler-Nichols,23.7600,1.000000,1.000000,0.500000
Ziegler-Nichols,23.7800,1.000000,1.000000,0.500000
Ziegler-Nichols,23.8000,1.000000,1.000000,0.500000
Ziegler-Nichols,23.8200,1.000000,1.000000,0.500000
Ziegler-Nichols,23.8400,1.000000,1.000000,0.500000
Ziegler-Nichols,23.8600,1.000000,1.000000,0.500000
Ziegler-Nichols,23.8800,1.000000,1.000000,0.500000
Ziegler-Nichols,23.9000,1.000000,1.000000,0.500000
Ziegler-Nichols,23.9200,1.000000,1.000000,0.500000
Ziegler-Nichols,23.9400,1.000000,1.000000,0.500000
Ziegler-Nichols,23.9600,1.000000,1.000000,0.500000
Ziegler-Nichols,23.9800,1.000000,1.000000,0.500000
Ziegler-Nichols,24.0000,1.000000,1.000000,0.500000
Ziegler-Nichols,24.0200,1.000000,1.000000,0.500000
Ziegler-Nichols,24.0400,1.000000,1.000000,0.500000
Ziegler-Nichols,24.0600,1.000000,1.000000,0.500000
Ziegler-Nichols,24.0800,1.000000,1.000000,0.500000
Ziegler-Nichols,24.1000,1.000000,1.000000,0.500000
Ziegler-Nichols,24.1200,1.000000,1.000000,0.500000
Ziegler-Nichols,24.1400,1.000000,1.000000,0.500000
Ziegler-Nichols,24.1600,1.000000,1.000000,0.500000
Ziegler-Nichols,24.1800,1.000000,1.000000,0.500000
Ziegler-Nichols,24.2000,1.000000,1.000000,0.500000
Ziegler-Nichols,24.2200,1.000000,1.000000,0.500000
Ziegler-Nichols,24.2400,1.000000,1.000000,0.500000
Ziegler-Nichols,24.2600,1.000000,1.000000,0.500000
Ziegler-Nichols,24.2800,1.000000,1.000000,0.500000
Ziegler-Nichols,24.3000,1.000000,1.000000,0.500000
Ziegler-Nichols,24.3200,1.000000,1.000000,0.500000
Ziegler-Nichols,24.3400,1.000000,1.000000,0.500000
Ziegler-Nichols,24.3600,1.000000,1.000000,0.500000
Ziegler-Nichols,24.3800,1.000000,1.000000,0.500000
Ziegler-Nichols,24.4000,1.000000,1.000000,0.500000
Ziegler-Nichols,24.4200,1.000000,1.000000,0.500000
Ziegler-Nichols,24.4400,1.000000,1.000000,0.500000
Ziegler-Nichols,24.4600,1.000000,1.000000,0.500000
Ziegler-Nichols,24.4800,1.000000,1.000000,0.500000
Ziegler-Nichols,24.5000,1.000000,1.000000,0.500000
Ziegler-Nichols,24.5200,1.000000,1.000000,0.500000
Ziegler-Nichols,24.5400,1.000000,1.000000,0.500000
Ziegler-Nichols,24.5600,1.000000,1.000000,0.500000
Ziegler-Nichols,24.5800,1.000000,1.000000,0.500000
Ziegler-Nichols,24.6000,1.000000,1.000000,0.499999
Ziegler-Nichols,24.6200,1.000000,1.000000,0.500000
Ziegler-Nichols,24.6400,1.000000,1.000000,0.500000
Ziegler-Nichols,24.6600,1.000000,1.000000,0.500000
Ziegler-Nichols,24.6800,1.000000,1.000000,0.500000
Ziegler-Nichols,24.7000,1.000000,1.000000,0.500000
Ziegler-Nichols,24.7200,1.000000,1.000000,0.500000
Ziegler-Nichols,24.7400,1.000000,1.000000,0.500000
Ziegler-Nichols,24.7600,1.000000,1.000000,0.500000
Ziegler-Nichols,24.7800,1.000000,1.000000,0.500000
Ziegler-Nichols,24.8000,1.000000,1.000000,0.500000
Ziegler-Nichols,24.8200,1.000000,1.000000,0.500000
Ziegler-Nichols,24.8400,1.000000,1.000000,0.500000
Ziegler-Nichols,24.8600,1.000000,1.000000,0.500000
Ziegler-Nichols,24.8800,1.000000,1.000000,0.500000
Ziegler-Nichols,24.9000,1.000000,1.000000,0.500000
Ziegler-Nichols,24.9200,1.000000,1.000000,0.500000
Ziegler-Nichols,24.9400,1.000000,1.000000,0.500000
Ziegler-Nichols,24.9600,1.000000,1.000000,0.500000
Ziegler-Nichols,24.9800,1.000000,1.000000,0.500000
Tyreus-Luyben,0.0000,1.000000,0.000000,1.330853
Tyreus-Luyben,0.0200,1.000000,0.000000,1.341983
Tyreus-Luyben,0.0400,1.000000,0.000000,1.353113
Tyreus-Luyben,0.0600,1.000000,0.000000,1.364244
Tyreus-Luyben,0.0800,1.000000,0.000000,1.375374
Tyreus-Luyben,0.1000,1.000000,0.000000,1.386505
Tyreus-Luyben,0.1200,1.000000,0.000000,1.397635
Tyreus-Luyben,0.1400,1.000000,0.000000,1.408766
Tyreus-Luyben,0.1600,1.000000,0.000000,1.419896
Tyreus-Luyben,0.1800,1.000000,0.000000,1.431027
Tyreus-Luyben,0.2000,1.000000,0.000000,1.442157
Tyreus-Luyben,0.2200,1.000000,0.000000,1.453288
Tyreus-Luyben,0.2400,1.000000,0.000000,1.464418
Tyreus-Luyben,0.2600,1.000000,0.000000,1.475549
Tyreus-Luyben,0.2800,1.000000,0.000000,1.486679
Tyreus-Luyben,0.3000,1.000000,0.026484,1.497810
Tyreus-Luyben,0.3200,1.000000,0.078996,1.077676
Tyreus-Luyben,0.3400,1.000000,0.130909,0.878549
Tyreus-Luyben,0.3600,1.000000,0.182235,0.767767
Tyreus-Luyben,0.3800,1.000000,0.232986,0.692321
Tyreus-Luyben,0.4000,1.000000,0.283172,0.631025
Tyreus-Luyben,0.4200,1.000000,0.332805,0.575414
Tyreus-Luyben,0.4400,1.000000,0.381896,0.522100
Tyreus-Luyben,0.4600,1.000000,0.430456,0.469725
Tyreus-Luyben,0.4800,1.000000,0.478495,0.417746
Tyreus-Luyben,0.5000,1.000000,0.526024,0.365940
Tyreus-Luyben,0.5200,1.000000,0.573053,0.314215
Tyreus-Luyben,0.5400,1.000000,0.619591,0.262533
Tyreus-Luyben,0.5600,1.000000,0.665648,0.210874
Tyreus-Luyben,0.5800,1.000000,0.711234,0.159226
Tyreus-Luyben,0.6000,1.000000,0.756358,0.107584
Tyreus-Luyben,0.6200,1.000000,0.787382,0.105614
Tyreus-Luyben,0.6400,1.000000,0.808218,0.190374
Tyreus-Luyben,0.6600,1.000000,0.823581,0.263371
Tyreus-Luyben,0.6800,1.000000,0.835382,0.313970
Tyreus-Luyben,0.7000,1.000000,0.844413,0.349389
Tyreus-Luyben,0.7200,1.000000,0.851020,0.377085
Tyreus-Luyben,0.7400,1.000000,0.855367,0.401857
Tyreus-Luyben,0.7600,1.000000,0.857546,0.426340
Tyreus-Luyben,0.7800,1.000000,0.857621,0.451869
Tyreus-Luyben,0.8000,1.000000,0.855641,0.479079
Tyreus-Luyben,0.8200,1.000000,0.851652,0.508260
Tyreus-Luyben,0.8400,1.000000,0.845694,0.539534
Tyreus-Luyben,0.8600,1.000000,0.837808,0.572947
Tyreus-Luyben,0.8800,1.000000,0.828033,0.608507
Tyreus-Luyben,0.9000,1.000000,0.816406,0.646210
Tyreus-Luyben,0.9200,1.000000,0.803953,0.686043
Tyreus-Luyben,0.9400,1.000000,0.794716,0.698976
Tyreus-Luyben,0.9600,1.000000,0.788749,0.685540
Tyreus-Luyben,0.9800,1.000000,0.785114,0.665059
Tyreus-Luyben,1.0000,1.000000,0.783083,0.646636
Tyreus-Luyben,1.0200,1.000000,0.782249,0.631944
Tyreus-Luyben,1.0400,1.000000,0.782433,0.619844
Tyreus-Luyben,1.0600,1.000000,0.783582,0.608730
Tyreus-Luyben,1.0800,1.000000,0.785706,0.597318
Tyreus-Luyben,1.1000,1.000000,0.788848,0.584744
Tyreus-Luyben,1.1200,1.000000,0.793064,0.570471
Tyreus-Luyben,1.1400,1.000000,0.798414,0.554170
Tyreus-Luyben,1.1600,1.000000,0.804960,0.535636
Tyreus-Luyben,1.1800,1.000000,0.812764,0.514726
Tyreus-Luyben,1.2000,1.000000,0.821885,0.491336
Tyreus-Luyben,1.2200,1.000000,0.832382,0.465377
Tyreus-Luyben,1.2400,1.000000,0.843545,0.438627
Tyreus-Luyben,1.2600,1.000000,0.854161,0.420833
Tyreus-Luyben,1.2800,1.000000,0.863788,0.413033
Tyreus-Luyben,1.3000,1.000000,0.872465,0.410860
Tyreus-Luyben,1.3200,1.000000,0.880352,0.410578
Tyreus-Luyben,1.3400,1.000000,0.887582,0.410434
Tyreus-Luyben,1.3600,1.000000,0.894223,0.410073
Tyreus-Luyben,1.3800,1.000000,0.900286,0.409792
Tyreus-Luyben,1.4000,1.000000,0.905744,0.410062
Tyreus-Luyben,1.4200,1.000000,0.910547,0.411325
Tyreus-Luyben,1.4400,1.000000,0.914629,0.413939
Tyreus-Luyben,1.4600,1.000000,0.917919,0.418183
Tyreus-Luyben,1.4800,1.000000,0.920339,0.424277
Tyreus-Luyben,1.5000,1.000000,0.921810,0.432404
Tyreus-Luyben,1.5200,1.000000,0.922250,0.442724
Tyreus-Luyben,1.5400,1.000000,0.921611,0.455392
Tyreus-Luyben,1.5600,1.000000,0.920175,0.468984
Tyreus-Luyben,1.5800,1.000000,0.918368,0.480352
Tyreus-Luyben,1.6000,1.000000,0.916468,0.488373
Tyreus-Luyben,1.6200,1.000000,0.914582,0.493791
Tyreus-Luyben,1.6400,1.000000,0.912728,0.497799
Tyreus-Luyben,1.6600,1.000000,0.910898,0.501251
Tyreus-Luyben,1.6800,1.000000,0.909092,0.504523
Tyreus-Luyben,1.7000,1.000000,0.907326,0.507652
Tyreus-Luyben,1.7200,1.000000,0.905634,0.510494
Tyreus-Luyben,1.7400,1.000000,0.904065,0.512839
Tyreus-Luyben,1.7600,1.000000,0.902678,0.514470
Tyreus-Luyben,1.7800,1.000000,0.901542,0.515178
Tyreus-Luyben,1.8000,1.000000,0.900729,0.514772
Tyreus-Luyben,1.8200,1.000000,0.900319,0.513068
Tyreus-Luyben,1.8400,1.000000,0.900396,0.509894
Tyreus-Luyben,1.8600,1.000000,0.901008,0.505144
Tyreus-Luyben,1.8800,1.000000,0.902086,0.499451
Tyreus-Luyben,1.9000,1.000000,0.903493,0.493931
Tyreus-Luyben,1.9200,1.000000,0.905110,0.489252
Tyreus-Luyben,1.9400,1.000000,0.906864,0.485454
Tyreus-Luyben,1.9600,1.000000,0.908725,0.482248
Tyreus-Luyben,1.9800,1.000000,0.910679,0.479325
Tyreus-Luyben,2.0000,1.000000,0.912720,0.476486
Tyreus-Luyben,2.0200,1.000000,0.914837,0.473668
Tyreus-Luyben,2.0400,1.000000,0.917010,0.470902
Tyreus-Luyben,2.0600,1.000000,0.919213,0.468282
Tyreus-Luyben,2.0800,1.000000,0.921409,0.465930
Tyreus-Luyben,2.1000,1.000000,0.923557,0.463978
Tyreus-Luyben,2.1200,1.000000,0.925609,0.462567
Tyreus-Luyben,2.1400,1.000000,0.927509,0.461840
Tyreus-Luyben,2.1600,1.000000,0.929198,0.461944
Tyreus-Luyben,2.1800,1.000000,0.930635,0.462958
Tyreus-Luyben,2.2000,1.000000,0.931821,0.464671
Tyreus-Luyben,2.2200,1.000000,0.932789,0.466683
Tyreus-Luyben,2.2400,1.000000,0.933580,0.468672
Tyreus-Luyben,2.2600,1.000000,0.934222,0.470512
Tyreus-Luyben,2.2800,1.000000,0.934735,0.472232
Tyreus-Luyben,2.3000,1.000000,0.935124,0.473920
Tyreus-Luyben,2.3200,1.000000,0.935393,0.475655
Tyreus-Luyben,2.3400,1.000000,0.935547,0.477477
Tyreus-Luyben,2.3600,1.000000,0.935593,0.479383
Tyreus-Luyben,2.3800,1.000000,0.935541,0.481335
Tyreus-Luyben,2.4000,1.000000,0.935409,0.483274
Tyreus-Luyben,2.4200,1.000000,0.935218,0.485123
Tyreus-Luyben,2.4400,1.000000,0.934995,0.486793
Tyreus-Luyben,2.4600,1.000000,0.934771,0.488188
Tyreus-Luyben,2.4800,1.000000,0.934584,0.489204
Tyreus-Luyben,2.5000,1.000000,0.934462,0.489778
Tyreus-Luyben,2.5200,1.000000,0.934420,0.489955
Tyreus-Luyben,2.5400,1.000000,0.934459,0.489863
Tyreus-Luyben,2.5600,1.000000,0.934571,0.489636
Tyreus-Luyben,2.5800,1.000000,0.934750,0.489352
Tyreus-Luyben,2.6000,1.000000,0.934993,0.489030
Tyreus-Luyben,2.6200,1.000000,0.935299,0.488652
Tyreus-Luyben,2.6400,1.000000,0.935670,0.488190
Tyreus-Luyben,2.6600,1.000000,0.936108,0.487621
Tyreus-Luyben,2.6800,1.000000,0.936615,0.486941
Tyreus-Luyben,2.7000,1.000000,0.937188,0.486159
Tyreus-Luyben,2.7200,1.000000,0.937825,0.485300
Tyreus-Luyben,2.7400,1.000000,0.938517,0.484402
Tyreus-Luyben,2.7600,1.000000,0.939254,0.483513
Tyreus-Luyben,2.7800,1.000000,0.940020,0.482688
Tyreus-Luyben,2.8000,1.000000,0.940799,0.481990
Tyreus-Luyben,2.8200,1.000000,0.941572,0.481467
Tyreus-Luyben,2.8400,1.000000,0.942329,0.481123
Tyreus-Luyben,2.8600,1.000000,0.943063,0.480926
Tyreus-Luyben,2.8800,1.000000,0.943772,0.480830
Tyreus-Luyben,2.9000,1.000000,0.944454,0.480801
Tyreus-Luyben,2.9200,1.000000,0.945108,0.480823
Tyreus-Luyben,2.9400,1.000000,0.945732,0.480900
Tyreus-Luyben,2.9600,1.000000,0.946323,0.481044
Tyreus-Luyben,2.9800,1.000000,0.946875,0.481265
Tyreus-Luyben,3.0000,1.000000,0.947387,0.481573
Tyreus-Luyben,3.0200,1.000000,0.947855,0.481968
Tyreus-Luyben,3.0400,1.000000,0.948279,0.482442
Tyreus-Luyben,3.0600,1.000000,0.948659,0.482982
Tyreus-Luyben,3.0800,1.000000,0.948998,0.483566
Tyreus-Luyben,3.1000,1.000000,0.949301,0.484167
Tyreus-Luyben,3.1200,1.000000,0.949576,0.484750
Tyreus-Luyben,3.1400,1.000000,0.949829,0.485287
Tyreus-Luyben,3.1600,1.000000,0.950069,0.485764
Tyreus-Luyben,3.1800,1.000000,0.950299,0.486184
Tyreus-Luyben,3.2000,1.000000,0.950523,0.486557
Tyreus-Luyben,3.2200,1.000000,0.950743,0.486896
Tyreus-Luyben,3.2400,1.000000,0.950961,0.487206
Tyreus-Luyben,3.2600,1.000000,0.951180,0.487487
Tyreus-Luyben,3.2800,1.000000,0.951402,0.487733
Tyreus-Luyben,3.3000,1.000000,0.951632,0.487935
Tyreus-Luyben,3.3200,1.000000,0.951871,0.488086
Tyreus-Luyben,3.3400,1.000000,0.952124,0.488183
Tyreus-Luyben,3.3600,1.000000,0.952393,0.488224
Tyreus-Luyben,3.3800,1.000000,0.952679,0.488213
Tyreus-Luyben,3.4000,1.000000,0.952983,0.488156
Tyreus-Luyben,3.4200,1.000000,0.953304,0.488066
Tyreus-Luyben,3.4400,1.000000,0.953641,0.487956
Tyreus-Luyben,3.4600,1.000000,0.953991,0.487844
Tyreus-Luyben,3.4800,1.000000,0.954350,0.487739
Tyreus-Luyben,3.5000,1.000000,0.954718,0.487643
Tyreus-Luyben,3.5200,1.000000,0.955093,0.487557
Tyreus-Luyben,3.5400,1.000000,0.955472,0.487478
Tyreus-Luyben,3.5600,1.000000,0.955856,0.487405
Tyreus-Luyben,3.5800,1.000000,0.956242,0.487339
Tyreus-Luyben,3.6000,1.000000,0.956629,0.487284
Tyreus-Luyben,3.6200,1.000000,0.957014,0.487244
Tyreus-Luyben,3.6400,1.000000,0.957397,0.487223
Tyreus-Luyben,3.6600,1.000000,0.957774,0.487228
Tyreus-Luyben,3.6800,1.000000,0.958143,0.487260
Tyreus-Luyben,3.7000,1.000000,0.958504,0.487322
Tyreus-Luyben,3.7200,1.000000,0.958854,0.487413
Tyreus-Luyben,3.7400,1.000000,0.959193,0.487527
Tyreus-Luyben,3.7600,1.000000,0.959520,0.487662
Tyreus-Luyben,3.7800,1.000000,0.959837,0.487808
Tyreus-Luyben,3.8000,1.000000,0.960144,0.487962
Tyreus-Luyben,3.8200,1.000000,0.960441,0.488120
Tyreus-Luyben,3.8400,1.000000,0.960729,0.488281
Tyreus-Luyben,3.8600,1.000000,0.961009,0.488445
Tyreus-Luyben,3.8800,1.000000,0.961280,0.488613
Tyreus-Luyben,3.9000,1.000000,0.961544,0.488782
Tyreus-Luyben,3.9200,1.000000,0.961801,0.488953
Tyreus-Luyben,3.9400,1.000000,0.962051,0.489121
Tyreus-Luyben,3.9600,1.000000,0.962297,0.489284
Tyreus-Luyben,3.9800,1.000000,0.962538,0.489438
Tyreus-Luyben,4.0000,1.000000,0.962777,0.489580
Tyreus-Luyben,4.0200,1.000000,0.963015,0.489710
Tyreus-Luyben,4.0400,1.000000,0.963252,0.489824
Tyreus-Luyben,4.0600,1.000000,0.963490,0.489924
Tyreus-Luyben,4.0800,1.000000,0.963728,0.490012
Tyreus-Luyben,4.1000,1.000000,0.963968,0.490089
Tyreus-Luyben,4.1200,1.000000,0.964210,0.490157
Tyreus-Luyben,4.1400,1.000000,0.964453,0.490218
Tyreus-Luyben,4.1600,1.000000,0.964698,0.490272
Tyreus-Luyben,4.1800,1.000000,0.964944,0.490320
Tyreus-Luyben,4.2000,1.000000,0.965192,0.490363
Tyreus-Luyben,4.2200,1.000000,0.965442,0.490399
Tyreus-Luyben,4.2400,1.000000,0.965694,0.490429
Tyreus-Luyben,4.2600,1.000000,0.965947,0.490456
Tyreus-Luyben,4.2800,1.000000,0.966202,0.490482
Tyreus-Luyben,4.3000,1.000000,0.966457,0.490506
Tyreus-Luyben,4.3200,1.000000,0.966713,0.490532
Tyreus-Luyben,4.3400,1.000000,0.966968,0.490560
Tyreus-Luyben,4.3600,1.000000,0.967222,0.490594
Tyreus-Luyben,4.3800,1.000000,0.967474,0.490632
Tyreus-Luyben,4.4000,1.000000,0.967725,0.490675
Tyreus-Luyben,4.4200,1.000000,0.967974,0.490723
Tyreus-Luyben,4.4400,1.000000,0.968220,0.490775
Tyreus-Luyben,4.4600,1.000000,0.968463,0.490830
Tyreus-Luyben,4.4800,1.000000,0.968704,0.490890
Tyreus-Luyben,4.5000,1.000000,0.968942,0.490953
Tyreus-Luyben,4.5200,1.000000,0.969176,0.491019
Tyreus-Luyben,4.5400,1.000000,0.969407,0.491089
Tyreus-Luyben,4.5600,1.000000,0.969635,0.491163
Tyreus-Luyben,4.5800,1.000000,0.969859,0.491241
Tyreus-Luyben,4.6000,1.000000,0.970079,0.491320
Tyreus-Luyben,4.6200,1.000000,0.970297,0.491402
Tyreus-Luyben,4.6400,1.000000,0.970511,0.491484
Tyreus-Luyben,4.6600,1.000000,0.970722,0.491566
Tyreus-Luyben,4.6800,1.000000,0.970930,0.491647
Tyreus-Luyben,4.7000,1.000000,0.971136,0.491727
Tyreus-Luyben,4.7200,1.000000,0.971340,0.491805
Tyreus-Luyben,4.7400,1.000000,0.971541,0.491880
Tyreus-Luyben,4.7600,1.000000,0.971741,0.491954
Tyreus-Luyben,4.7800,1.000000,0.971939,0.492025
Tyreus-Luyben,4.8000,1.000000,0.972136,0.492095
Tyreus-Luyben,4.8200,1.000000,0.972331,0.492161
Tyreus-Luyben,4.8400,1.000000,0.972526,0.492225
Tyreus-Luyben,4.8600,1.000000,0.972719,0.492287
Tyreus-Luyben,4.8800,1.000000,0.972912,0.492345
Tyreus-Luyben,4.9000,1.000000,0.973103,0.492401
Tyreus-Luyben,4.9200,1.000000,0.973295,0.492454
Tyreus-Luyben,4.9400,1.000000,0.973485,0.492505
Tyreus-Luyben,4.9600,1.000000,0.973676,0.492553
Tyreus-Luyben,4.9800,1.000000,0.973865,0.492600
Tyreus-Luyben,5.0000,1.000000,0.974054,0.492646
Tyreus-Luyben,5.0200,1.000000,0.974243,0.492691
Tyreus-Luyben,5.0400,1.000000,0.974431,0.492735
Tyreus-Luyben,5.0600,1.000000,0.974617,0.492779
Tyreus-Luyben,5.0800,1.000000,0.974804,0.492822
Tyreus-Luyben,5.1000,1.000000,0.974989,0.492866
Tyreus-Luyben,5.1200,1.000000,0.975173,0.492910
Tyreus-Luyben,5.1400,1.000000,0.975356,0.492953
Tyreus-Luyben,5.1600,1.000000,0.975538,0.492997
Tyreus-Luyben,5.1800,1.000000,0.975719,0.493042
Tyreus-Luyben,5.2000,1.000000,0.975898,0.493087
Tyreus-Luyben,5.2200,1.000000,0.976076,0.493133
Tyreus-Luyben,5.2400,1.000000,0.976252,0.493181
Tyreus-Luyben,5.2600,1.000000,0.976427,0.493229
Tyreus-Luyben,5.2800,1.000000,0.976600,0.493277
Tyreus-Luyben,5.3000,1.000000,0.976772,0.493327
Tyreus-Luyben,5.3200,1.000000,0.976942,0.493377
Tyreus-Luyben,5.3400,1.000000,0.977110,0.493427
Tyreus-Luyben,5.3600,1.000000,0.977277,0.493477
Tyreus-Luyben,5.3800,1.000000,0.977443,0.493528
Tyreus-Luyben,5.4000,1.000000,0.977606,0.493579
Tyreus-Luyben,5.4200,1.000000,0.977768,0.493629
Tyreus-Luyben,5.4400,1.000000,0.977929,0.493679
Tyreus-Luyben,5.4600,1.000000,0.978088,0.493729
Tyreus-Luyben,5.4800,1.000000,0.978246,0.493779
Tyreus-Luyben,5.5000,1.000000,0.978403,0.493829
Tyreus-Luyben,5.5200,1.000000,0.978558,0.493877
Tyreus-Luyben,5.5400,1.000000,0.978712,0.493924
Tyreus-Luyben,5.5600,1.000000,0.978865,0.493972
Tyreus-Luyben,5.5800,1.000000,0.979017,0.494018
Tyreus-Luyben,5.6000,1.000000,0.979168,0.494063
Tyreus-Luyben,5.6200,1.000000,0.979317,0.494108
Tyreus-Luyben,5.6400,1.000000,0.979466,0.494151
Tyreus-Luyben,5.6600,1.000000,0.979614,0.494194
Tyreus-Luyben,5.6800,1.000000,0.979761,0.494236
Tyreus-Luyben,5.7000,1.000000,0.979907,0.494278
Tyreus-Luyben,5.7200,1.000000,0.980052,0.494319
Tyreus-Luyben,5.7400,1.000000,0.980196,0.494358
Tyreus-Luyben,5.7600,1.000000,0.980339,0.494398
Tyreus-Luyben,5.7800,1.000000,0.980482,0.494438
Tyreus-Luyben,5.8000,1.000000,0.980623,0.494476
Tyreus-Luyben,5.8200,1.000000,0.980764,0.494514
Tyreus-Luyben,5.8400,1.000000,0.980904,0.494551
Tyreus-Luyben,5.8600,1.000000,0.981043,0.494589
Tyreus-Luyben,5.8800,1.000000,0.981181,0.494627
Tyreus-Luyben,5.9000,1.000000,0.981318,0.494664
Tyreus-Luyben,5.9200,1.000000,0.981454,0.494701
Tyreus-Luyben,5.9400,1.000000,0.981589,0.494738
Tyreus-Luyben,5.9600,1.000000,0.981723,0.494775
Tyreus-Luyben,5.9800,1.000000,0.981857,0.494811
Tyreus-Luyben,6.0000,1.000000,0.981989,0.494848
Tyreus-Luyben,6.0200,1.000000,0.982120,0.494885
Tyreus-Luyben,6.0400,1.000000,0.982250,0.494922
Tyreus-Luyben,6.0600,1.000000,0.982380,0.494959
Tyreus-Luyben,6.0800,1.000000,0.982508,0.494995
Tyreus-Luyben,6.1000,1.000000,0.982635,0.495032
Tyreus-Luyben,6.1200,1.000000,0.982761,0.495068
Tyreus-Luyben,6.1400,1.000000,0.982886,0.495104
Tyreus-Luyben,6.1600,1.000000,0.983011,0.495141
Tyreus-Luyben,6.1800,1.000000,0.983134,0.495177
Tyreus-Luyben,6.2000,1.000000,0.983256,0.495213
Tyreus-Luyben,6.2200,1.000000,0.983377,0.495248
Tyreus-Luyben,6.2400,1.000000,0.983498,0.495284
Tyreus-Luyben,6.2600,1.000000,0.983617,0.495319
Tyreus-Luyben,6.2800,1.000000,0.983736,0.495353
Tyreus-Luyben,6.3000,1.000000,0.983854,0.495388
Tyreus-Luyben,6.3200,1.000000,0.983970,0.495422
Tyreus-Luyben,6.3400,1.000000,0.984086,0.495456
Tyreus-Luyben,6.3600,1.000000,0.984201,0.495490
Tyreus-Luyben,6.3800,1.000000,0.984316,0.495523
Tyreus-Luyben,6.4000,1.000000,0.984429,0.495556
Tyreus-Luyben,6.4200,1.000000,0.984542,0.495588
Tyreus-Luyben,6.4400,1.000000,0.984654,0.495620
Tyreus-Luyben,6.4600,1.000000,0.984765,0.495652
Tyreus-Luyben,6.4800,1.000000,0.984875,0.495683
Tyreus-Luyben,6.5000,1.000000,0.984985,0.495714
Tyreus-Luyben,6.5200,1.000000,0.985093,0.495746
Tyreus-Luyben,6.5400,1.000000,0.985201,0.495776
Tyreus-Luyben,6.5600,1.000000,0.985309,0.495806
Tyreus-Luyben,6.5800,1.000000,0.985415,0.495836
Tyreus-Luyben,6.6000,1.000000,0.985521,0.495866
Tyreus-Luyben,6.6200,1.000000,0.985626,0.495896
Tyreus-Luyben,6.6400,1.000000,0.985730,0.495925
Tyreus-Luyben,6.6600,1.000000,0.985834,0.495954
Tyreus-Luyben,6.6800,1.000000,0.985937,0.495983
Tyreus-Luyben,6.7000,1.000000,0.986039,0.496012
Tyreus-Luyben,6.7200,1.000000,0.986140,0.496040
Tyreus-Luyben,6.7400,1.000000,0.986241,0.496069
Tyreus-Luyben,6.7600,1.000000,0.986341,0.496097
Tyreus-Luyben,6.7800,1.000000,0.986440,0.496125
Tyreus-Luyben,6.8000,1.000000,0.986539,0.496153
Tyreus-Luyben,6.8200,1.000000,0.986636,0.496181
Tyreus-Luyben,6.8400,1.000000,0.986733,0.496208
Tyreus-Luyben,6.8600,1.000000,0.986830,0.496236
Tyreus-Luyben,6.8800,1.000000,0.986925,0.496264
Tyreus-Luyben,6.9000,1.000000,0.987020,0.496291
Tyreus-Luyben,6.9200,1.000000,0.987114,0.496318
Tyreus-Luyben,6.9400,1.000000,0.987208,0.496344
Tyreus-Luyben,6.9600,1.000000,0.987301,0.496372
Tyreus-Luyben,6.9800,1.000000,0.987393,0.496398
Tyreus-Luyben,7.0000,1.000000,0.987484,0.496424
Tyreus-Luyben,7.0200,1.000000,0.987575,0.496450
Tyreus-Luyben,7.0400,1.000000,0.987665,0.496476
Tyreus-Luyben,7.0600,1.000000,0.987754,0.496502
Tyreus-Luyben,7.0800,1.000000,0.987843,0.496527
Tyreus-Luyben,7.1000,1.000000,0.987931,0.496552
Tyreus-Luyben,7.1200,1.000000,0.988019,0.496578
Tyreus-Luyben,7.1400,1.000000,0.988106,0.496603
Tyreus-Luyben,7.1600,1.000000,0.988192,0.496627
Tyreus-Luyben,7.1800,1.000000,0.988277,0.496652
Tyreus-Luyben,7.2000,1.000000,0.988362,0.496677
Tyreus-Luyben,7.2200,1.000000,0.988447,0.496701
Tyreus-Luyben,7.2400,1.000000,0.988530,0.496725
Tyreus-Luyben,7.2600,1.000000,0.988614,0.496748
Tyreus-Luyben,7.2800,1.000000,0.988696,0.496772
Tyreus-Luyben,7.3000,1.000000,0.988778,0.496795
Tyreus-Luyben,7.3200,1.000000,0.988859,0.496818
Tyreus-Luyben,7.3400,1.000000,0.988940,0.496841
Tyreus-Luyben,7.3600,1.000000,0.989020,0.496864
Tyreus-Luyben,7.3800,1.000000,0.989100,0.496887
Tyreus-Luyben,7.4000,1.000000,0.989179,0.496909
Tyreus-Luyben,7.4200,1.000000,0.989258,0.496931
Tyreus-Luyben,7.4400,1.000000,0.989336,0.496954
Tyreus-Luyben,7.4600,1.000000,0.989413,0.496976
Tyreus-Luyben,7.4800,1.000000,0.989490,0.496998
Tyreus-Luyben,7.5000,1.000000,0.989566,0.497019
Tyreus-Luyben,7.5200,1.000000,0.989642,0.497041
Tyreus-Luyben,7.5400,1.000000,0.989717,0.497063
Tyreus-Luyben,7.5600,1.000000,0.989791,0.497083
Tyreus-Luyben,7.5800,1.000000,0.989865,0.497105
Tyreus-Luyben,7.6000,1.000000,0.989939,0.497126
Tyreus-Luyben,7.6200,1.000000,0.990012,0.497146
Tyreus-Luyben,7.6400,1.000000,0.990084,0.497167
Tyreus-Luyben,7.6600,1.000000,0.990156,0.497188
Tyreus-Luyben,7.6800,1.000000,0.990228,0.497208
Tyreus-Luyben,7.7000,1.000000,0.990299,0.497229
Tyreus-Luyben,7.7200,1.000000,0.990369,0.497249
Tyreus-Luyben,7.7400,1.000000,0.990439,0.497269
Tyreus-Luyben,7.7600,1.000000,0.990508,0.497288
Tyreus-Luyben,7.7800,1.000000,0.990577,0.497308
Tyreus-Luyben,7.8000,1.000000,0.990645,0.497328
Tyreus-Luyben,7.8200,1.000000,0.990713,0.497347
Tyreus-Luyben,7.8400,1.000000,0.990781,0.497367
Tyreus-Luyben,7.8600,1.000000,0.990847,0.497386
Tyreus-Luyben,7.8800,1.000000,0.990914,0.497404
Tyreus-Luyben,7.9000,1.000000,0.990980,0.497423
Tyreus-Luyben,7.9200,1.000000,0.991045,0.497442
Tyreus-Luyben,7.9400,1.000000,0.991110,0.497460
Tyreus-Luyben,7.9600,1.000000,0.991174,0.497479
Tyreus-Luyben,7.9800,1.000000,0.991238,0.497498
Tyreus-Luyben,8.0000,1.000000,0.991302,0.497516
Tyreus-Luyben,8.0200,1.000000,0.991365,0.497534
Tyreus-Luyben,8.0400,1.000000,0.991428,0.497552
Tyreus-Luyben,8.0600,1.000000,0.991490,0.497569
Tyreus-Luyben,8.0800,1.000000,0.991552,0.497587
Tyreus-Luyben,8.1000,1.000000,0.991613,0.497604
Tyreus-Luyben,8.1200,1.000000,0.991674,0.497622
Tyreus-Luyben,8.1400,1.000000,0.991734,0.497639
Tyreus-Luyben,8.1600,1.000000,0.991794,0.497656
Tyreus-Luyben,8.1800,1.000000,0.991853,0.497673
Tyreus-Luyben,8.2000,1.000000,0.991913,0.497690
Tyreus-Luyben,8.2200,1.000000,0.991971,0.497706
Tyreus-Luyben,8.2400,1.000000,0.992029,0.497723
Tyreus-Luyben,8.2600,1.000000,0.992087,0.497740
Tyreus-Luyben,8.2800,1.000000,0.992145,0.497756
Tyreus-Luyben,8.3000,1.000000,0.992202,0.497772
Tyreus-Luyben,8.3200,1.000000,0.992258,0.497789
Tyreus-Luyben,8.3400,1.000000,0.992314,0.497804
Tyreus-Luyben,8.3600,1.000000,0.992370,0.497821
Tyreus-Luyben,8.3800,1.000000,0.992425,0.497836
Tyreus-Luyben,8.4000,1.000000,0.992480,0.497852
Tyreus-Luyben,8.4200,1.000000,0.992535,0.497867
Tyreus-Luyben,8.4400,1.000000,0.992589,0.497883
Tyreus-Luyben,8.4600,1.000000,0.992643,0.497899
Tyreus-Luyben,8.4800,1.000000,0.992696,0.497913
Tyreus-Luyben,8.5000,1.000000,0.992749,0.497929
Tyreus-Luyben,8.5200,1.000000,0.992802,0.497944
Tyreus-Luyben,8.5400,1.000000,0.992854,0.497959
Tyreus-Luyben,8.5600,1.000000,0.992906,0.497973
Tyreus-Luyben,8.5800,1.000000,0.992957,0.497988
Tyreus-Luyben,8.6000,1.000000,0.993008,0.498003
Tyreus-Luyben,8.6200,1.000000,0.993059,0.498017
Tyreus-Luyben,8.6400,1.000000,0.993109,0.498031
Tyreus-Luyben,8.6600,1.000000,0.993159,0.498046
Tyreus-Luyben,8.6800,1.000000,0.993209,0.498060
Tyreus-Luyben,8.7000,1.000000,0.993258,0.498074
Tyreus-Luyben,8.7200,1.000000,0.993307,0.498088
Tyreus-Luyben,8.7400,1.000000,0.993356,0.498102
Tyreus-Luyben,8.7600,1.000000,0.993404,0.498116
Tyreus-Luyben,8.7800,1.000000,0.993452,0.498130
Tyreus-Luyben,8.8000,1.000000,0.993499,0.498143
Tyreus-Luyben,8.8200,1.000000,0.993546,0.498156
Tyreus-Luyben,8.8400,1.000000,0.993593,0.498170
Tyreus-Luyben,8.8600,1.000000,0.993639,0.498183
Tyreus-Luyben,8.8800,1.000000,0.993686,0.498196
Tyreus-Luyben,8.9000,1.000000,0.993731,0.498209
Tyreus-Luyben,8.9200,1.000000,0.993777,0.498223
Tyreus-Luyben,8.9400,1.000000,0.993822,0.498235
Tyreus-Luyben,8.9600,1.000000,0.993867,0.498248
Tyreus-Luyben,8.9800,1.000000,0.993911,0.498261
Tyreus-Luyben,9.0000,1.000000,0.993955,0.498273
Tyreus-Luyben,9.0200,1.000000,0.993999,0.498286
Tyreus-Luyben,9.0400,1.000000,0.994043,0.498298
Tyreus-Luyben,9.0600,1.000000,0.994086,0.498311
Tyreus-Luyben,9.0800,1.000000,0.994129,0.498323
Tyreus-Luyben,9.1000,1.000000,0.994171,0.498335
Tyreus-Luyben,9.1200,1.000000,0.994214,0.498347
Tyreus-Luyben,9.1400,1.000000,0.994256,0.498359
Tyreus-Luyben,9.1600,1.000000,0.994297,0.498371
Tyreus-Luyben,9.1800,1.000000,0.994339,0.498383
Tyreus-Luyben,9.2000,1.000000,0.994380,0.498394
Tyreus-Luyben,9.2200,1.000000,0.994421,0.498406
Tyreus-Luyben,9.2400,1.000000,0.994461,0.498418
Tyreus-Luyben,9.2600,1.000000,0.994501,0.498429
Tyreus-Luyben,9.2800,1.000000,0.994541,0.498441
Tyreus-Luyben,9.3000,1.000000,0.994581,0.498452
Tyreus-Luyben,9.3200,1.000000,0.994620,0.498463
Tyreus-Luyben,9.3400,1.000000,0.994659,0.498474
Tyreus-Luyben,9.3600,1.000000,0.994698,0.498485
Tyreus-Luyben,9.3800,1.000000,0.994736,0.498497
Tyreus-Luyben,9.4000,1.000000,0.994774,0.498507
Tyreus-Luyben,9.4200,1.000000,0.994812,0.498518
Tyreus-Luyben,9.4400,1.000000,0.994850,0.498529
Tyreus-Luyben,9.4600,1.000000,0.994887,0.498539
Tyreus-Luyben,9.4800,1.000000,0.994924,0.498550
Tyreus-Luyben,9.5000,1.000000,0.994961,0.498560
Tyreus-Luyben,9.5200,1.000000,0.994998,0.498571
Tyreus-Luyben,9.5400,1.000000,0.995034,0.498581
Tyreus-Luyben,9.5600,1.000000,0.995070,0.498592
Tyreus-Luyben,9.5800,1.000000,0.995106,0.498602
Tyreus-Luyben,9.6000,1.000000,0.995141,0.498612
Tyreus-Luyben,9.6200,1.000000,0.995176,0.498622
Tyreus-Luyben,9.6400,1.000000,0.995211,0.498632
Tyreus-Luyben,9.6600,1.000000,0.995246,0.498642
Tyreus-Luyben,9.6800,1.000000,0.995281,0.498652
Tyreus-Luyben,9.7000,1.000000,0.995315,0.498662
Tyreus-Luyben,9.7200,1.000000,0.995349,0.498672
Tyreus-Luyben,9.7400,1.000000,0.995383,0.498681
Tyreus-Luyben,9.7600,1.000000,0.995416,0.498691
Tyreus-Luyben,9.7800,1.000000,0.995449,0.498700
Tyreus-Luyben,9.8000,1.000000,0.995482,0.498709
Tyreus-Luyben,9.8200,1.000000,0.995515,0.498719
Tyreus-Luyben,9.8400,1.000000,0.995548,0.498728
Tyreus-Luyben,9.8600,1.000000,0.995580,0.498737
Tyreus-Luyben,9.8800,1.000000,0.995612,0.498746
Tyreus-Luyben,9.9000,1.000000,0.995644,0.498755
Tyreus-Luyben,9.9200,1.000000,0.995675,0.498764
Tyreus-Luyben,9.9400,1.000000,0.995707,0.498773
Tyreus-Luyben,9.9600,1.000000,0.995738,0.498783
Tyreus-Luyben,9.9800,1.000000,0.995769,0.498791
Tyreus-Luyben,10.0000,1.000000,0.995799,0.498800
Tyreus-Luyben,10.0200,1.000000,0.995830,0.498809
Tyreus-Luyben,10.0400,1.000000,0.995860,0.498818
Tyreus-Luyben,10.0600,1.000000,0.995890,0.498826
Tyreus-Luyben,10.0800,1.000000,0.995920,0.498834
Tyreus-Luyben,10.1000,1.000000,0.995950,0.498843
Tyreus-Luyben,10.1200,1.000000,0.995979,0.498851
Tyreus-Luyben,10.1400,1.000000,0.996008,0.498860
Tyreus-Luyben,10.1600,1.000000,0.996037,0.498868
Tyreus-Luyben,10.1800,1.000000,0.996066,0.498876
Tyreus-Luyben,10.2000,1.000000,0.996094,0.498884
Tyreus-Luyben,10.2200,1.000000,0.996123,0.498892
Tyreus-Luyben,10.2400,1.000000,0.996151,0.498901
Tyreus-Luyben,10.2600,1.000000,0.996179,0.498909
Tyreus-Luyben,10.2800,1.000000,0.996206,0.498916
Tyreus-Luyben,10.3000,1.000000,0.996234,0.498924
Tyreus-Luyben,10.3200,1.000000,0.996261,0.498932
Tyreus-Luyben,10.3400,1.000000,0.996288,0.498940
Tyreus-Luyben,10.3600,1.000000,0.996315,0.498947
Tyreus-Luyben,10.3800,1.000000,0.996342,0.498955
Tyreus-Luyben,10.4000,1.000000,0.996369,0.498963
Tyreus-Luyben,10.4200,1.000000,0.996395,0.498970
Tyreus-Luyben,10.4400,1.000000,0.996421,0.498978
Tyreus-Luyben,10.4600,1.000000,0.996447,0.498985
Tyreus-Luyben,10.4800,1.000000,0.996473,0.498992
Tyreus-Luyben,10.5000,1.000000,0.996498,0.499000
Tyreus-Luyben,10.5200,1.000000,0.996524,0.499007
Tyreus-Luyben,10.5400,1.000000,0.996549,0.499014
Tyreus-Luyben,10.5600,1.000000,0.996574,0.499022
Tyreus-Luyben,10.5800,1.000000,0.996599,0.499028
Tyreus-Luyben,10.6000,1.000000,0.996623,0.499036
Tyreus-Luyben,10.6200,1.000000,0.996648,0.499042
Tyreus-Luyben,10.6400,1.000000,0.996672,0.499050
Tyreus-Luyben,10.6600,1.000000,0.996696,0.499056
Tyreus-Luyben,10.6800,1.000000,0.996720,0.499063
Tyreus-Luyben,10.7000,1.000000,0.996744,0.499070
Tyreus-Luyben,10.7200,1.000000,0.996768,0.499076
Tyreus-Luyben,10.7400,1.000000,0.996791,0.499083
Tyreus-Luyben,10.7600,1.000000,0.996814,0.499090
Tyreus-Luyben,10.7800,1.000000,0.996838,0.499096
Tyreus-Luyben,10.8000,1.000000,0.996860,0.499103
Tyreus-Luyben,10.8200,1.000000,0.996883,0.499110
Tyreus-Luyben,10.8400,1.000000,0.996906,0.499116
Tyreus-Luyben,10.8600,1.000000,0.996928,0.499122
Tyreus-Luyben,10.8800,1.000000,0.996951,0.499129
Tyreus-Luyben,10.9000,1.000000,0.996973,0.499135
Tyreus-Luyben,10.9200,1.000000,0.996995,0.499141
Tyreus-Luyben,10.9400,1.000000,0.997016,0.499148
Tyreus-Luyben,10.9600,1.000000,0.997038,0.499154
Tyreus-Luyben,10.9800,1.000000,0.997060,0.499160
Tyreus-Luyben,11.0000,1.000000,0.997081,0.499166
Tyreus-Luyben,11.0200,1.000000,0.997102,0.499172
Tyreus-Luyben,11.0400,1.000000,0.997123,0.499179
Tyreus-Luyben,11.0600,1.000000,0.997144,0.499184
Tyreus-Luyben,11.0800,1.000000,0.997165,0.499190
Tyreus-Luyben,11.1000,1.000000,0.997185,0.499196
Tyreus-Luyben,11.1200,1.000000,0.997206,0.499202
Tyreus-Luyben,11.1400,1.000000,0.997226,0.499207
Tyreus-Luyben,11.1600,1.000000,0.997246,0.499213
Tyreus-Luyben,11.1800,1.000000,0.997266,0.499219
Tyreus-Luyben,11.2000,1.000000,0.997286,0.499224
Tyreus-Luyben,11.2200,1.000000,0.997306,0.499230
Tyreus-Luyben,11.2400,1.000000,0.997325,0.499236
Tyreus-Luyben,11.2600,1.000000,0.997344,0.499241
Tyreus-Luyben,11.2800,1.000000,0.997364,0.499247
Tyreus-Luyben,11.3000,1.000000,0.997383,0.499252
Tyreus-Luyben,11.3200,1.000000,0.997402,0.499258
Tyreus-Luyben,11.3400,1.000000,0.997421,0.499263
Tyreus-Luyben,11.3600,1.000000,0.997439,0.499269
Tyreus-Luyben,11.3800,1.000000,0.997458,0.499274
Tyreus-Luyben,11.4000,1.000000,0.997476,0.499279
Tyreus-Luyben,11.4200,1.000000,0.997495,0.499284
Tyreus-Luyben,11.4400,1.000000,0.997513,0.499289
Tyreus-Luyben,11.4600,1.000000,0.997531,0.499294
Tyreus-Luyben,11.4800,1.000000,0.997549,0.499300
Tyreus-Luyben,11.5000,1.000000,0.997567,0.499305
Tyreus-Luyben,11.5200,1.000000,0.997584,0.499310
Tyreus-Luyben,11.5400,1.000000,0.997602,0.499315
Tyreus-Luyben,11.5600,1.000000,0.997619,0.499320
Tyreus-Luyben,11.5800,1.000000,0.997636,0.499325
Tyreus-Luyben,11.6000,1.000000,0.997654,0.499330
Tyreus-Luyben,11.6200,1.000000,0.997671,0.499335
Tyreus-Luyben,11.6400,1.000000,0.997687,0.499339
Tyreus-Luyben,11.6600,1.000000,0.997704,0.499344
Tyreus-Luyben,11.6800,1.000000,0.997721,0.499349
Tyreus-Luyben,11.7000,1.000000,0.997737,0.499354
Tyreus-Luyben,11.7200,1.000000,0.997754,0.499358
Tyreus-Luyben,11.7400,1.000000,0.997770,0.499363
Tyreus-Luyben,11.7600,1.000000,0.997786,0.499368
Tyreus-Luyben,11.7800,1.000000,0.997802,0.499372
Tyreus-Luyben,11.8000,1.000000,0.997818,0.499377
Tyreus-Luyben,11.8200,1.000000,0.997834,0.499381
Tyreus-Luyben,11.8400,1.000000,0.997850,0.499386
Tyreus-Luyben,11.8600,1.000000,0.997865,0.499390
Tyreus-Luyben,11.8800,1.000000,0.997881,0.499395
Tyreus-Luyben,11.9000,1.000000,0.997896,0.499399
Tyreus-Luyben,11.9200,1.000000,0.997911,0.499403
Tyreus-Luyben,11.9400,1.000000,0.997927,0.499407
Tyreus-Luyben,11.9600,1.000000,0.997942,0.499412
Tyreus-Luyben,11.9800,1.000000,0.997957,0.499416
Tyreus-Luyben,12.0000,1.000000,0.997971,0.499420
Tyreus-Luyben,12.0200,1.000000,0.997986,0.499425
Tyreus-Luyben,12.0400,1.000000,0.998001,0.499429
Tyreus-Luyben,12.0600,1.000000,0.998015,0.499433
Tyreus-Luyben,12.0800,1.000000,0.998030,0.499437
Tyreus-Luyben,12.1000,1.000000,0.998044,0.499441
Tyreus-Luyben,12.1200,1.000000,0.998058,0.499445
Tyreus-Luyben,12.1400,1.000000,0.998072,0.499449
Tyreus-Luyben,12.1600,1.000000,0.998086,0.499453
Tyreus-Luyben,12.1800,1.000000,0.998100,0.499458
Tyreus-Luyben,12.2000,1.000000,0.998114,0.499461
Tyreus-Luyben,12.2200,1.000000,0.998127,0.499465
Tyreus-Luyben,12.2400,1.000000,0.998141,0.499469
Tyreus-Luyben,12.2600,1.000000,0.998155,0.499473
Tyreus-Luyben,12.2800,1.000000,0.998168,0.499476
Tyreus-Luyben,12.3000,1.000000,0.998181,0.499481
Tyreus-Luyben,12.3200,1.000000,0.998194,0.499485
Tyreus-Luyben,12.3400,1.000000,0.998207,0.499488
Tyreus-Luyben,12.3600,1.000000,0.998220,0.499492
Tyreus-Luyben,12.3800,1.000000,0.998233,0.499496
Tyreus-Luyben,12.4000,1.000000,0.998246,0.499499
Tyreus-Luyben,12.4200,1.000000,0.998259,0.499503
Tyreus-Luyben,12.4400,1.000000,0.998272,0.499506
Tyreus-Luyben,12.4600,1.000000,0.998284,0.499510
Tyreus-Luyben,12.4800,1.000000,0.998297,0.499514
Tyreus-Luyben,12.5000,1.000000,0.998309,0.499517
Tyreus-Luyben,12.5200,1.000000,0.998321,0.499520
Tyreus-Luyben,12.5400,1.000000,0.998333,0.499524
Tyreus-Luyben,12.5600,1.000000,0.998345,0.499528
Tyreus-Luyben,12.5800,1.000000,0.998357,0.499531
Tyreus-Luyben,12.6000,1.000000,0.998369,0.499534
Tyreus-Luyben,12.6200,1.000000,0.998381,0.499538
Tyreus-Luyben,12.6400,1.000000,0.998393,0.499541
Tyreus-Luyben,12.6600,1.000000,0.998405,0.499544
Tyreus-Luyben,12.6800,1.000000,0.998416,0.499548
Tyreus-Luyben,12.7000,1.000000,0.998428,0.499551
Tyreus-Luyben,12.7200,1.000000,0.998439,0.499554
Tyreus-Luyben,12.7400,1.000000,0.998450,0.499558
Tyreus-Luyben,12.7600,1.000000,0.998462,0.499560
Tyreus-Luyben,12.7800,1.000000,0.998473,0.499564
Tyreus-Luyben,12.8000,1.000000,0.998484,0.499567
Tyreus-Luyben,12.8200,1.000000,0.998495,0.499570
Tyreus-Luyben,12.8400,1.000000,0.998506,0.499573
Tyreus-Luyben,12.8600,1.000000,0.998517,0.499576
Tyreus-Luyben,12.8800,1.000000,0.998527,0.499579
Tyreus-Luyben,12.9000,1.000000,0.998538,0.499583
Tyreus-Luyben,12.9200,1.000000,0.998549,0.499585
Tyreus-Luyben,12.9400,1.000000,0.998559,0.499589
Tyreus-Luyben,12.9600,1.000000,0.998570,0.499591
Tyreus-Luyben,12.9800,1.000000,0.998580,0.499594
Tyreus-Luyben,13.0000,1.000000,0.998590,0.499597
Tyreus-Luyben,13.0200,1.000000,0.998600,0.499600
Tyreus-Luyben,13.0400,1.000000,0.998611,0.499603
Tyreus-Luyben,13.0600,1.000000,0.998621,0.499606
Tyreus-Luyben,13.0800,1.000000,0.998631,0.499609
Tyreus-Luyben,13.1000,1.000000,0.998641,0.499611
Tyreus-Luyben,13.1200,1.000000,0.998651,0.499614
Tyreus-Luyben,13.1400,1.000000,0.998660,0.499617
Tyreus-Luyben,13.1600,1.000000,0.998670,0.499620
Tyreus-Luyben,13.1800,1.000000,0.998680,0.499623
Tyreus-Luyben,13.2000,1.000000,0.998689,0.499625
Tyreus-Luyben,13.2200,1.000000,0.998699,0.499628
Tyreus-Luyben,13.2400,1.000000,0.998708,0.499631
Tyreus-Luyben,13.2600,1.000000,0.998718,0.499633
Tyreus-Luyben,13.2800,1.000000,0.998727,0.499636
Tyreus-Luyben,13.3000,1.000000,0.998736,0.499639
Tyreus-Luyben,13.3200,1.000000,0.998745,0.499641
Tyreus-Luyben,13.3400,1.000000,0.998754,0.499644
Tyreus-Luyben,13.3600,1.000000,0.998763,0.499647
Tyreus-Luyben,13.3800,1.000000,0.998772,0.499649
Tyreus-Luyben,13.4000,1.000000,0.998781,0.499652
Tyreus-Luyben,13.4200,1.000000,0.998790,0.499654
Tyreus-Luyben,13.4400,1.000000,0.998799,0.499657
Tyreus-Luyben,13.4600,1.000000,0.998808,0.499659
Tyreus-Luyben,13.4800,1.000000,0.998816,0.499662
Tyreus-Luyben,13.5000,1.000000,0.998825,0.499664
Tyreus-Luyben,13.5200,1.000000,0.998833,0.499667
Tyreus-Luyben,13.5400,1.000000,0.998842,0.499669
Tyreus-Luyben,13.5600,1.000000,0.998850,0.499672
Tyreus-Luyben,13.5800,1.000000,0.998858,0.499674
Tyreus-Luyben,13.6000,1.000000,0.998867,0.499676
Tyreus-Luyben,13.6200,1.000000,0.998875,0.499678
Tyreus-Luyben,13.6400,1.000000,0.998883,0.499681
Tyreus-Luyben,13.6600,1.000000,0.998891,0.499683
Tyreus-Luyben,13.6800,1.000000,0.998899,0.499685
Tyreus-Luyben,13.7000,1.000000,0.998907,0.499688
Tyreus-Luyben,13.7200,1.000000,0.998915,0.499690
Tyreus-Luyben,13.7400,1.000000,0.998923,0.499692
Tyreus-Luyben,13.7600,1.000000,0.998931,0.499694
Tyreus-Luyben,13.7800,1.000000,0.998939,0.499697
Tyreus-Luyben,13.8000,1.000000,0.998946,0.499699
Tyreus-Luyben,13.8200,1.000000,0.998954,0.499701
Tyreus-Luyben,13.8400,1.000000,0.998962,0.499703
Tyreus-Luyben,13.8600,1.000000,0.998969,0.499705
Tyreus-Luyben,13.8800,1.000000,0.998977,0.499708
Tyreus-Luyben,13.9000,1.000000,0.998984,0.499710
Tyreus-Luyben,13.9200,1.000000,0.998991,0.499712
Tyreus-Luyben,13.9400,1.000000,0.998999,0.499714
Tyreus-Luyben,13.9600,1.000000,0.999006,0.499716
Tyreus-Luyben,13.9800,1.000000,0.999013,0.499718
Tyreus-Luyben,14.0000,1.000000,0.999020,0.499720
Tyreus-Luyben,14.0200,1.000000,0.999027,0.499722
Tyreus-Luyben,14.0400,1.000000,0.999034,0.499724
Tyreus-Luyben,14.0600,1.000000,0.999041,0.499726
Tyreus-Luyben,14.0800,1.000000,0.999048,0.499728
Tyreus-Luyben,14.1000,1.000000,0.999055,0.499730
Tyreus-Luyben,14.1200,1.000000,0.999062,0.499732
Tyreus-Luyben,14.1400,1.000000,0.999069,0.499734
Tyreus-Luyben,14.1600,1.000000,0.999076,0.499736
Tyreus-Luyben,14.1800,1.000000,0.999082,0.499738
Tyreus-Luyben,14.2000,1.000000,0.999089,0.499740
Tyreus-Luyben,14.2200,1.000000,0.999096,0.499742
Tyreus-Luyben,14.2400,1.000000,0.999102,0.499744
Tyreus-Luyben,14.2600,1.000000,0.999109,0.499745
Tyreus-Luyben,14.2800,1.000000,0.999115,0.499747
Tyreus-Luyben,14.3000,1.000000,0.999122,0.499749
Tyreus-Luyben,14.3200,1.000000,0.999128,0.499751
Tyreus-Luyben,14.3400,1.000000,0.999134,0.499752
Tyreus-Luyben,14.3600,1.000000,0.999141,0.499755
Tyreus-Luyben,14.3800,1.000000,0.999147,0.499756
Tyreus-Luyben,14.4000,1.000000,0.999153,0.499758
Tyreus-Luyben,14.4200,1.000000,0.999159,0.499760
Tyreus-Luyben,14.4400,1.000000,0.999165,0.499762
Tyreus-Luyben,14.4600,1.000000,0.999171,0.499763
Tyreus-Luyben,14.4800,1.000000,0.999177,0.499765
Tyreus-Luyben,14.5000,1.000000,0.999183,0.499767
Tyreus-Luyben,14.5200,1.000000,0.999189,0.499768
Tyreus-Luyben,14.5400,1.000000,0.999195,0.499770
Tyreus-Luyben,14.5600,1.000000,0.999201,0.499772
Tyreus-Luyben,14.5800,1.000000,0.999207,0.499773
Tyreus-Luyben,14.6000,1.000000,0.999212,0.499775
Tyreus-Luyben,14.6200,1.000000,0.999218,0.499776
Tyreus-Luyben,14.6400,1.000000,0.999224,0.499778
Tyreus-Luyben,14.6600,1.000000,0.999229,0.499780
Tyreus-Luyben,14.6800,1.000000,0.999235,0.499781
Tyreus-Luyben,14.7000,1.000000,0.999241,0.499783
Tyreus-Luyben,14.7200,1.000000,0.999246,0.499785
Tyreus-Luyben,14.7400,1.000000,0.999252,0.499786
Tyreus-Luyben,14.7600,1.000000,0.999257,0.499788
Tyreus-Luyben,14.7800,1.000000,0.999262,0.499789
Tyreus-Luyben,14.8000,1.000000,0.999268,0.499791
Tyreus-Luyben,14.8200,1.000000,0.999273,0.499792
Tyreus-Luyben,14.8400,1.000000,0.999278,0.499794
Tyreus-Luyben,14.8600,1.000000,0.999284,0.499795
Tyreus-Luyben,14.8800,1.000000,0.999289,0.499797
Tyreus-Luyben,14.9000,1.000000,0.999294,0.499798
Tyreus-Luyben,14.9200,1.000000,0.999299,0.499800
Tyreus-Luyben,14.9400,1.000000,0.999304,0.499801
Tyreus-Luyben,14.9600,1.000000,0.999309,0.499802
Tyreus-Luyben,14.9800,1.000000,0.999314,0.499804
Tyreus-Luyben,15.0000,1.000000,0.999319,0.499805
Tyreus-Luyben,15.0200,1.000000,0.999324,0.499807
Tyreus-Luyben,15.0400,1.000000,0.999329,0.499809
Tyreus-Luyben,15.0600,1.000000,0.999334,0.499810
Tyreus-Luyben,15.0800,1.000000,0.999339,0.499811
Tyreus-Luyben,15.1000,1.000000,0.999343,0.499812
Tyreus-Luyben,15.1200,1.000000,0.999348,0.499814
Tyreus-Luyben,15.1400,1.000000,0.999353,0.499815
Tyreus-Luyben,15.1600,1.000000,0.999358,0.499817
Tyreus-Luyben,15.1800,1.000000,0.999362,0.499818
Tyreus-Luyben,15.2000,1.000000,0.999367,0.499819
Tyreus-Luyben,15.2200,1.000000,0.999372,0.499820
Tyreus-Luyben,15.2400,1.000000,0.999376,0.499821
Tyreus-Luyben,15.2600,1.000000,0.999381,0.499823
Tyreus-Luyben,15.2800,1.000000,0.999385,0.499825
Tyreus-Luyben,15.3000,1.000000,0.999390,0.499826
Tyreus-Luyben,15.3200,1.000000,0.999394,0.499827
Tyreus-Luyben,15.3400,1.000000,0.999398,0.499828
Tyreus-Luyben,15.3600,1.000000,0.999403,0.499829
Tyreus-Luyben,15.3800,1.000000,0.999407,0.499831
Tyreus-Luyben,15.4000,1.000000,0.999411,0.499832
Tyreus-Luyben,15.4200,1.000000,0.999416,0.499834
Tyreus-Luyben,15.4400,1.000000,0.999420,0.499834
Tyreus-Luyben,15.4600,1.000000,0.999424,0.499835
Tyreus-Luyben,15.4800,1.000000,0.999428,0.499837
Tyreus-Luyben,15.5000,1.000000,0.999432,0.499838
Tyreus-Luyben,15.5200,1.000000,0.999437,0.499839
Tyreus-Luyben,15.5400,1.000000,0.999441,0.499840
Tyreus-Luyben,15.5600,1.000000,0.999445,0.499841
Tyreus-Luyben,15.5800,1.000000,0.999449,0.499842
Tyreus-Luyben,15.6000,1.000000,0.999453,0.499844
Tyreus-Luyben,15.6200,1.000000,0.999457,0.499845
Tyreus-Luyben,15.6400,1.000000,0.999461,0.499846
Tyreus-Luyben,15.6600,1.000000,0.999465,0.499847
Tyreus-Luyben,15.6800,1.000000,0.999468,0.499848
Tyreus-Luyben,15.7000,1.000000,0.999472,0.499849
Tyreus-Luyben,15.7200,1.000000,0.999476,0.499850
Tyreus-Luyben,15.7400,1.000000,0.999480,0.499851
Tyreus-Luyben,15.7600,1.000000,0.999484,0.499852
Tyreus-Luyben,15.7800,1.000000,0.999487,0.499853
Tyreus-Luyben,15.8000,1.000000,0.999491,0.499855
Tyreus-Luyben,15.8200,1.000000,0.999495,0.499855
Tyreus-Luyben,15.8400,1.000000,0.999498,0.499856
Tyreus-Luyben,15.8600,1.000000,0.999502,0.499858
Tyreus-Luyben,15.8800,1.000000,0.999506,0.499859
Tyreus-Luyben,15.9000,1.000000,0.999509,0.499860
Tyreus-Luyben,15.9200,1.000000,0.999513,0.499861
Tyreus-Luyben,15.9400,1.000000,0.999516,0.499862
Tyreus-Luyben,15.9600,1.000000,0.999520,0.499863
Tyreus-Luyben,15.9800,1.000000,0.999523,0.499864
Tyreus-Luyben,16.0000,1.000000,0.999527,0.499865
Tyreus-Luyben,16.0200,1.000000,0.999530,0.499866
Tyreus-Luyben,16.0400,1.000000,0.999534,0.499866
Tyreus-Luyben,16.0600,1.000000,0.999537,0.499867
Tyreus-Luyben,16.0800,1.000000,0.999540,0.499869
Tyreus-Luyben,16.1000,1.000000,0.999544,0.499870
Tyreus-Luyben,16.1200,1.000000,0.999547,0.499871
Tyreus-Luyben,16.1400,1.000000,0.999550,0.499872
Tyreus-Luyben,16.1600,1.000000,0.999554,0.499872
Tyreus-Luyben,16.1800,1.000000,0.999557,0.499874
Tyreus-Luyben,16.2000,1.000000,0.999560,0.499874
Tyreus-Luyben,16.2200,1.000000,0.999563,0.499875
Tyreus-Luyben,16.2400,1.000000,0.999566,0.499876
Tyreus-Luyben,16.2600,1.000000,0.999570,0.499877
Tyreus-Luyben,16.2800,1.000000,0.999573,0.499878
Tyreus-Luyben,16.3000,1.000000,0.999576,0.499879
Tyreus-Luyben,16.3200,1.000000,0.999579,0.499880
Tyreus-Luyben,16.3400,1.000000,0.999582,0.499881
Tyreus-Luyben,16.3600,1.000000,0.999585,0.499882
Tyreus-Luyben,16.3800,1.000000,0.999588,0.499882
Tyreus-Luyben,16.4000,1.000000,0.999591,0.499883
Tyreus-Luyben,16.4200,1.000000,0.999594,0.499884
Tyreus-Luyben,16.4400,1.000000,0.999597,0.499885
Tyreus-Luyben,16.4600,1.000000,0.999600,0.499886
Tyreus-Luyben,16.4800,1.000000,0.999603,0.499887
Tyreus-Luyben,16.5000,1.000000,0.999606,0.499887
Tyreus-Luyben,16.5200,1.000000,0.999608,0.499888
Tyreus-Luyben,16.5400,1.000000,0.999611,0.499889
Tyreus-Luyben,16.5600,1.000000,0.999614,0.499890
Tyreus-Luyben,16.5800,1.000000,0.999617,0.499891
Tyreus-Luyben,16.6000,1.000000,0.999620,0.499891
Tyreus-Luyben,16.6200,1.000000,0.999622,0.499892
Tyreus-Luyben,16.6400,1.000000,0.999625,0.499893
Tyreus-Luyben,16.6600,1.000000,0.999628,0.499894
Tyreus-Luyben,16.6800,1.000000,0.999631,0.499895
Tyreus-Luyben,16.7000,1.000000,0.999633,0.499895
Tyreus-Luyben,16.7200,1.000000,0.999636,0.499896
Tyreus-Luyben,16.7400,1.000000,0.999639,0.499896
Tyreus-Luyben,16.7600,1.000000,0.999641,0.499897
Tyreus-Luyben,16.7800,1.000000,0.999644,0.499899
Tyreus-Luyben,16.8000,1.000000,0.999646,0.499899
Tyreus-Luyben,16.8200,1.000000,0.999649,0.499900
Tyreus-Luyben,16.8400,1.000000,0.999652,0.499900
Tyreus-Luyben,16.8600,1.000000,0.999654,0.499901
Tyreus-Luyben,16.8800,1.000000,0.999657,0.499902
Tyreus-Luyben,16.9000,1.000000,0.999659,0.499902
Tyreus-Luyben,16.9200,1.000000,0.999662,0.499904
Tyreus-Luyben,16.9400,1.000000,0.999664,0.499904
Tyreus-Luyben,16.9600,1.000000,0.999666,0.499905
Tyreus-Luyben,16.9800,1.000000,0.999669,0.499906
Tyreus-Luyben,17.0000,1.000000,0.999671,0.499906
Tyreus-Luyben,17.0200,1.000000,0.999674,0.499907
Tyreus-Luyben,17.0400,1.000000,0.999676,0.499907
Tyreus-Luyben,17.0600,1.000000,0.999678,0.499908
Tyreus-Luyben,17.0800,1.000000,0.999681,0.499909
Tyreus-Luyben,17.1000,1.000000,0.999683,0.499909
Tyreus-Luyben,17.1200,1.000000,0.999685,0.499910
Tyreus-Luyben,17.1400,1.000000,0.999688,0.499911
Tyreus-Luyben,17.1600,1.000000,0.999690,0.499912
Tyreus-Luyben,17.1800,1.000000,0.999692,0.499912
Tyreus-Luyben,17.2000,1.000000,0.999694,0.499913
Tyreus-Luyben,17.2200,1.000000,0.999697,0.499913
Tyreus-Luyben,17.2400,1.000000,0.999699,0.499914
Tyreus-Luyben,17.2600,1.000000,0.999701,0.499914
Tyreus-Luyben,17.2800,1.000000,0.999703,0.499915
Tyreus-Luyben,17.3000,1.000000,0.999705,0.499916
Tyreus-Luyben,17.3200,1.000000,0.999707,0.499916
Tyreus-Luyben,17.3400,1.000000,0.999709,0.499917
Tyreus-Luyben,17.3600,1.000000,0.999712,0.499918
Tyreus-Luyben,17.3800,1.000000,0.999714,0.499918
Tyreus-Luyben,17.4000,1.000000,0.999716,0.499919
Tyreus-Luyben,17.4200,1.000000,0.999718,0.499919
Tyreus-Luyben,17.4400,1.000000,0.999720,0.499920
Tyreus-Luyben,17.4600,1.000000,0.999722,0.499921
Tyreus-Luyben,17.4800,1.000000,0.999724,0.499921
Tyreus-Luyben,17.5000,1.000000,0.999726,0.499922
Tyreus-Luyben,17.5200,1.000000,0.999728,0.499922
Tyreus-Luyben,17.5400,1.000000,0.999730,0.499923
Tyreus-Luyben,17.5600,1.000000,0.999732,0.499923
Tyreus-Luyben,17.5800,1.000000,0.999734,0.499924
Tyreus-Luyben,17.6000,1.000000,0.999736,0.499925
Tyreus-Luyben,17.6200,1.000000,0.999738,0.499925
Tyreus-Luyben,17.6400,1.000000,0.999740,0.499926
Tyreus-Luyben,17.6600,1.000000,0.999741,0.499926
Tyreus-Luyben,17.6800,1.000000,0.999743,0.499927
Tyreus-Luyben,17.7000,1.000000,0.999745,0.499927
Tyreus-Luyben,17.7200,1.000000,0.999747,0.499928
Tyreus-Luyben,17.7400,1.000000,0.999749,0.499928
Tyreus-Luyben,17.7600,1.000000,0.999751,0.499929
Tyreus-Luyben,17.7800,1.000000,0.999752,0.499930
Tyreus-Luyben,17.8000,1.000000,0.999754,0.499929
Tyreus-Luyben,17.8200,1.000000,0.999756,0.499930
Tyreus-Luyben,17.8400,1.000000,0.999758,0.499931
Tyreus-Luyben,17.8600,1.000000,0.999760,0.499931
Tyreus-Luyben,17.8800,1.000000,0.999761,0.499932
Tyreus-Luyben,17.9000,1.000000,0.999763,0.499933
Tyreus-Luyben,17.9200,1.000000,0.999765,0.499932
Tyreus-Luyben,17.9400,1.000000,0.999767,0.499933
Tyreus-Luyben,17.9600,1.000000,0.999768,0.499934
Tyreus-Luyben,17.9800,1.000000,0.999770,0.499934
Tyreus-Luyben,18.0000,1.000000,0.999772,0.499935
Tyreus-Luyben,18.0200,1.000000,0.999773,0.499935
Tyreus-Luyben,18.0400,1.000000,0.999775,0.499936
Tyreus-Luyben,18.0600,1.000000,0.999776,0.499936
Tyreus-Luyben,18.0800,1.000000,0.999778,0.499936
Tyreus-Luyben,18.1000,1.000000,0.999780,0.499937
Tyreus-Luyben,18.1200,1.000000,0.999781,0.499937
Tyreus-Luyben,18.1400,1.000000,0.999783,0.499938
Tyreus-Luyben,18.1600,1.000000,0.999784,0.499938
Tyreus-Luyben,18.1800,1.000000,0.999786,0.499939
Tyreus-Luyben,18.2000,1.000000,0.999788,0.499939
Tyreus-Luyben,18.2200,1.000000,0.999789,0.499940
Tyreus-Luyben,18.2400,1.000000,0.999791,0.499940
Tyreus-Luyben,18.2600,1.000000,0.999792,0.499941
Tyreus-Luyben,18.2800,1.000000,0.999794,0.499941
Tyreus-Luyben,18.3000,1.000000,0.999795,0.499942
Tyreus-Luyben,18.3200,1.000000,0.999797,0.499942
Tyreus-Luyben,18.3400,1.000000,0.999798,0.499942
Tyreus-Luyben,18.3600,1.000000,0.999800,0.499943
Tyreus-Luyben,18.3800,1.000000,0.999801,0.499943
Tyreus-Luyben,18.4000,1.000000,0.999802,0.499944
Tyreus-Luyben,18.4200,1.000000,0.999804,0.499944
Tyreus-Luyben,18.4400,1.000000,0.999805,0.499945
Tyreus-Luyben,18.4600,1.000000,0.999807,0.499945
Tyreus-Luyben,18.4800,1.000000,0.999808,0.499945
Tyreus-Luyben,18.5000,1.000000,0.999810,0.499946
Tyreus-Luyben,18.5200,1.000000,0.999811,0.499946
Tyreus-Luyben,18.5400,1.000000,0.999812,0.499946
Tyreus-Luyben,18.5600,1.000000,0.999814,0.499947
Tyreus-Luyben,18.5800,1.000000,0.999815,0.499947
Tyreus-Luyben,18.6000,1.000000,0.999816,0.499948
Tyreus-Luyben,18.6200,1.000000,0.999818,0.499948
Tyreus-Luyben,18.6400,1.000000,0.999819,0.499948
Tyreus-Luyben,18.6600,1.000000,0.999820,0.499949
Tyreus-Luyben,18.6800,1.000000,0.999822,0.499949
Tyreus-Luyben,18.7000,1.000000,0.999823,0.499949
Tyreus-Luyben,18.7200,1.000000,0.999824,0.499950
Tyreus-Luyben,18.7400,1.000000,0.999826,0.499950
Tyreus-Luyben,18.7600,1.000000,0.999827,0.499951
Tyreus-Luyben,18.7800,1.000000,0.999828,0.499951
Tyreus-Luyben,18.8000,1.000000,0.999829,0.499951
Tyreus-Luyben,18.8200,1.000000,0.999831,0.499952
Tyreus-Luyben,18.8400,1.000000,0.999832,0.499952
Tyreus-Luyben,18.8600,1.000000,0.999833,0.499952
Tyreus-Luyben,18.8800,1.000000,0.999834,0.499952
Tyreus-Luyben,18.9000,1.000000,0.999835,0.499953
Tyreus-Luyben,18.9200,1.000000,0.999837,0.499953
Tyreus-Luyben,18.9400,1.000000,0.999838,0.499954
Tyreus-Luyben,18.9600,1.000000,0.999839,0.499954
Tyreus-Luyben,18.9800,1.000000,0.999840,0.499954
Tyreus-Luyben,19.0000,1.000000,0.999841,0.499955
Tyreus-Luyben,19.0200,1.000000,0.999842,0.499955
Tyreus-Luyben,19.0400,1.000000,0.999844,0.499955
Tyreus-Luyben,19.0600,1.000000,0.999845,0.499956
Tyreus-Luyben,19.0800,1.000000,0.999846,0.499956
Tyreus-Luyben,19.1000,1.000000,0.999847,0.499956
Tyreus-Luyben,19.1200,1.000000,0.999848,0.499957
Tyreus-Luyben,19.1400,1.000000,0.999849,0.499957
Tyreus-Luyben,19.1600,1.000000,0.999850,0.499957
Tyreus-Luyben,19.1800,1.000000,0.999851,0.499957
Tyreus-Luyben,19.2000,1.000000,0.999852,0.499958
Tyreus-Luyben,19.2200,1.000000,0.999853,0.499958
Tyreus-Luyben,19.2400,1.000000,0.999855,0.499958
Tyreus-Luyben,19.2600,1.000000,0.999856,0.499959
Tyreus-Luyben,19.2800,1.000000,0.999857,0.499959
Tyreus-Luyben,19.3000,1.000000,0.999858,0.499959
Tyreus-Luyben,19.3200,1.000000,0.999859,0.499960
Tyreus-Luyben,19.3400,1.000000,0.999860,0.499960
Tyreus-Luyben,19.3600,1.000000,0.999861,0.499960
Tyreus-Luyben,19.3800,1.000000,0.999862,0.499961
Tyreus-Luyben,19.4000,1.000000,0.999863,0.499961
Tyreus-Luyben,19.4200,1.000000,0.999864,0.499961
Tyreus-Luyben,19.4400,1.000000,0.999865,0.499961
Tyreus-Luyben,19.4600,1.000000,0.999866,0.499962
Tyreus-Luyben,19.4800,1.000000,0.999867,0.499962
Tyreus-Luyben,19.5000,1.000000,0.999868,0.499962
Tyreus-Luyben,19.5200,1.000000,0.999869,0.499963
Tyreus-Luyben,19.5400,1.000000,0.999870,0.499963
Tyreus-Luyben,19.5600,1.000000,0.999871,0.499963
Tyreus-Luyben,19.5800,1.000000,0.999871,0.499963
Tyreus-Luyben,19.6000,1.000000,0.999872,0.499963
Tyreus-Luyben,19.6200,1.000000,0.999873,0.499964
Tyreus-Luyben,19.6400,1.000000,0.999874,0.499964
Tyreus-Luyben,19.6600,1.000000,0.999875,0.499964
Tyreus-Luyben,19.6800,1.000000,0.999876,0.499965
Tyreus-Luyben,19.7000,1.000000,0.999877,0.499965
Tyreus-Luyben,19.7200,1.000000,0.999878,0.499965
Tyreus-Luyben,19.7400,1.000000,0.999879,0.499965
Tyreus-Luyben,19.7600,1.000000,0.999880,0.499966
Tyreus-Luyben,19.7800,1.000000,0.999880,0.499966
Tyreus-Luyben,19.8000,1.000000,0.999881,0.499966
Tyreus-Luyben,19.8200,1.000000,0.999882,0.499966
Tyreus-Luyben,19.8400,1.000000,0.999883,0.499967
Tyreus-Luyben,19.8600,1.000000,0.999884,0.499966
Tyreus-Luyben,19.8800,1.000000,0.999885,0.499967
Tyreus-Luyben,19.9000,1.000000,0.999886,0.499967
Tyreus-Luyben,19.9200,1.000000,0.999886,0.499968
Tyreus-Luyben,19.9400,1.000000,0.999887,0.499968
Tyreus-Luyben,19.9600,1.000000,0.999888,0.499968
Tyreus-Luyben,19.9800,1.000000,0.999889,0.499968
Tyreus-Luyben,20.0000,1.000000,0.999890,0.499969
Tyreus-Luyben,20.0200,1.000000,0.999890,0.499969
Tyreus-Luyben,20.0400,1.000000,0.999891,0.499969
Tyreus-Luyben,20.0600,1.000000,0.999892,0.499969
Tyreus-Luyben,20.0800,1.000000,0.999893,0.499969
Tyreus-Luyben,20.1000,1.000000,0.999894,0.499969
Tyreus-Luyben,20.1200,1.000000,0.999894,0.499970
Tyreus-Luyben,20.1400,1.000000,0.999895,0.499970
Tyreus-Luyben,20.1600,1.000000,0.999896,0.499970
Tyreus-Luyben,20.1800,1.000000,0.999897,0.499971
Tyreus-Luyben,20.2000,1.000000,0.999897,0.499971
Tyreus-Luyben,20.2200,1.000000,0.999898,0.499971
Tyreus-Luyben,20.2400,1.000000,0.999899,0.499971
Tyreus-Luyben,20.2600,1.000000,0.999900,0.499971
Tyreus-Luyben,20.2800,1.000000,0.999900,0.499972
Tyreus-Luyben,20.3000,1.000000,0.999901,0.499972
Tyreus-Luyben,20.3200,1.000000,0.999902,0.499972
Tyreus-Luyben,20.3400,1.000000,0.999903,0.499972
Tyreus-Luyben,20.3600,1.000000,0.999903,0.499972
Tyreus-Luyben,20.3800,1.000000,0.999904,0.499973
Tyreus-Luyben,20.4000,1.000000,0.999905,0.499973
Tyreus-Luyben,20.4200,1.000000,0.999905,0.499973
Tyreus-Luyben,20.4400,1.000000,0.999906,0.499974
Tyreus-Luyben,20.4600,1.000000,0.999907,0.499973
Tyreus-Luyben,20.4800,1.000000,0.999907,0.499974
Tyreus-Luyben,20.5000,1.000000,0.999908,0.499974
Tyreus-Luyben,20.5200,1.000000,0.999909,0.499974
Tyreus-Luyben,20.5400,1.000000,0.999909,0.499974
Tyreus-Luyben,20.5600,1.000000,0.999910,0.499974
Tyreus-Luyben,20.5800,1.000000,0.999911,0.499975
Tyreus-Luyben,20.6000,1.000000,0.999911,0.499975
Tyreus-Luyben,20.6200,1.000000,0.999912,0.499975
Tyreus-Luyben,20.6400,1.000000,0.999913,0.499975
Tyreus-Luyben,20.6600,1.000000,0.999913,0.499975
Tyreus-Luyben,20.6800,1.000000,0.999914,0.499975
Tyreus-Luyben,20.7000,1.000000,0.999915,0.499976
Tyreus-Luyben,20.7200,1.000000,0.999915,0.499976
Tyreus-Luyben,20.7400,1.000000,0.999916,0.499976
Tyreus-Luyben,20.7600,1.000000,0.999916,0.499976
Tyreus-Luyben,20.7800,1.000000,0.999917,0.499976
Tyreus-Luyben,20.8000,1.000000,0.999918,0.499976
Tyreus-Luyben,20.8200,1.000000,0.999918,0.499977
Tyreus-Luyben,20.8400,1.000000,0.999919,0.499977
Tyreus-Luyben,20.8600,1.000000,0.999919,0.499977
Tyreus-Luyben,20.8800,1.000000,0.999920,0.499977
Tyreus-Luyben,20.9000,1.000000,0.999921,0.499978
Tyreus-Luyben,20.9200,1.000000,0.999921,0.499977
Tyreus-Luyben,20.9400,1.000000,0.999922,0.499977
Tyreus-Luyben,20.9600,1.000000,0.999922,0.499978
Tyreus-Luyben,20.9800,1.000000,0.999923,0.499978
Tyreus-Luyben,21.0000,1.000000,0.999923,0.499978
Tyreus-Luyben,21.0200,1.000000,0.999924,0.499978
Tyreus-Luyben,21.0400,1.000000,0.999924,0.499978
Tyreus-Luyben,21.0600,1.000000,0.999925,0.499979
Tyreus-Luyben,21.0800,1.000000,0.999926,0.499979
Tyreus-Luyben,21.1000,1.000000,0.999926,0.499979
Tyreus-Luyben,21.1200,1.000000,0.999927,0.499979
Tyreus-Luyben,21.1400,1.000000,0.999927,0.499979
Tyreus-Luyben,21.1600,1.000000,0.999928,0.499979
Tyreus-Luyben,21.1800,1.000000,0.999928,0.499980
Tyreus-Luyben,21.2000,1.000000,0.999929,0.499979
Tyreus-Luyben,21.2200,1.000000,0.999929,0.499980
Tyreus-Luyben,21.2400,1.000000,0.999930,0.499980
Tyreus-Luyben,21.2600,1.000000,0.999930,0.499980
Tyreus-Luyben,21.2800,1.000000,0.999931,0.499980
Tyreus-Luyben,21.3000,1.000000,0.999931,0.499980
Tyreus-Luyben,21.3200,1.000000,0.999932,0.499981
Tyreus-Luyben,21.3400,1.000000,0.999932,0.499981
Tyreus-Luyben,21.3600,1.000000,0.999933,0.499981
Tyreus-Luyben,21.3800,1.000000,0.999933,0.499981
Tyreus-Luyben,21.4000,1.000000,0.999934,0.499981
Tyreus-Luyben,21.4200,1.000000,0.999934,0.499981
Tyreus-Luyben,21.4400,1.000000,0.999935,0.499981
Tyreus-Luyben,21.4600,1.000000,0.999935,0.499981
Tyreus-Luyben,21.4800,1.000000,0.999936,0.499982
Tyreus-Luyben,21.5000,1.000000,0.999936,0.499982
Tyreus-Luyben,21.5200,1.000000,0.999937,0.499982
Tyreus-Luyben,21.5400,1.000000,0.999937,0.499982
Tyreus-Luyben,21.5600,1.000000,0.999937,0.499982
Tyreus-Luyben,21.5800,1.000000,0.999938,0.499982
Tyreus-Luyben,21.6000,1.000000,0.999938,0.499982
Tyreus-Luyben,21.6200,1.000000,0.999939,0.499983
Tyreus-Luyben,21.6400,1.000000,0.999939,0.499982
Tyreus-Luyben,21.6600,1.000000,0.999940,0.499983
Tyreus-Luyben,21.6800,1.000000,0.999940,0.499983
Tyreus-Luyben,21.7000,1.000000,0.999941,0.499983
Tyreus-Luyben,21.7200,1.000000,0.999941,0.499983
Tyreus-Luyben,21.7400,1.000000,0.999941,0.499983
Tyreus-Luyben,21.7600,1.000000,0.999942,0.499984
Tyreus-Luyben,21.7800,1.000000,0.999942,0.499983
Tyreus-Luyben,21.8000,1.000000,0.999943,0.499983
Tyreus-Luyben,21.8200,1.000000,0.999943,0.499984
Tyreus-Luyben,21.8400,1.000000,0.999944,0.499984
Tyreus-Luyben,21.8600,1.000000,0.999944,0.499984
Tyreus-Luyben,21.8800,1.000000,0.999944,0.499984
Tyreus-Luyben,21.9000,1.000000,0.999945,0.499984
Tyreus-Luyben,21.9200,1.000000,0.999945,0.499984
Tyreus-Luyben,21.9400,1.000000,0.999946,0.499985
Tyreus-Luyben,21.9600,1.000000,0.999946,0.499985
Tyreus-Luyben,21.9800,1.000000,0.999946,0.499984
Tyreus-Luyben,22.0000,1.000000,0.999947,0.499985
Tyreus-Luyben,22.0200,1.000000,0.999947,0.499985
Tyreus-Luyben,22.0400,1.000000,0.999948,0.499985
Tyreus-Luyben,22.0600,1.000000,0.999948,0.499985
Tyreus-Luyben,22.0800,1.000000,0.999948,0.499985
Tyreus-Luyben,22.1000,1.000000,0.999949,0.499986
Tyreus-Luyben,22.1200,1.000000,0.999949,0.499986
Tyreus-Luyben,22.1400,1.000000,0.999949,0.499985
Tyreus-Luyben,22.1600,1.000000,0.999950,0.499986
Tyreus-Luyben,22.1800,1.000000,0.999950,0.499986
Tyreus-Luyben,22.2000,1.000000,0.999950,0.499986
Tyreus-Luyben,22.2200,1.000000,0.999951,0.499986
Tyreus-Luyben,22.2400,1.000000,0.999951,0.499986
Tyreus-Luyben,22.2600,1.000000,0.999952,0.499986
Tyreus-Luyben,22.2800,1.000000,0.999952,0.499986
Tyreus-Luyben,22.3000,1.000000,0.999952,0.499986
Tyreus-Luyben,22.3200,1.000000,0.999953,0.499986
Tyreus-Luyben,22.3400,1.000000,0.999953,0.499986
Tyreus-Luyben,22.3600,1.000000,0.999953,0.499986
Tyreus-Luyben,22.3800,1.000000,0.999954,0.499987
Tyreus-Luyben,22.4000,1.000000,0.999954,0.499987
Tyreus-Luyben,22.4200,1.000000,0.999954,0.499987
Tyreus-Luyben,22.4400,1.000000,0.999955,0.499987
Tyreus-Luyben,22.4600,1.000000,0.999955,0.499987
Tyreus-Luyben,22.4800,1.000000,0.999955,0.499987
Tyreus-Luyben,22.5000,1.000000,0.999956,0.499987
Tyreus-Luyben,22.5200,1.000000,0.999956,0.499988
Tyreus-Luyben,22.5400,1.000000,0.999956,0.499987
Tyreus-Luyben,22.5600,1.000000,0.999957,0.499988
Tyreus-Luyben,22.5800,1.000000,0.999957,0.499988
Tyreus-Luyben,22.6000,1.000000,0.999957,0.499987
Tyreus-Luyben,22.6200,1.000000,0.999958,0.499988
Tyreus-Luyben,22.6400,1.000000,0.999958,0.499988
Tyreus-Luyben,22.6600,1.000000,0.999958,0.499988
Tyreus-Luyben,22.6800,1.000000,0.999958,0.499988
Tyreus-Luyben,22.7000,1.000000,0.999959,0.499988
Tyreus-Luyben,22.7200,1.000000,0.999959,0.499988
Tyreus-Luyben,22.7400,1.000000,0.999959,0.499988
Tyreus-Luyben,22.7600,1.000000,0.999960,0.499989
Tyreus-Luyben,22.7800,1.000000,0.999960,0.499989
Tyreus-Luyben,22.8000,1.000000,0.999960,0.499989
Tyreus-Luyben,22.8200,1.000000,0.999960,0.499989
Tyreus-Luyben,22.8400,1.000000,0.999961,0.499989
Tyreus-Luyben,22.8600,1.000000,0.999961,0.499989
Tyreus-Luyben,22.8800,1.000000,0.999961,0.499989
Tyreus-Luyben,22.9000,1.000000,0.999962,0.499989
Tyreus-Luyben,22.9200,1.000000,0.999962,0.499989
Tyreus-Luyben,22.9400,1.000000,0.999962,0.499989
Tyreus-Luyben,22.9600,1.000000,0.999962,0.499989
Tyreus-Luyben,22.9800,1.000000,0.999963,0.499990
Tyreus-Luyben,23.0000,1.000000,0.999963,0.499989
Tyreus-Luyben,23.0200,1.000000,0.999963,0.499990
Tyreus-Luyben,23.0400,1.000000,0.999964,0.499990
Tyreus-Luyben,23.0600,1.000000,0.999964,0.499990
Tyreus-Luyben,23.0800,1.000000,0.999964,0.499990
Tyreus-Luyben,23.1000,1.000000,0.999964,0.499990
Tyreus-Luyben,23.1200,1.000000,0.999965,0.499990
Tyreus-Luyben,23.1400,1.000000,0.999965,0.499990
Tyreus-Luyben,23.1600,1.000000,0.999965,0.499990
Tyreus-Luyben,23.1800,1.000000,0.999965,0.499990
Tyreus-Luyben,23.2000,1.000000,0.999966,0.499990
Tyreus-Luyben,23.2200,1.000000,0.999966,0.499990
Tyreus-Luyben,23.2400,1.000000,0.999966,0.499990
Tyreus-Luyben,23.2600,1.000000,0.999966,0.499990
Tyreus-Luyben,23.2800,1.000000,0.999967,0.499990
Tyreus-Luyben,23.3000,1.000000,0.999967,0.499990
Tyreus-Luyben,23.3200,1.000000,0.999967,0.499990
Tyreus-Luyben,23.3400,1.000000,0.999967,0.499991
Tyreus-Luyben,23.3600,1.000000,0.999968,0.499991
Tyreus-Luyben,23.3800,1.000000,0.999968,0.499991
Tyreus-Luyben,23.4000,1.000000,0.999968,0.499991
Tyreus-Luyben,23.4200,1.000000,0.999968,0.499991
Tyreus-Luyben,23.4400,1.000000,0.999968,0.499991
Tyreus-Luyben,23.4600,1.000000,0.999969,0.499991
Tyreus-Luyben,23.4800,1.000000,0.999969,0.499991
Tyreus-Luyben,23.5000,1.000000,0.999969,0.499991
Tyreus-Luyben,23.5200,1.000000,0.999969,0.499991
Tyreus-Luyben,23.5400,1.000000,0.999970,0.499992
Tyreus-Luyben,23.5600,1.000000,0.999970,0.499991
Tyreus-Luyben,23.5800,1.000000,0.999970,0.499991
Tyreus-Luyben,23.6000,1.000000,0.999970,0.499992
Tyreus-Luyben,23.6200,1.000000,0.999970,0.499992
Tyreus-Luyben,23.6400,1.000000,0.999971,0.499992
Tyreus-Luyben,23.6600,1.000000,0.999971,0.499992
Tyreus-Luyben,23.6800,1.000000,0.999971,0.499992
Tyreus-Luyben,23.7000,1.000000,0.999971,0.499992
Tyreus-Luyben,23.7200,1.000000,0.999972,0.499992
Tyreus-Luyben,23.7400,1.000000,0.999972,0.499992
Tyreus-Luyben,23.7600,1.000000,0.999972,0.499992
Tyreus-Luyben,23.7800,1.000000,0.999972,0.499992
Tyreus-Luyben,23.8000,1.000000,0.999972,0.499992
Tyreus-Luyben,23.8200,1.000000,0.999973,0.499992
Tyreus-Luyben,23.8400,1.000000,0.999973,0.499992
Tyreus-Luyben,23.8600,1.000000,0.999973,0.499992
Tyreus-Luyben,23.8800,1.000000,0.999973,0.499992
Tyreus-Luyben,23.9000,1.000000,0.999973,0.499992
Tyreus-Luyben,23.9200,1.000000,0.999974,0.499993
Tyreus-Luyben,23.9400,1.000000,0.999974,0.499993
Tyreus-Luyben,23.9600,1.000000,0.999974,0.499992
Tyreus-Luyben,23.9800,1.000000,0.999974,0.499993
Tyreus-Luyben,24.0000,1.000000,0.999974,0.499993
Tyreus-Luyben,24.0200,1.000000,0.999974,0.499993
Tyreus-Luyben,24.0400,1.000000,0.999975,0.499992
Tyreus-Luyben,24.0600,1.000000,0.999975,0.499993
Tyreus-Luyben,24.0800,1.000000,0.999975,0.499993
Tyreus-Luyben,24.1000,1.000000,0.999975,0.499993
Tyreus-Luyben,24.1200,1.000000,0.999975,0.499993
Tyreus-Luyben,24.1400,1.000000,0.999976,0.499993
Tyreus-Luyben,24.1600,1.000000,0.999976,0.499993
Tyreus-Luyben,24.1800,1.000000,0.999976,0.499993
Tyreus-Luyben,24.2000,1.000000,0.999976,0.499993
Tyreus-Luyben,24.2200,1.000000,0.999976,0.499994
Tyreus-Luyben,24.2400,1.000000,0.999976,0.499994
Tyreus-Luyben,24.2600,1.000000,0.999977,0.499993
Tyreus-Luyben,24.2800,1.000000,0.999977,0.499993
Tyreus-Luyben,24.3000,1.000000,0.999977,0.499994
Tyreus-Luyben,24.3200,1.000000,0.999977,0.499994
Tyreus-Luyben,24.3400,1.000000,0.999977,0.499994
Tyreus-Luyben,24.3600,1.000000,0.999977,0.499993
Tyreus-Luyben,24.3800,1.000000,0.999978,0.499993
Tyreus-Luyben,24.4000,1.000000,0.999978,0.499994
Tyreus-Luyben,24.4200,1.000000,0.999978,0.499994
Tyreus-Luyben,24.4400,1.000000,0.999978,0.499993
Tyreus-Luyben,24.4600,1.000000,0.999978,0.499993
Tyreus-Luyben,24.4800,1.000000,0.999978,0.499994
Tyreus-Luyben,24.5000,1.000000,0.999979,0.499994
Tyreus-Luyben,24.5200,1.000000,0.999979,0.499994
Tyreus-Luyben,24.5400,1.000000,0.999979,0.499994
Tyreus-Luyben,24.5600,1.000000,0.999979,0.499994
Tyreus-Luyben,24.5800,1.000000,0.999979,0.499994
Tyreus-Luyben,24.6000,1.000000,0.999979,0.499994
Tyreus-Luyben,24.6200,1.000000,0.999980,0.499994
Tyreus-Luyben,24.6400,1.000000,0.999980,0.499994
Tyreus-Luyben,24.6600,1.000000,0.999980,0.499994
Tyreus-Luyben,24.6800,1.000000,0.999980,0.499994
Tyreus-Luyben,24.7000,1.000000,0.999980,0.499994
Tyreus-Luyben,24.7200,1.000000,0.999980,0.499994
Tyreus-Luyben,24.7400,1.000000,0.999980,0.499994
Tyreus-Luyben,24.7600,1.000000,0.999981,0.499994
Tyreus-Luyben,24.7800,1.000000,0.999981,0.499995
Tyreus-Luyben,24.8000,1.000000,0.999981,0.499995
Tyreus-Luyben,24.8200,1.000000,0.999981,0.499995
Tyreus-Luyben,24.8400,1.000000,0.999981,0.499995
Tyreus-Luyben,24.8600,1.000000,0.999981,0.499995
Tyreus-Luyben,24.8800,1.000000,0.999981,0.499995
Tyreus-Luyben,24.9000,1.000000,0.999981,0.499995
Tyreus-Luyben,24.9200,1.000000,0.999982,0.499995
Tyreus-Luyben,24.9400,1.000000,0.999982,0.499995
Tyreus-Luyben,24.9600,1.000000,0.999982,0.499995
Tyreus-Luyben,24.9800,1.000000,0.999982,0.499995
Pessen-Integral,0.0000,1.000000,0.000000,2.000000
Pessen-Integral,0.0200,1.000000,0.000000,2.000000
Pessen-Integral,0.0400,1.000000,0.000000,2.000000
Pessen-Integral,0.0600,1.000000,0.000000,2.000000
Pessen-Integral,0.0800,1.000000,0.000000,2.000000
Pessen-Integral,0.1000,1.000000,0.000000,2.000000
Pessen-Integral,0.1200,1.000000,0.000000,2.000000
Pessen-Integral,0.1400,1.000000,0.000000,2.000000
Pessen-Integral,0.1600,1.000000,0.000000,2.000000
Pessen-Integral,0.1800,1.000000,0.000000,2.000000
Pessen-Integral,0.2000,1.000000,0.000000,2.000000
Pessen-Integral,0.2200,1.000000,0.000000,2.000000
Pessen-Integral,0.2400,1.000000,0.000000,2.000000
Pessen-Integral,0.2600,1.000000,0.000000,2.000000
Pessen-Integral,0.2800,1.000000,0.000000,2.000000
Pessen-Integral,0.3000,1.000000,0.039801,2.000000
Pessen-Integral,0.3200,1.000000,0.118218,1.961833
Pessen-Integral,0.3400,1.000000,0.195082,1.587208
Pessen-Integral,0.3600,1.000000,0.270425,1.407398
Pessen-Integral,0.3800,1.000000,0.344275,1.299427
Pessen-Integral,0.4000,1.000000,0.416663,1.216252
Pessen-Integral,0.4200,1.000000,0.487618,1.139912
Pessen-Integral,0.4400,1.000000,0.557168,1.063580
Pessen-Integral,0.4600,1.000000,0.625341,0.984692
Pessen-Integral,0.4800,1.000000,0.692163,0.902319
Pessen-Integral,0.5000,1.000000,0.757663,0.816154
Pessen-Integral,0.5200,1.000000,0.821866,0.726127
Pessen-Integral,0.5400,1.000000,0.884797,0.632260
Pessen-Integral,0.5600,1.000000,0.946482,0.534609
Pessen-Integral,0.5800,1.000000,1.006946,0.433238
Pessen-Integral,0.6000,1.000000,1.066212,0.328222
Pessen-Integral,0.6200,1.000000,1.123546,0.219625
Pessen-Integral,0.6400,1.000000,1.167108,0.192844
Pessen-Integral,0.6600,1.000000,1.201230,0.265800
Pessen-Integral,0.6800,1.000000,1.229869,0.316072
Pessen-Integral,0.7000,1.000000,1.254471,0.336752
Pessen-Integral,0.7200,1.000000,1.275521,0.340671
Pessen-Integral,0.7400,1.000000,1.293141,0.338832
Pessen-Integral,0.7600,1.000000,1.307316,0.337956
Pessen-Integral,0.7800,1.000000,1.317985,0.341734
Pessen-Integral,0.8000,1.000000,1.325067,0.352185
Pessen-Integral,0.8200,1.000000,1.328482,0.370474
Pessen-Integral,0.8400,1.000000,1.328149,0.397371
Pessen-Integral,0.8600,1.000000,1.323993,0.433456
Pessen-Integral,0.8800,1.000000,1.315942,0.479239
Pessen-Integral,0.9000,1.000000,1.303926,0.535184
Pessen-Integral,0.9200,1.000000,1.287883,0.601745
Pessen-Integral,0.9400,1.000000,1.269673,0.676027
Pessen-Integral,0.9600,1.000000,1.254339,0.697138
Pessen-Integral,0.9800,1.000000,1.241608,0.674753
Pessen-Integral,1.0000,1.000000,1.230213,0.646958
Pessen-Integral,1.0200,1.000000,1.219331,0.628425
Pessen-Integral,1.0400,1.000000,1.208628,0.619609
Pessen-Integral,1.0600,1.000000,1.198080,0.616524
Pessen-Integral,1.0800,1.000000,1.187838,0.615002
Pessen-Integral,1.1000,1.000000,1.178144,0.611817
Pessen-Integral,1.1200,1.000000,1.169286,0.604638
Pessen-Integral,1.1400,1.000000,1.161583,0.591730
Pessen-Integral,1.1600,1.000000,1.155369,0.571684
Pessen-Integral,1.1800,1.000000,1.150995,0.543251
Pessen-Integral,1.2000,1.000000,1.148822,0.505233
Pessen-Integral,1.2200,1.000000,1.149222,0.456430
Pessen-Integral,1.2400,1.000000,1.152512,0.395614
Pessen-Integral,1.2600,1.000000,1.157257,0.330302
Pessen-Integral,1.2800,1.000000,1.161334,0.289136
Pessen-Integral,1.3000,1.000000,1.164218,0.271740
Pessen-Integral,1.3200,1.000000,1.166208,0.264184
Pessen-Integral,1.3400,1.000000,1.167721,0.256526
Pessen-Integral,1.3600,1.000000,1.169036,0.245224
Pessen-Integral,1.3800,1.000000,1.170259,0.230614
Pessen-Integral,1.4000,1.000000,1.171355,0.214545
Pessen-Integral,1.4200,1.000000,1.172189,0.199147
Pessen-Integral,1.4400,1.000000,1.172555,0.186390
Pessen-Integral,1.4600,1.000000,1.172194,0.178047
Pessen-Integral,1.4800,1.000000,1.170799,0.175750
Pessen-Integral,1.5000,1.000000,1.168024,0.181096
Pessen-Integral,1.5200,1.000000,1.163480,0.195720
Pessen-Integral,1.5400,1.000000,1.156739,0.221342
Pessen-Integral,1.5600,1.000000,1.147526,0.259502
Pessen-Integral,1.5800,1.000000,1.136587,0.303210
Pessen-Integral,1.6000,1.000000,1.124972,0.339211
Pessen-Integral,1.6200,1.000000,1.113225,0.364523
Pessen-Integral,1.6400,1.000000,1.101423,0.383680
Pessen-Integral,1.6600,1.000000,1.089446,0.401998
Pessen-Integral,1.6800,1.000000,1.077156,0.422647
Pessen-Integral,1.7000,1.000000,1.064483,0.446559
Pessen-Integral,1.7200,1.000000,1.051439,0.473251
Pessen-Integral,1.7400,1.000000,1.038118,0.501563
Pessen-Integral,1.7600,1.000000,1.024682,0.530069
Pessen-Integral,1.7800,1.000000,1.011358,0.557244
Pessen-Integral,1.8000,1.000000,0.998430,0.581490
Pessen-Integral,1.8200,1.000000,0.986242,0.601110
Pessen-Integral,1.8400,1.000000,0.975197,0.614254
Pessen-Integral,1.8600,1.000000,0.965757,0.618886
Pessen-Integral,1.8800,1.000000,0.958217,0.613623
Pessen-Integral,1.9000,1.000000,0.952350,0.602519
Pessen-Integral,1.9200,1.000000,0.947701,0.592184
Pessen-Integral,1.9400,1.000000,0.943949,0.585580
Pessen-Integral,1.9600,1.000000,0.940994,0.581705
Pessen-Integral,1.9800,1.000000,0.938888,0.578015
Pessen-Integral,2.0000,1.000000,0.937738,0.572292
Pessen-Integral,2.0200,1.000000,0.937643,0.563320
Pessen-Integral,2.0400,1.000000,0.938659,0.550809
Pessen-Integral,2.0600,1.000000,0.940785,0.535118
Pessen-Integral,2.0800,1.000000,0.943962,0.517008
Pessen-Integral,2.1000,1.000000,0.948069,0.497500
Pessen-Integral,2.1200,1.000000,0.952922,0.477830
Pessen-Integral,2.1400,1.000000,0.958268,0.459441
Pessen-Integral,2.1600,1.000000,0.963780,0.444032
Pessen-Integral,2.1800,1.000000,0.969072,0.433562
Pessen-Integral,2.2000,1.000000,0.973859,0.429208
Pessen-Integral,2.2200,1.000000,0.978121,0.429175
Pessen-Integral,2.2400,1.000000,0.982000,0.430141
Pessen-Integral,2.2600,1.000000,0.985626,0.429968
Pessen-Integral,2.2800,1.000000,0.989040,0.428499
Pessen-Integral,2.3000,1.000000,0.992183,0.426838
Pessen-Integral,2.3200,1.000000,0.994942,0.426387
Pessen-Integral,2.3400,1.000000,0.997186,0.428256
Pessen-Integral,2.3600,1.000000,0.998795,0.433071
Pessen-Integral,2.3800,1.000000,0.999675,0.441006
Pessen-Integral,2.4000,1.000000,0.999777,0.451872
Pessen-Integral,2.4200,1.000000,0.999096,0.465183
Pessen-Integral,2.4400,1.000000,0.997683,0.480194
Pessen-Integral,2.4600,1.000000,0.995655,0.495891
Pessen-Integral,2.4800,1.000000,0.993198,0.510956
Pessen-Integral,2.5000,1.000000,0.990558,0.523813
Pessen-Integral,2.5200,1.000000,0.987934,0.533455
Pessen-Integral,2.5400,1.000000,0.985398,0.540465
Pessen-Integral,2.5600,1.000000,0.982919,0.546441
Pessen-Integral,2.5800,1.000000,0.980442,0.552728
Pessen-Integral,2.6000,1.000000,0.977947,0.559751
Pessen-Integral,2.6200,1.000000,0.975469,0.567103
Pessen-Integral,2.6400,1.000000,0.973088,0.573958
Pessen-Integral,2.6600,1.000000,0.970915,0.579455
Pessen-Integral,2.6800,1.000000,0.969069,0.582905
Pessen-Integral,2.7000,1.000000,0.967662,0.583875
Pessen-Integral,2.7200,1.000000,0.966787,0.582184
Pessen-Integral,2.7400,1.000000,0.966509,0.577895
Pessen-Integral,2.7600,1.000000,0.966855,0.571320
Pessen-Integral,2.7800,1.000000,0.967800,0.563029
Pessen-Integral,2.8000,1.000000,0.969261,0.553901
Pessen-Integral,2.8200,1.000000,0.971108,0.545041
Pessen-Integral,2.8400,1.000000,0.973218,0.537240
Pessen-Integral,2.8600,1.000000,0.975529,0.530448
Pessen-Integral,2.8800,1.000000,0.978038,0.523949
Pessen-Integral,2.9000,1.000000,0.980769,0.516952
Pessen-Integral,2.9200,1.000000,0.983735,0.509054
Pessen-Integral,2.9400,1.000000,0.986920,0.500342
Pessen-Integral,2.9600,1.000000,0.990276,0.491254
Pessen-Integral,2.9800,1.000000,0.993724,0.482391
Pessen-Integral,3.0000,1.000000,0.997167,0.474346
Pessen-Integral,3.0200,1.000000,1.000501,0.467621
Pessen-Integral,3.0400,1.000000,1.003624,0.462576
Pessen-Integral,3.0600,1.000000,1.006446,0.459403
Pessen-Integral,3.0800,1.000000,1.008900,0.458110
Pessen-Integral,3.1000,1.000000,1.010949,0.458485
Pessen-Integral,3.1200,1.000000,1.012601,0.460048
Pessen-Integral,3.1400,1.000000,1.013900,0.462134
Pessen-Integral,3.1600,1.000000,1.014896,0.464204
Pessen-Integral,3.1800,1.000000,1.015614,0.466158
Pessen-Integral,3.2000,1.000000,1.016047,0.468313
Pessen-Integral,3.2200,1.000000,1.016168,0.471143
Pessen-Integral,3.2400,1.000000,1.015949,0.474991
Pessen-Integral,3.2600,1.000000,1.015376,0.479940
Pessen-Integral,3.2800,1.000000,1.014460,0.485819
Pessen-Integral,3.3000,1.000000,1.013235,0.492284
Pessen-Integral,3.3200,1.000000,1.011753,0.498921
Pessen-Integral,3.3400,1.000000,1.010083,0.505308
Pessen-Integral,3.3600,1.000000,1.008302,0.511078
Pessen-Integral,3.3800,1.000000,1.006487,0.515948
Pessen-Integral,3.4000,1.000000,1.004707,0.519756
Pessen-Integral,3.4200,1.000000,1.003014,0.522500
Pessen-Integral,3.4400,1.000000,1.001434,0.524379
Pessen-Integral,3.4600,1.000000,0.999968,0.525741
Pessen-Integral,3.4800,1.000000,0.998609,0.526909
Pessen-Integral,3.5000,1.000000,0.997360,0.527985
Pessen-Integral,3.5200,1.000000,0.996239,0.528814
Pessen-Integral,3.5400,1.000000,0.995283,0.529099
Pessen-Integral,3.5600,1.000000,0.994530,0.528553
Pessen-Integral,3.5800,1.000000,0.994017,0.527008
Pessen-Integral,3.6000,1.000000,0.993765,0.524460
Pessen-Integral,3.6200,1.000000,0.993781,0.521042
Pessen-Integral,3.6400,1.000000,0.994052,0.516983
Pessen-Integral,3.6600,1.000000,0.994554,0.512558
Pessen-Integral,3.6800,1.000000,0.995248,0.508049
Pessen-Integral,3.7000,1.000000,0.996089,0.503709
Pessen-Integral,3.7200,1.000000,0.997033,0.499731
Pessen-Integral,3.7400,1.000000,0.998041,0.496203
Pessen-Integral,3.7600,1.000000,0.999086,0.493078
Pessen-Integral,3.7800,1.000000,1.000159,0.490195
Pessen-Integral,3.8000,1.000000,1.001254,0.487377
Pessen-Integral,3.8200,1.000000,1.002363,0.484554
Pessen-Integral,3.8400,1.000000,1.003467,0.481806
Pessen-Integral,3.8600,1.000000,1.004537,0.479329
Pessen-Integral,3.8800,1.000000,1.005535,0.477349
Pessen-Integral,3.9000,1.000000,1.006421,0.476059
Pessen-Integral,3.9200,1.000000,1.007163,0.475557
Pessen-Integral,3.9400,1.000000,1.007735,0.475848
Pessen-Integral,3.9600,1.000000,1.008123,0.476857
Pessen-Integral,3.9800,1.000000,1.008325,0.478446
Pessen-Integral,4.0000,1.000000,1.008349,0.480452
Pessen-Integral,4.0200,1.000000,1.008212,0.482694
Pessen-Integral,4.0400,1.000000,1.007932,0.485026
Pessen-Integral,4.0600,1.000000,1.007531,0.487351
Pessen-Integral,4.0800,1.000000,1.007022,0.489663
Pessen-Integral,4.1000,1.000000,1.006410,0.492032
Pessen-Integral,4.1200,1.000000,1.005700,0.494553
Pessen-Integral,4.1400,1.000000,1.004893,0.497280
Pessen-Integral,4.1600,1.000000,1.004001,0.500175
Pessen-Integral,4.1800,1.000000,1.003042,0.503118
Pessen-Integral,4.2000,1.000000,1.002045,0.505945
Pessen-Integral,4.2200,1.000000,1.001039,0.508484
Pessen-Integral,4.2400,1.000000,1.000058,0.510607
Pessen-Integral,4.2600,1.000000,0.999128,0.512237
Pessen-Integral,4.2800,1.000000,0.998275,0.513358
Pessen-Integral,4.3000,1.000000,0.997515,0.514002
Pessen-Integral,4.3200,1.000000,0.996856,0.514237
Pessen-Integral,4.3400,1.000000,0.996302,0.514156
Pessen-Integral,4.3600,1.000000,0.995852,0.513847
Pessen-Integral,4.3800,1.000000,0.995502,0.513373
Pessen-Integral,4.4000,1.000000,0.995252,0.512744
Pessen-Integral,4.4200,1.000000,0.995105,0.511921
Pessen-Integral,4.4400,1.000000,0.995066,0.510838
Pessen-Integral,4.4600,1.000000,0.995142,0.509444
Pessen-Integral,4.4800,1.000000,0.995333,0.507739
Pessen-Integral,4.5000,1.000000,0.995633,0.505779
Pessen-Integral,4.5200,1.000000,0.996032,0.503665
Pessen-Integral,4.5400,1.000000,0.996511,0.501519
Pessen-Integral,4.5600,1.000000,0.997050,0.499455
Pessen-Integral,4.5800,1.000000,0.997627,0.497560
Pessen-Integral,4.6000,1.000000,0.998223,0.495890
Pessen-Integral,4.6200,1.000000,0.998821,0.494467
Pessen-Integral,4.6400,1.000000,0.999406,0.493281
Pessen-Integral,4.6600,1.000000,0.999970,0.492300
Pessen-Integral,4.6800,1.000000,1.000505,0.491482
Pessen-Integral,4.7000,1.000000,1.001007,0.490804
Pessen-Integral,4.7200,1.000000,1.001467,0.490262
Pessen-Integral,4.7400,1.000000,1.001879,0.489889
Pessen-Integral,4.7600,1.000000,1.002230,0.489742
Pessen-Integral,4.7800,1.000000,1.002510,0.489876
Pessen-Integral,4.8000,1.000000,1.002709,0.490318
Pessen-Integral,4.8200,1.000000,1.002822,0.491059
Pessen-Integral,4.8400,1.000000,1.002847,0.492058
Pessen-Integral,4.8600,1.000000,1.002789,0.493247
Pessen-Integral,4.8800,1.000000,1.002655,0.494552
Pessen-Integral,4.9000,1.000000,1.002456,0.495898
Pessen-Integral,4.9200,1.000000,1.002202,0.497236
Pessen-Integral,4.9400,1.000000,1.001903,0.498529
Pessen-Integral,4.9600,1.000000,1.001570,0.499764
Pessen-Integral,4.9800,1.000000,1.001209,0.500943
Pessen-Integral,5.0000,1.000000,1.000827,0.502078
Pessen-Integral,5.0200,1.000000,1.000430,0.503180
Pessen-Integral,5.0400,1.000000,1.000024,0.504241
Pessen-Integral,5.0600,1.000000,0.999618,0.505231
Pessen-Integral,5.0800,1.000000,0.999223,0.506104
Pessen-Integral,5.1000,1.000000,0.998850,0.506805
Pessen-Integral,5.1200,1.000000,0.998510,0.507296
Pessen-Integral,5.1400,1.000000,0.998215,0.507550
Pessen-Integral,5.1600,1.000000,0.997971,0.507573
Pessen-Integral,5.1800,1.000000,0.997782,0.507389
Pessen-Integral,5.2000,1.000000,0.997650,0.507031
Pessen-Integral,5.2200,1.000000,0.997574,0.506542
Pessen-Integral,5.2400,1.000000,0.997552,0.505957
Pessen-Integral,5.2600,1.000000,0.997579,0.505301
Pessen-Integral,5.2800,1.000000,0.997652,0.504591
Pessen-Integral,5.3000,1.000000,0.997770,0.503829
Pessen-Integral,5.3200,1.000000,0.997929,0.503011
Pessen-Integral,5.3400,1.000000,0.998128,0.502134
Pessen-Integral,5.3600,1.000000,0.998363,0.501202
Pessen-Integral,5.3800,1.000000,0.998629,0.500235
Pessen-Integral,5.4000,1.000000,0.998919,0.499269
Pessen-Integral,5.4200,1.000000,0.999225,0.498348
Pessen-Integral,5.4400,1.000000,0.999537,0.497511
Pessen-Integral,5.4600,1.000000,0.999847,0.496793
Pessen-Integral,5.4800,1.000000,1.000145,0.496211
Pessen-Integral,5.5000,1.000000,1.000424,0.495770
Pessen-Integral,5.5200,1.000000,1.000680,0.495460
Pessen-Integral,5.5400,1.000000,1.000908,0.495269
Pessen-Integral,5.5600,1.000000,1.001107,0.495180
Pessen-Integral,5.5800,1.000000,1.001274,0.495182
Pessen-Integral,5.6000,1.000000,1.001408,0.495268
Pessen-Integral,5.6200,1.000000,1.001508,0.495438
Pessen-Integral,5.6400,1.000000,1.001571,0.495700
Pessen-Integral,5.6600,1.000000,1.001597,0.496060
Pessen-Integral,5.6800,1.000000,1.001584,0.496521
Pessen-Integral,5.7000,1.000000,1.001533,0.497074
Pessen-Integral,5.7200,1.000000,1.001446,0.497700
Pessen-Integral,5.7400,1.000000,1.001327,0.498372
Pessen-Integral,5.7600,1.000000,1.001181,0.499057
Pessen-Integral,5.7800,1.000000,1.001013,0.499728
Pessen-Integral,5.8000,1.000000,1.000829,0.500362
Pessen-Integral,5.8200,1.000000,1.000636,0.500943
Pessen-Integral,5.8400,1.000000,1.000437,0.501465
Pessen-Integral,5.8600,1.000000,1.000238,0.501930
Pessen-Integral,5.8800,1.000000,1.000043,0.502339
Pessen-Integral,5.9000,1.000000,0.999853,0.502692
Pessen-Integral,5.9200,1.000000,0.999674,0.502990
Pessen-Integral,5.9400,1.000000,0.999507,0.503225
Pessen-Integral,5.9600,1.000000,0.999357,0.503387
Pessen-Integral,5.9800,1.000000,0.999227,0.503467
Pessen-Integral,6.0000,1.000000,0.999121,0.503453
Pessen-Integral,6.0200,1.000000,0.999041,0.503343
Pessen-Integral,6.0400,1.000000,0.998989,0.503142
Pessen-Integral,6.0600,1.000000,0.998965,0.502862
Pessen-Integral,6.0800,1.000000,0.998968,0.502520
Pessen-Integral,6.1000,1.000000,0.998996,0.502137
Pessen-Integral,6.1200,1.000000,0.999048,0.501727
Pessen-Integral,6.1400,1.000000,0.999120,0.501304
Pessen-Integral,6.1600,1.000000,0.999209,0.500879
Pessen-Integral,6.1800,1.000000,0.999314,0.500455
Pessen-Integral,6.2000,1.000000,0.999431,0.500036
Pessen-Integral,6.2200,1.000000,0.999558,0.499623
Pessen-Integral,6.2400,1.000000,0.999692,0.499223
Pessen-Integral,6.2600,1.000000,0.999831,0.498841
Pessen-Integral,6.2800,1.000000,0.999971,0.498488
Pessen-Integral,6.3000,1.000000,1.000108,0.498179
Pessen-Integral,6.3200,1.000000,1.000240,0.497926
Pessen-Integral,6.3400,1.000000,1.000362,0.497736
Pessen-Integral,6.3600,1.000000,1.000471,0.497618
Pessen-Integral,6.3800,1.000000,1.000565,0.497567
Pessen-Integral,6.4000,1.000000,1.000642,0.497578
Pessen-Integral,6.4200,1.000000,1.000702,0.497647
Pessen-Integral,6.4400,1.000000,1.000744,0.497761
Pessen-Integral,6.4600,1.000000,1.000768,0.497916
Pessen-Integral,6.4800,1.000000,1.000775,0.498103
Pessen-Integral,6.5000,1.000000,1.000765,0.498321
Pessen-Integral,6.5200,1.000000,1.000739,0.498566
Pessen-Integral,6.5400,1.000000,1.000698,0.498837
Pessen-Integral,6.5600,1.000000,1.000642,0.499131
Pessen-Integral,6.5800,1.000000,1.000573,0.499442
Pessen-Integral,6.6000,1.000000,1.000492,0.499763
Pessen-Integral,6.6200,1.000000,1.000403,0.500082
Pessen-Integral,6.6400,1.000000,1.000307,0.500388
Pessen-Integral,6.6600,1.000000,1.000207,0.500672
Pessen-Integral,6.6800,1.000000,1.000107,0.500919
Pessen-Integral,6.7000,1.000000,1.000009,0.501133
Pessen-Integral,6.7200,1.000000,0.999915,0.501307
Pessen-Integral,6.7400,1.000000,0.999826,0.501441
Pessen-Integral,6.7600,1.000000,0.999746,0.501539
Pessen-Integral,6.7800,1.000000,0.999674,0.501602
Pessen-Integral,6.8000,1.000000,0.999611,0.501631
Pessen-Integral,6.8200,1.000000,0.999560,0.501626
Pessen-Integral,6.8400,1.000000,0.999520,0.501587
Pessen-Integral,6.8600,1.000000,0.999492,0.501513
Pessen-Integral,6.8800,1.000000,0.999477,0.501403
Pessen-Integral,6.9000,1.000000,0.999475,0.501260
Pessen-Integral,6.9200,1.000000,0.999485,0.501088
Pessen-Integral,6.9400,1.000000,0.999508,0.500892
Pessen-Integral,6.9600,1.000000,0.999541,0.500680
Pessen-Integral,6.9800,1.000000,0.999585,0.500461
Pessen-Integral,7.0000,1.000000,0.999636,0.500243
Pessen-Integral,7.0200,1.000000,0.999693,0.500031
Pessen-Integral,7.0400,1.000000,0.999755,0.499830
Pessen-Integral,7.0600,1.000000,0.999820,0.499641
Pessen-Integral,7.0800,1.000000,0.999886,0.499469
Pessen-Integral,7.1000,1.000000,0.999953,0.499313
Pessen-Integral,7.1200,1.000000,1.000018,0.499174
Pessen-Integral,7.1400,1.000000,1.000081,0.499057
Pessen-Integral,7.1600,1.000000,1.000141,0.498962
Pessen-Integral,7.1800,1.000000,1.000194,0.498893
Pessen-Integral,7.2000,1.000000,1.000242,0.498853
Pessen-Integral,7.2200,1.000000,1.000282,0.498844
Pessen-Integral,7.2400,1.000000,1.000314,0.498865
Pessen-Integral,7.2600,1.000000,1.000337,0.498915
Pessen-Integral,7.2800,1.000000,1.000350,0.498989
Pessen-Integral,7.3000,1.000000,1.000355,0.499087
Pessen-Integral,7.3200,1.000000,1.000351,0.499199
Pessen-Integral,7.3400,1.000000,1.000340,0.499323
Pessen-Integral,7.3600,1.000000,1.000321,0.499458
Pessen-Integral,7.3800,1.000000,1.000295,0.499596
Pessen-Integral,7.4000,1.000000,1.000263,0.499740
Pessen-Integral,7.4200,1.000000,1.000227,0.499883
Pessen-Integral,7.4400,1.000000,1.000186,0.500028
Pessen-Integral,7.4600,1.000000,1.000142,0.500168
Pessen-Integral,7.4800,1.000000,1.000096,0.500303
Pessen-Integral,7.5000,1.000000,1.000049,0.500426
Pessen-Integral,7.5200,1.000000,1.000002,0.500537
Pessen-Integral,7.5400,1.000000,0.999957,0.500629
Pessen-Integral,7.5600,1.000000,0.999914,0.500702
Pessen-Integral,7.5800,1.000000,0.999875,0.500754
Pessen-Integral,7.6000,1.000000,0.999840,0.500786
Pessen-Integral,7.6200,1.000000,0.999811,0.500797
Pessen-Integral,7.6400,1.000000,0.999786,0.500790
Pessen-Integral,7.6600,1.000000,0.999768,0.500766
Pessen-Integral,7.6800,1.000000,0.999755,0.500727
Pessen-Integral,7.7000,1.000000,0.999748,0.500674
Pessen-Integral,7.7200,1.000000,0.999747,0.500608
Pessen-Integral,7.7400,1.000000,0.999752,0.500531
Pessen-Integral,7.7600,1.000000,0.999762,0.500444
Pessen-Integral,7.7800,1.000000,0.999777,0.500349
Pessen-Integral,7.8000,1.000000,0.999798,0.500246
Pessen-Integral,7.8200,1.000000,0.999822,0.500140
Pessen-Integral,7.8400,1.000000,0.999849,0.500035
Pessen-Integral,7.8600,1.000000,0.999880,0.499933
Pessen-Integral,7.8800,1.000000,0.999911,0.499836
Pessen-Integral,7.9000,1.000000,0.999944,0.499749
Pessen-Integral,7.9200,1.000000,0.999977,0.499671
Pessen-Integral,7.9400,1.000000,1.000008,0.499605
Pessen-Integral,7.9600,1.000000,1.000039,0.499550
Pessen-Integral,7.9800,1.000000,1.000067,0.499509
Pessen-Integral,8.0000,1.000000,1.000093,0.499477
Pessen-Integral,8.0200,1.000000,1.000116,0.499459
Pessen-Integral,8.0400,1.000000,1.000136,0.499451
Pessen-Integral,8.0600,1.000000,1.000151,0.499459
Pessen-Integral,8.0800,1.000000,1.000163,0.499476
Pessen-Integral,8.1000,1.000000,1.000171,0.499508
Pessen-Integral,8.1200,1.000000,1.000174,0.499550
Pessen-Integral,8.1400,1.000000,1.000173,0.499602
Pessen-Integral,8.1600,1.000000,1.000168,0.499663
Pessen-Integral,8.1800,1.000000,1.000159,0.499729
Pessen-Integral,8.2000,1.000000,1.000147,0.499798
Pessen-Integral,8.2200,1.000000,1.000132,0.499868
Pessen-Integral,8.2400,1.000000,1.000114,0.499939
Pessen-Integral,8.2600,1.000000,1.000094,0.500009
Pessen-Integral,8.2800,1.000000,1.000073,0.500075
Pessen-Integral,8.3000,1.000000,1.000052,0.500137
Pessen-Integral,8.3200,1.000000,1.000029,0.500196
Pessen-Integral,8.3400,1.000000,1.000007,0.500246
Pessen-Integral,8.3600,1.000000,0.999985,0.500291
Pessen-Integral,8.3800,1.000000,0.999965,0.500327
Pessen-Integral,8.4000,1.000000,0.999945,0.500356
Pessen-Integral,8.4200,1.000000,0.999928,0.500374
Pessen-Integral,8.4400,1.000000,0.999913,0.500383
Pessen-Integral,8.4600,1.000000,0.999901,0.500381
Pessen-Integral,8.4800,1.000000,0.999892,0.500371
Pessen-Integral,8.5000,1.000000,0.999885,0.500352
Pessen-Integral,8.5200,1.000000,0.999882,0.500325
Pessen-Integral,8.5400,1.000000,0.999881,0.500292
Pessen-Integral,8.5600,1.000000,0.999883,0.500255
Pessen-Integral,8.5800,1.000000,0.999888,0.500213
Pessen-Integral,8.6000,1.000000,0.999895,0.500168
Pessen-Integral,8.6200,1.000000,0.999904,0.500120
Pessen-Integral,8.6400,1.000000,0.999915,0.500072
Pessen-Integral,8.6600,1.000000,0.999928,0.500023
Pessen-Integral,8.6800,1.000000,0.999942,0.499975
Pessen-Integral,8.7000,1.000000,0.999957,0.499928
Pessen-Integral,8.7200,1.000000,0.999972,0.499885
Pessen-Integral,8.7400,1.000000,0.999988,0.499845
Pessen-Integral,8.7600,1.000000,1.000003,0.499812
Pessen-Integral,8.7800,1.000000,1.000018,0.499784
Pessen-Integral,8.8000,1.000000,1.000032,0.499762
Pessen-Integral,8.8200,1.000000,1.000044,0.499747
Pessen-Integral,8.8400,1.000000,1.000055,0.499739
Pessen-Integral,8.8600,1.000000,1.000065,0.499737
Pessen-Integral,8.8800,1.000000,1.000072,0.499739
Pessen-Integral,8.9000,1.000000,1.000078,0.499749
Pessen-Integral,8.9200,1.000000,1.000082,0.499762
Pessen-Integral,8.9400,1.000000,1.000083,0.499783
Pessen-Integral,8.9600,1.000000,1.000083,0.499806
Pessen-Integral,8.9800,1.000000,1.000081,0.499833
Pessen-Integral,9.0000,1.000000,1.000077,0.499864
Pessen-Integral,9.0200,1.000000,1.000071,0.499897
Pessen-Integral,9.0400,1.000000,1.000064,0.499931
Pessen-Integral,9.0600,1.000000,1.000056,0.499967
Pessen-Integral,9.0800,1.000000,1.000046,0.500001
Pessen-Integral,9.1000,1.000000,1.000036,0.500033
Pessen-Integral,9.1200,1.000000,1.000026,0.500064
Pessen-Integral,9.1400,1.000000,1.000015,0.500092
Pessen-Integral,9.1600,1.000000,1.000004,0.500117
Pessen-Integral,9.1800,1.000000,0.999994,0.500137
Pessen-Integral,9.2000,1.000000,0.999984,0.500154
Pessen-Integral,9.2200,1.000000,0.999975,0.500168
Pessen-Integral,9.2400,1.000000,0.999966,0.500178
Pessen-Integral,9.2600,1.000000,0.999959,0.500182
Pessen-Integral,9.2800,1.000000,0.999953,0.500182
Pessen-Integral,9.3000,1.000000,0.999948,0.500179
Pessen-Integral,9.3200,1.000000,0.999945,0.500171
Pessen-Integral,9.3400,1.000000,0.999943,0.500159
Pessen-Integral,9.3600,1.000000,0.999942,0.500144
Pessen-Integral,9.3800,1.000000,0.999943,0.500125
Pessen-Integral,9.4000,1.000000,0.999945,0.500104
Pessen-Integral,9.4200,1.000000,0.999949,0.500083
Pessen-Integral,9.4400,1.000000,0.999953,0.500060
Pessen-Integral,9.4600,1.000000,0.999958,0.500036
Pessen-Integral,9.4800,1.000000,0.999964,0.500013
Pessen-Integral,9.5000,1.000000,0.999971,0.499990
Pessen-Integral,9.5200,1.000000,0.999978,0.499968
Pessen-Integral,9.5400,1.000000,0.999985,0.499948
Pessen-Integral,9.5600,1.000000,0.999993,0.499929
Pessen-Integral,9.5800,1.000000,1.000000,0.499913
Pessen-Integral,9.6000,1.000000,1.000007,0.499898
Pessen-Integral,9.6200,1.000000,1.000014,0.499887
Pessen-Integral,9.6400,1.000000,1.000020,0.499879
Pessen-Integral,9.6600,1.000000,1.000026,0.499874
Pessen-Integral,9.6800,1.000000,1.000030,0.499874
Pessen-Integral,9.7000,1.000000,1.000034,0.499875
Pessen-Integral,9.7200,1.000000,1.000037,0.499879
Pessen-Integral,9.7400,1.000000,1.000039,0.499885
Pessen-Integral,9.7600,1.000000,1.000040,0.499896
Pessen-Integral,9.7800,1.000000,1.000040,0.499906
Pessen-Integral,9.8000,1.000000,1.000039,0.499920
Pessen-Integral,9.8200,1.000000,1.000037,0.499933
Pessen-Integral,9.8400,1.000000,1.000034,0.499949
Pessen-Integral,9.8600,1.000000,1.000031,0.499966
Pessen-Integral,9.8800,1.000000,1.000027,0.499982
Pessen-Integral,9.9000,1.000000,1.000023,0.499998
Pessen-Integral,9.9200,1.000000,1.000018,0.500014
Pessen-Integral,9.9400,1.000000,1.000013,0.500029
Pessen-Integral,9.9600,1.000000,1.000008,0.500042
Pessen-Integral,9.9800,1.000000,1.000002,0.500056
Pessen-Integral,10.0000,1.000000,0.999997,0.500065
Pessen-Integral,10.0200,1.000000,0.999993,0.500074
Pessen-Integral,10.0400,1.000000,0.999988,0.500081
Pessen-Integral,10.0600,1.000000,0.999984,0.500084
Pessen-Integral,10.0800,1.000000,0.999981,0.500087
Pessen-Integral,10.1000,1.000000,0.999978,0.500087
Pessen-Integral,10.1200,1.000000,0.999975,0.500085
Pessen-Integral,10.1400,1.000000,0.999974,0.500082
Pessen-Integral,10.1600,1.000000,0.999973,0.500077
Pessen-Integral,10.1800,1.000000,0.999972,0.500069
Pessen-Integral,10.2000,1.000000,0.999973,0.500062
Pessen-Integral,10.2200,1.000000,0.999974,0.500051
Pessen-Integral,10.2400,1.000000,0.999975,0.500041
Pessen-Integral,10.2600,1.000000,0.999977,0.500030
Pessen-Integral,10.2800,1.000000,0.999980,0.500019
Pessen-Integral,10.3000,1.000000,0.999983,0.500007
Pessen-Integral,10.3200,1.000000,0.999986,0.499996
Pessen-Integral,10.3400,1.000000,0.999989,0.499985
Pessen-Integral,10.3600,1.000000,0.999993,0.499976
Pessen-Integral,10.3800,1.000000,0.999996,0.499967
Pessen-Integral,10.4000,1.000000,1.000000,0.499959
Pessen-Integral,10.4200,1.000000,1.000003,0.499953
Pessen-Integral,10.4400,1.000000,1.000006,0.499947
Pessen-Integral,10.4600,1.000000,1.000009,0.499943
Pessen-Integral,10.4800,1.000000,1.000012,0.499939
Pessen-Integral,10.5000,1.000000,1.000014,0.499938
Pessen-Integral,10.5200,1.000000,1.000016,0.499940
Pessen-Integral,10.5400,1.000000,1.000018,0.499941
Pessen-Integral,10.5600,1.000000,1.000019,0.499944
Pessen-Integral,10.5800,1.000000,1.000019,0.499948
Pessen-Integral,10.6000,1.000000,1.000019,0.499954
Pessen-Integral,10.6200,1.000000,1.000019,0.499960
Pessen-Integral,10.6400,1.000000,1.000018,0.499967
Pessen-Integral,10.6600,1.000000,1.000017,0.499975
Pessen-Integral,10.6800,1.000000,1.000015,0.499983
Pessen-Integral,10.7000,1.000000,1.000013,0.499990
Pessen-Integral,10.7200,1.000000,1.000011,0.499999
Pessen-Integral,10.7400,1.000000,1.000009,0.500005
Pessen-Integral,10.7600,1.000000,1.000006,0.500013
Pessen-Integral,10.7800,1.000000,1.000004,0.500019
Pessen-Integral,10.8000,1.000000,1.000001,0.500025
Pessen-Integral,10.8200,1.000000,0.999999,0.500031
Pessen-Integral,10.8400,1.000000,0.999997,0.500035
Pessen-Integral,10.8600,1.000000,0.999995,0.500039
Pessen-Integral,10.8800,1.000000,0.999993,0.500041
Pessen-Integral,10.9000,1.000000,0.999991,0.500042
Pessen-Integral,10.9200,1.000000,0.999989,0.500042
Pessen-Integral,10.9400,1.000000,0.999988,0.500041
Pessen-Integral,10.9600,1.000000,0.999987,0.500040
Pessen-Integral,10.9800,1.000000,0.999987,0.500037
Pessen-Integral,11.0000,1.000000,0.999987,0.500034
Pessen-Integral,11.0200,1.000000,0.999987,0.500030
Pessen-Integral,11.0400,1.000000,0.999987,0.500025
Pessen-Integral,11.0600,1.000000,0.999988,0.500021
Pessen-Integral,11.0800,1.000000,0.999989,0.500015
Pessen-Integral,11.1000,1.000000,0.999990,0.500009
Pessen-Integral,11.1200,1.000000,0.999991,0.500004
Pessen-Integral,11.1400,1.000000,0.999993,0.499999
Pessen-Integral,11.1600,1.000000,0.999995,0.499993
Pessen-Integral,11.1800,1.000000,0.999996,0.499989
Pessen-Integral,11.2000,1.000000,0.999998,0.499984
Pessen-Integral,11.2200,1.000000,1.000000,0.499981
Pessen-Integral,11.2400,1.000000,1.000001,0.499977
Pessen-Integral,11.2600,1.000000,1.000003,0.499975
Pessen-Integral,11.2800,1.000000,1.000004,0.499972
Pessen-Integral,11.3000,1.000000,1.000006,0.499972
Pessen-Integral,11.3200,1.000000,1.000007,0.499971
Pessen-Integral,11.3400,1.000000,1.000008,0.499971
Pessen-Integral,11.3600,1.000000,1.000008,0.499971
Pessen-Integral,11.3800,1.000000,1.000009,0.499972
Pessen-Integral,11.4000,1.000000,1.000009,0.499975
Pessen-Integral,11.4200,1.000000,1.000009,0.499978
Pessen-Integral,11.4400,1.000000,1.000009,0.499980
Pessen-Integral,11.4600,1.000000,1.000009,0.499985
Pessen-Integral,11.4800,1.000000,1.000008,0.499988
Pessen-Integral,11.5000,1.000000,1.000007,0.499991
Pessen-Integral,11.5200,1.000000,1.000006,0.499996
Pessen-Integral,11.5400,1.000000,1.000005,0.499999
Pessen-Integral,11.5600,1.000000,1.000004,0.500003
Pessen-Integral,11.5800,1.000000,1.000003,0.500006
Pessen-Integral,11.6000,1.000000,1.000002,0.500009
Pessen-Integral,11.6200,1.000000,1.000001,0.500012
Pessen-Integral,11.6400,1.000000,1.000000,0.500015
Pessen-Integral,11.6600,1.000000,0.999999,0.500017
Pessen-Integral,11.6800,1.000000,0.999998,0.500018
Pessen-Integral,11.7000,1.000000,0.999997,0.500020
Pessen-Integral,11.7200,1.000000,0.999996,0.500020
Pessen-Integral,11.7400,1.000000,0.999995,0.500020
Pessen-Integral,11.7600,1.000000,0.999994,0.500020
Pessen-Integral,11.7800,1.000000,0.999994,0.500019
Pessen-Integral,11.8000,1.000000,0.999994,0.500018
Pessen-Integral,11.8200,1.000000,0.999994,0.500017
Pessen-Integral,11.8400,1.000000,0.999994,0.500014
Pessen-Integral,11.8600,1.000000,0.999994,0.500012
Pessen-Integral,11.8800,1.000000,0.999994,0.500010
Pessen-Integral,11.9000,1.000000,0.999995,0.500007
Pessen-Integral,11.9200,1.000000,0.999995,0.500005
Pessen-Integral,11.9400,1.000000,0.999996,0.500002
Pessen-Integral,11.9600,1.000000,0.999997,0.500000
Pessen-Integral,11.9800,1.000000,0.999997,0.499997
Pessen-Integral,12.0000,1.000000,0.999998,0.499995
Pessen-Integral,12.0200,1.000000,0.999999,0.499992
Pessen-Integral,12.0400,1.000000,1.000000,0.499991
Pessen-Integral,12.0600,1.000000,1.000001,0.499990
Pessen-Integral,12.0800,1.000000,1.000001,0.499988
Pessen-Integral,12.1000,1.000000,1.000002,0.499987
Pessen-Integral,12.1200,1.000000,1.000003,0.499985
Pessen-Integral,12.1400,1.000000,1.000003,0.499987
Pessen-Integral,12.1600,1.000000,1.000004,0.499985
Pessen-Integral,12.1800,1.000000,1.000004,0.499986
Pessen-Integral,12.2000,1.000000,1.000004,0.499987
Pessen-Integral,12.2200,1.000000,1.000004,0.499987
Pessen-Integral,12.2400,1.000000,1.000004,0.499988
Pessen-Integral,12.2600,1.000000,1.000004,0.499991
Pessen-Integral,12.2800,1.000000,1.000004,0.499992
Pessen-Integral,12.3000,1.000000,1.000004,0.499994
Pessen-Integral,12.3200,1.000000,1.000004,0.499995
Pessen-Integral,12.3400,1.000000,1.000003,0.499996
Pessen-Integral,12.3600,1.000000,1.000003,0.499999
Pessen-Integral,12.3800,1.000000,1.000002,0.500002
Pessen-Integral,12.4000,1.000000,1.000002,0.500002
Pessen-Integral,12.4200,1.000000,1.000001,0.500004
Pessen-Integral,12.4400,1.000000,1.000000,0.500006
Pessen-Integral,12.4600,1.000000,1.000000,0.500008
Pessen-Integral,12.4800,1.000000,0.999999,0.500008
Pessen-Integral,12.5000,1.000000,0.999999,0.500008
Pessen-Integral,12.5200,1.000000,0.999998,0.500009
Pessen-Integral,12.5400,1.000000,0.999998,0.500010
Pessen-Integral,12.5600,1.000000,0.999998,0.500010
Pessen-Integral,12.5800,1.000000,0.999997,0.500010
Pessen-Integral,12.6000,1.000000,0.999997,0.500009
Pessen-Integral,12.6200,1.000000,0.999997,0.500008
Pessen-Integral,12.6400,1.000000,0.999997,0.500008
Pessen-Integral,12.6600,1.000000,0.999997,0.500007
Pessen-Integral,12.6800,1.000000,0.999997,0.500007
Pessen-Integral,12.7000,1.000000,0.999997,0.500005
Pessen-Integral,12.7200,1.000000,0.999997,0.500004
Pessen-Integral,12.7400,1.000000,0.999998,0.500002
Pessen-Integral,12.7600,1.000000,0.999998,0.500002
Pessen-Integral,12.7800,1.000000,0.999998,0.500000
Pessen-Integral,12.8000,1.000000,0.999999,0.499999
Pessen-Integral,12.8200,1.000000,0.999999,0.499998
Pessen-Integral,12.8400,1.000000,0.999999,0.499996
Pessen-Integral,12.8600,1.000000,1.000000,0.499996
Pessen-Integral,12.8800,1.000000,1.000000,0.499995
Pessen-Integral,12.9000,1.000000,1.000001,0.499995
Pessen-Integral,12.9200,1.000000,1.000001,0.499994
Pessen-Integral,12.9400,1.000000,1.000001,0.499993
Pessen-Integral,12.9600,1.000000,1.000001,0.499994
Pessen-Integral,12.9800,1.000000,1.000002,0.499994
Pessen-Integral,13.0000,1.000000,1.000002,0.499993
Pessen-Integral,13.0200,1.000000,1.000002,0.499994
Pessen-Integral,13.0400,1.000000,1.000002,0.499994
Pessen-Integral,13.0600,1.000000,1.000002,0.499995
Pessen-Integral,13.0800,1.000000,1.000002,0.499994
Pessen-Integral,13.1000,1.000000,1.000002,0.499996
Pessen-Integral,13.1200,1.000000,1.000002,0.499997
Pessen-Integral,13.1400,1.000000,1.000002,0.499998
Pessen-Integral,13.1600,1.000000,1.000002,0.499998
Pessen-Integral,13.1800,1.000000,1.000001,0.499999
Pessen-Integral,13.2000,1.000000,1.000001,0.500000
Pessen-Integral,13.2200,1.000000,1.000001,0.500001
Pessen-Integral,13.2400,1.000000,1.000001,0.500001
Pessen-Integral,13.2600,1.000000,1.000000,0.500003
Pessen-Integral,13.2800,1.000000,1.000000,0.500003
Pessen-Integral,13.3000,1.000000,1.000000,0.500003
Pessen-Integral,13.3200,1.000000,0.999999,0.500005
Pessen-Integral,13.3400,1.000000,0.999999,0.500005
Pessen-Integral,13.3600,1.000000,0.999999,0.500004
Pessen-Integral,13.3800,1.000000,0.999999,0.500005
Pessen-Integral,13.4000,1.000000,0.999999,0.500005
Pessen-Integral,13.4200,1.000000,0.999999,0.500004
Pessen-Integral,13.4400,1.000000,0.999999,0.500004
Pessen-Integral,13.4600,1.000000,0.999999,0.500003
Pessen-Integral,13.4800,1.000000,0.999999,0.500004
Pessen-Integral,13.5000,1.000000,0.999999,0.500003
Pessen-Integral,13.5200,1.000000,0.999999,0.500002
Pessen-Integral,13.5400,1.000000,0.999999,0.500002
Pessen-Integral,13.5600,1.000000,0.999999,0.500001
Pessen-Integral,13.5800,1.000000,0.999999,0.500001
Pessen-Integral,13.6000,1.000000,0.999999,0.500000
Pessen-Integral,13.6200,1.000000,0.999999,0.500000
Pessen-Integral,13.6400,1.000000,0.999999,0.499999
Pessen-Integral,13.6600,1.000000,1.000000,0.499999
Pessen-Integral,13.6800,1.000000,1.000000,0.499998
Pessen-Integral,13.7000,1.000000,1.000000,0.499997
Pessen-Integral,13.7200,1.000000,1.000000,0.499997
Pessen-Integral,13.7400,1.000000,1.000000,0.499998
Pessen-Integral,13.7600,1.000000,1.000000,0.499996
Pessen-Integral,13.7800,1.000000,1.000001,0.499997
Pessen-Integral,13.8000,1.000000,1.000001,0.499996
Pessen-Integral,13.8200,1.000000,1.000001,0.499996
Pessen-Integral,13.8400,1.000000,1.000001,0.499998
Pessen-Integral,13.8600,1.000000,1.000001,0.499996
Pessen-Integral,13.8800,1.000000,1.000001,0.499997
Pessen-Integral,13.9000,1.000000,1.000001,0.499998
Pessen-Integral,13.9200,1.000000,1.000001,0.499998
Pessen-Integral,13.9400,1.000000,1.000001,0.499999
Pessen-Integral,13.9600,1.000000,1.000001,0.499999
Pessen-Integral,13.9800,1.000000,1.000001,0.500000
Pessen-Integral,14.0000,1.000000,1.000001,0.500001
Pessen-Integral,14.0200,1.000000,1.000000,0.500001
Pessen-Integral,14.0400,1.000000,1.000000,0.500001
Pessen-Integral,14.0600,1.000000,1.000000,0.500001
Pessen-Integral,14.0800,1.000000,1.000000,0.500002
Pessen-Integral,14.1000,1.000000,1.000000,0.500002
Pessen-Integral,14.1200,1.000000,1.000000,0.500001
Pessen-Integral,14.1400,1.000000,1.000000,0.500002
Pessen-Integral,14.1600,1.000000,1.000000,0.500002
Pessen-Integral,14.1800,1.000000,1.000000,0.500002
Pessen-Integral,14.2000,1.000000,0.999999,0.500003
Pessen-Integral,14.2200,1.000000,0.999999,0.500002
Pessen-Integral,14.2400,1.000000,0.999999,0.500002
Pessen-Integral,14.2600,1.000000,0.999999,0.500002
Pessen-Integral,14.2800,1.000000,0.999999,0.500002
Pessen-Integral,14.3000,1.000000,0.999999,0.500001
Pessen-Integral,14.3200,1.000000,0.999999,0.500001
Pessen-Integral,14.3400,1.000000,0.999999,0.500001
Pessen-Integral,14.3600,1.000000,0.999999,0.500001
Pessen-Integral,14.3800,1.000000,0.999999,0.500001
Pessen-Integral,14.4000,1.000000,0.999999,0.500000
Pessen-Integral,14.4200,1.000000,1.000000,0.500000
Pessen-Integral,14.4400,1.000000,1.000000,0.500000
Pessen-Integral,14.4600,1.000000,1.000000,0.499999
Pessen-Integral,14.4800,1.000000,1.000000,0.499999
Pessen-Integral,14.5000,1.000000,1.000000,0.499999
Pessen-Integral,14.5200,1.000000,1.000000,0.499999
Pessen-Integral,14.5400,1.000000,1.000000,0.499999
Pessen-Integral,14.5600,1.000000,1.000000,0.499998
Pessen-Integral,14.5800,1.000000,1.000000,0.499997
Pessen-Integral,14.6000,1.000000,1.000000,0.499999
Pessen-Integral,14.6200,1.000000,1.000000,0.499997
Pessen-Integral,14.6400,1.000000,1.000000,0.499998
Pessen-Integral,14.6600,1.000000,1.000000,0.499999
Pessen-Integral,14.6800,1.000000,1.000000,0.499999
Pessen-Integral,14.7000,1.000000,1.000000,0.499997
Pessen-Integral,14.7200,1.000000,1.000000,0.500000
Pessen-Integral,14.7400,1.000000,1.000000,0.499999
Pessen-Integral,14.7600,1.000000,1.000000,0.499999
Pessen-Integral,14.7800,1.000000,1.000000,0.499999
Pessen-Integral,14.8000,1.000000,1.000000,0.499999
Pessen-Integral,14.8200,1.000000,1.000000,0.500000
Pessen-Integral,14.8400,1.000000,1.000000,0.499999
Pessen-Integral,14.8600,1.000000,1.000000,0.500000
Pessen-Integral,14.8800,1.000000,1.000000,0.500001
Pessen-Integral,14.9000,1.000000,1.000000,0.500000
Pessen-Integral,14.9200,1.000000,1.000000,0.500000
Pessen-Integral,14.9400,1.000000,1.000000,0.500001
Pessen-Integral,14.9600,1.000000,1.000000,0.500001
Pessen-Integral,14.9800,1.000000,1.000000,0.500000
Pessen-Integral,15.0000,1.000000,1.000000,0.500001
Pessen-Integral,15.0200,1.000000,1.000000,0.500001
Pessen-Integral,15.0400,1.000000,1.000000,0.500001
Pessen-Integral,15.0600,1.000000,1.000000,0.500001
Pessen-Integral,15.0800,1.000000,1.000000,0.500002
Pessen-Integral,15.1000,1.000000,0.999999,0.500001
Pessen-Integral,15.1200,1.000000,1.000000,0.500001
Pessen-Integral,15.1400,1.000000,0.999999,0.500001
Pessen-Integral,15.1600,1.000000,1.000000,0.500001
Pessen-Integral,15.1800,1.000000,1.000000,0.500001
Pessen-Integral,15.2000,1.000000,1.000000,0.500000
Pessen-Integral,15.2200,1.000000,1.000000,0.500001
Pessen-Integral,15.2400,1.000000,1.000000,0.500000
Pessen-Integral,15.2600,1.000000,1.000000,0.500000
Pessen-Integral,15.2800,1.000000,1.000000,0.499999
Pessen-Integral,15.3000,1.000000,1.000000,0.500000
Pessen-Integral,15.3200,1.000000,1.000000,0.499999
Pessen-Integral,15.3400,1.000000,1.000000,0.499999
Pessen-Integral,15.3600,1.000000,1.000000,0.500000
Pessen-Integral,15.3800,1.000000,1.000000,0.499999
Pessen-Integral,15.4000,1.000000,1.000000,0.499999
Pessen-Integral,15.4200,1.000000,1.000000,0.500000
Pessen-Integral,15.4400,1.000000,1.000000,0.499999
Pessen-Integral,15.4600,1.000000,1.000000,0.499999
Pessen-Integral,15.4800,1.000000,1.000000,0.500000
Pessen-Integral,15.5000,1.000000,1.000000,0.500000
Pessen-Integral,15.5200,1.000000,1.000000,0.500000
Pessen-Integral,15.5400,1.000000,1.000000,0.500000
Pessen-Integral,15.5600,1.000000,1.000000,0.499998
Pessen-Integral,15.5800,1.000000,1.000000,0.500000
Pessen-Integral,15.6000,1.000000,1.000000,0.500000
Pessen-Integral,15.6200,1.000000,1.000000,0.500000
Pessen-Integral,15.6400,1.000000,1.000000,0.500000
Pessen-Integral,15.6600,1.000000,1.000000,0.500000
Pessen-Integral,15.6800,1.000000,1.000000,0.500000
Pessen-Integral,15.7000,1.000000,1.000000,0.500000
Pessen-Integral,15.7200,1.000000,1.000000,0.500001
Pessen-Integral,15.7400,1.000000,1.000000,0.500000
Pessen-Integral,15.7600,1.000000,1.000000,0.500001
Pessen-Integral,15.7800,1.000000,1.000000,0.500000
Pessen-Integral,15.8000,1.000000,1.000000,0.500001
Pessen-Integral,15.8200,1.000000,1.000000,0.500001
Pessen-Integral,15.8400,1.000000,1.000000,0.500000
Pessen-Integral,15.8600,1.000000,1.000000,0.500000
Pessen-Integral,15.8800,1.000000,1.000000,0.500001
Pessen-Integral,15.9000,1.000000,1.000000,0.500001
Pessen-Integral,15.9200,1.000000,1.000000,0.500001
Pessen-Integral,15.9400,1.000000,1.000000,0.500000
Pessen-Integral,15.9600,1.000000,1.000000,0.500000
Pessen-Integral,15.9800,1.000000,1.000000,0.500000
Pessen-Integral,16.0000,1.000000,1.000000,0.500000
Pessen-Integral,16.0200,1.000000,1.000000,0.499999
Pessen-Integral,16.0400,1.000000,1.000000,0.500000
Pessen-Integral,16.0600,1.000000,1.000000,0.499999
Pessen-Integral,16.0800,1.000000,1.000000,0.500000
Pessen-Integral,16.1000,1.000000,1.000000,0.500000
Pessen-Integral,16.1200,1.000000,1.000000,0.499999
Pessen-Integral,16.1400,1.000000,1.000000,0.500000
Pessen-Integral,16.1600,1.000000,1.000000,0.500000
Pessen-Integral,16.1800,1.000000,1.000000,0.500000
Pessen-Integral,16.2000,1.000000,1.000000,0.499999
Pessen-Integral,16.2200,1.000000,1.000000,0.499999
Pessen-Integral,16.2400,1.000000,1.000000,0.500000
Pessen-Integral,16.2600,1.000000,1.000000,0.500000
Pessen-Integral,16.2800,1.000000,1.000000,0.500000
Pessen-Integral,16.3000,1.000000,1.000000,0.500000
Pessen-Integral,16.3200,1.000000,1.000000,0.500000
Pessen-Integral,16.3400,1.000000,1.000000,0.500000
Pessen-Integral,16.3600,1.000000,1.000000,0.500000
Pessen-Integral,16.3800,1.000000,1.000000,0.500000
Pessen-Integral,16.4000,1.000000,1.000000,0.500000
Pessen-Integral,16.4200,1.000000,1.000000,0.500000
Pessen-Integral,16.4400,1.000000,1.000000,0.500000
Pessen-Integral,16.4600,1.000000,1.000000,0.500000
Pessen-Integral,16.4800,1.000000,1.000000,0.500002
Pessen-Integral,16.5000,1.000000,1.000000,0.500001
Pessen-Integral,16.5200,1.000000,1.000000,0.500000
Pessen-Integral,16.5400,1.000000,1.000000,0.500001
Pessen-Integral,16.5600,1.000000,1.000000,0.500000
Pessen-Integral,16.5800,1.000000,1.000000,0.500000
Pessen-Integral,16.6000,1.000000,1.000000,0.500000
Pessen-Integral,16.6200,1.000000,1.000000,0.500000
Pessen-Integral,16.6400,1.000000,1.000000,0.500000
Pessen-Integral,16.6600,1.000000,1.000000,0.500001
Pessen-Integral,16.6800,1.000000,1.000000,0.500000
Pessen-Integral,16.7000,1.000000,1.000000,0.500000
Pessen-Integral,16.7200,1.000000,1.000000,0.500000
Pessen-Integral,16.7400,1.000000,1.000000,0.500000
Pessen-Integral,16.7600,1.000000,1.000000,0.500000
Pessen-Integral,16.7800,1.000000,1.000000,0.500000
Pessen-Integral,16.8000,1.000000,1.000000,0.499999
Pessen-Integral,16.8200,1.000000,1.000000,0.500000
Pessen-Integral,16.8400,1.000000,1.000000,0.500000
Pessen-Integral,16.8600,1.000000,1.000000,0.499999
Pessen-Integral,16.8800,1.000000,1.000000,0.500000
Pessen-Integral,16.9000,1.000000,1.000000,0.500000
Pessen-Integral,16.9200,1.000000,1.000000,0.500000
Pessen-Integral,16.9400,1.000000,1.000000,0.500000
Pessen-Integral,16.9600,1.000000,1.000000,0.500000
Pessen-Integral,16.9800,1.000000,1.000000,0.500000
Pessen-Integral,17.0000,1.000000,1.000000,0.499999
Pessen-Integral,17.0200,1.000000,1.000000,0.499999
Pessen-Integral,17.0400,1.000000,1.000000,0.500000
Pessen-Integral,17.0600,1.000000,1.000000,0.500000
Pessen-Integral,17.0800,1.000000,1.000000,0.500000
Pessen-Integral,17.1000,1.000000,1.000000,0.500000
Pessen-Integral,17.1200,1.000000,1.000000,0.500000
Pessen-Integral,17.1400,1.000000,1.000000,0.500000
Pessen-Integral,17.1600,1.000000,1.000000,0.500000
Pessen-Integral,17.1800,1.000000,1.000000,0.500001
Pessen-Integral,17.2000,1.000000,1.000000,0.500000
Pessen-Integral,17.2200,1.000000,1.000000,0.500000
Pessen-Integral,17.2400,1.000000,1.000000,0.500000
Pessen-Integral,17.2600,1.000000,1.000000,0.500000
Pessen-Integral,17.2800,1.000000,1.000000,0.500000
Pessen-Integral,17.3000,1.000000,1.000000,0.500000
Pessen-Integral,17.3200,1.000000,1.000000,0.500001
Pessen-Integral,17.3400,1.000000,1.000000,0.500000
Pessen-Integral,17.3600,1.000000,1.000000,0.500000
Pessen-Integral,17.3800,1.000000,1.000000,0.500000
Pessen-Integral,17.4000,1.000000,1.000000,0.500001
Pessen-Integral,17.4200,1.000000,1.000000,0.500001
Pessen-Integral,17.4400,1.000000,1.000000,0.500000
Pessen-Integral,17.4600,1.000000,1.000000,0.500000
Pessen-Integral,17.4800,1.000000,1.000000,0.499999
Pessen-Integral,17.5000,1.000000,1.000000,0.500000
Pessen-Integral,17.5200,1.000000,1.000000,0.500000
Pessen-Integral,17.5400,1.000000,1.000000,0.500000
Pessen-Integral,17.5600,1.000000,1.000000,0.500000
Pessen-Integral,17.5800,1.000000,1.000000,0.500000
Pessen-Integral,17.6000,1.000000,1.000000,0.500000
Pessen-Integral,17.6200,1.000000,1.000000,0.500000
Pessen-Integral,17.6400,1.000000,1.000000,0.500000
Pessen-Integral,17.6600,1.000000,1.000000,0.500000
Pessen-Integral,17.6800,1.000000,1.000000,0.500000
Pessen-Integral,17.7000,1.000000,1.000000,0.500000
Pessen-Integral,17.7200,1.000000,1.000000,0.499998
Pessen-Integral,17.7400,1.000000,1.000000,0.499999
Pessen-Integral,17.7600,1.000000,1.000000,0.500000
Pessen-Integral,17.7800,1.000000,1.000000,0.500000
Pessen-Integral,17.8000,1.000000,1.000000,0.500000
Pessen-Integral,17.8200,1.000000,1.000000,0.500000
Pessen-Integral,17.8400,1.000000,1.000000,0.500000
Pessen-Integral,17.8600,1.000000,1.000000,0.500000
Pessen-Integral,17.8800,1.000000,1.000000,0.500000
Pessen-Integral,17.9000,1.000000,1.000000,0.500000
Pessen-Integral,17.9200,1.000000,1.000000,0.500000
Pessen-Integral,17.9400,1.000000,1.000000,0.500000
Pessen-Integral,17.9600,1.000000,1.000000,0.500001
Pessen-Integral,17.9800,1.000000,1.000000,0.500000
Pessen-Integral,18.0000,1.000000,1.000000,0.500000
Pessen-Integral,18.0200,1.000000,1.000000,0.500000
Pessen-Integral,18.0400,1.000000,1.000000,0.500000
Pessen-Integral,18.0600,1.000000,1.000000,0.500001
Pessen-Integral,18.0800,1.000000,1.000000,0.500000
Pessen-Integral,18.1000,1.000000,1.000000,0.500000
Pessen-Integral,18.1200,1.000000,1.000000,0.500000
Pessen-Integral,18.1400,1.000000,1.000000,0.500001
Pessen-Integral,18.1600,1.000000,1.000000,0.500001
Pessen-Integral,18.1800,1.000000,1.000000,0.500000
Pessen-Integral,18.2000,1.000000,1.000000,0.500000
Pessen-Integral,18.2200,1.000000,1.000000,0.500000
Pessen-Integral,18.2400,1.000000,1.000000,0.500000
Pessen-Integral,18.2600,1.000000,1.000000,0.500000
Pessen-Integral,18.2800,1.000000,1.000000,0.500000
Pessen-Integral,18.3000,1.000000,1.000000,0.500000
Pessen-Integral,18.3200,1.000000,1.000000,0.500000
Pessen-Integral,18.3400,1.000000,1.000000,0.500000
Pessen-Integral,18.3600,1.000000,1.000000,0.499999
Pessen-Integral,18.3800,1.000000,1.000000,0.500000
Pessen-Integral,18.4000,1.000000,1.000000,0.500000
Pessen-Integral,18.4200,1.000000,1.000000,0.500000
Pessen-Integral,18.4400,1.000000,1.000000,0.500000
Pessen-Integral,18.4600,1.000000,1.000000,0.500000
Pessen-Integral,18.4800,1.000000,1.000000,0.499999
Pessen-Integral,18.5000,1.000000,1.000000,0.499999
Pessen-Integral,18.5200,1.000000,1.000000,0.500000
Pessen-Integral,18.5400,1.000000,1.000000,0.500000
Pessen-Integral,18.5600,1.000000,1.000000,0.500000
Pessen-Integral,18.5800,1.000000,1.000000,0.500000
Pessen-Integral,18.6000,1.000000,1.000000,0.500000
Pessen-Integral,18.6200,1.000000,1.000000,0.500000
Pessen-Integral,18.6400,1.000000,1.000000,0.500000
Pessen-Integral,18.6600,1.000000,1.000000,0.500000
Pessen-Integral,18.6800,1.000000,1.000000,0.500002
Pessen-Integral,18.7000,1.000000,1.000000,0.500001
Pessen-Integral,18.7200,1.000000,1.000000,0.500000
Pessen-Integral,18.7400,1.000000,1.000000,0.500000
Pessen-Integral,18.7600,1.000000,1.000000,0.500000
Pessen-Integral,18.7800,1.000000,1.000000,0.500000
Pessen-Integral,18.8000,1.000000,1.000000,0.500001
Pessen-Integral,18.8200,1.000000,1.000000,0.500000
Pessen-Integral,18.8400,1.000000,1.000000,0.500000
Pessen-Integral,18.8600,1.000000,1.000000,0.500000
Pessen-Integral,18.8800,1.000000,1.000000,0.500001
Pessen-Integral,18.9000,1.000000,1.000000,0.500001
Pessen-Integral,18.9200,1.000000,1.000000,0.500000
Pessen-Integral,18.9400,1.000000,1.000000,0.500000
Pessen-Integral,18.9600,1.000000,1.000000,0.500000
Pessen-Integral,18.9800,1.000000,1.000000,0.500000
Pessen-Integral,19.0000,1.000000,1.000000,0.499999
Pessen-Integral,19.0200,1.000000,1.000000,0.500000
Pessen-Integral,19.0400,1.000000,1.000000,0.500000
Pessen-Integral,19.0600,1.000000,1.000000,0.500000
Pessen-Integral,19.0800,1.000000,1.000000,0.500000
Pessen-Integral,19.1000,1.000000,1.000000,0.500000
Pessen-Integral,19.1200,1.000000,1.000000,0.500000
Pessen-Integral,19.1400,1.000000,1.000000,0.500000
Pessen-Integral,19.1600,1.000000,1.000000,0.500000
Pessen-Integral,19.1800,1.000000,1.000000,0.500000
Pessen-Integral,19.2000,1.000000,1.000000,0.500000
Pessen-Integral,19.2200,1.000000,1.000000,0.499999
Pessen-Integral,19.2400,1.000000,1.000000,0.499999
Pessen-Integral,19.2600,1.000000,1.000000,0.500000
Pessen-Integral,19.2800,1.000000,1.000000,0.500000
Pessen-Integral,19.3000,1.000000,1.000000,0.500000
Pessen-Integral,19.3200,1.000000,1.000000,0.500000
Pessen-Integral,19.3400,1.000000,1.000000,0.500000
Pessen-Integral,19.3600,1.000000,1.000000,0.500000
Pessen-Integral,19.3800,1.000000,1.000000,0.500000
Pessen-Integral,19.4000,1.000000,1.000000,0.500000
Pessen-Integral,19.4200,1.000000,1.000000,0.500000
Pessen-Integral,19.4400,1.000000,1.000000,0.500001
Pessen-Integral,19.4600,1.000000,1.000000,0.500000
Pessen-Integral,19.4800,1.000000,1.000000,0.500000
Pessen-Integral,19.5000,1.000000,1.000000,0.500000
Pessen-Integral,19.5200,1.000000,1.000000,0.500000
Pessen-Integral,19.5400,1.000000,1.000000,0.500001
Pessen-Integral,19.5600,1.000000,1.000000,0.500000
Pessen-Integral,19.5800,1.000000,1.000000,0.500000
Pessen-Integral,19.6000,1.000000,1.000000,0.500000
Pessen-Integral,19.6200,1.000000,1.000000,0.500000
Pessen-Integral,19.6400,1.000000,1.000000,0.500001
Pessen-Integral,19.6600,1.000000,1.000000,0.500000
Pessen-Integral,19.6800,1.000000,1.000000,0.500000
Pessen-Integral,19.7000,1.000000,1.000000,0.500000
Pessen-Integral,19.7200,1.000000,1.000000,0.500000
Pessen-Integral,19.7400,1.000000,1.000000,0.500000
Pessen-Integral,19.7600,1.000000,1.000000,0.500000
Pessen-Integral,19.7800,1.000000,1.000000,0.500000
Pessen-Integral,19.8000,1.000000,1.000000,0.500000
Pessen-Integral,19.8200,1.000000,1.000000,0.500000
Pessen-Integral,19.8400,1.000000,1.000000,0.500000
Pessen-Integral,19.8600,1.000000,1.000000,0.500000
Pessen-Integral,19.8800,1.000000,1.000000,0.500000
Pessen-Integral,19.9000,1.000000,1.000000,0.500000
Pessen-Integral,19.9200,1.000000,1.000000,0.500000
Pessen-Integral,19.9400,1.000000,1.000000,0.500000
Pessen-Integral,19.9600,1.000000,1.000000,0.499998
Pessen-Integral,19.9800,1.000000,1.000000,0.499999
Pessen-Integral,20.0000,1.000000,1.000000,0.500000
Pessen-Integral,20.0200,1.000000,1.000000,0.500000
Pessen-Integral,20.0400,1.000000,1.000000,0.500000
Pessen-Integral,20.0600,1.000000,1.000000,0.500000
Pessen-Integral,20.0800,1.000000,1.000000,0.500000
Pessen-Integral,20.1000,1.000000,1.000000,0.500000
Pessen-Integral,20.1200,1.000000,1.000000,0.500000
Pessen-Integral,20.1400,1.000000,1.000000,0.500000
Pessen-Integral,20.1600,1.000000,1.000000,0.500000
Pessen-Integral,20.1800,1.000000,1.000000,0.500001
Pessen-Integral,20.2000,1.000000,1.000000,0.500000
Pessen-Integral,20.2200,1.000000,1.000000,0.500000
Pessen-Integral,20.2400,1.000000,1.000000,0.500000
Pessen-Integral,20.2600,1.000000,1.000000,0.500000
Pessen-Integral,20.2800,1.000000,1.000000,0.500000
Pessen-Integral,20.3000,1.000000,1.000000,0.500001
Pessen-Integral,20.3200,1.000000,1.000000,0.500000
Pessen-Integral,20.3400,1.000000,1.000000,0.500000
Pessen-Integral,20.3600,1.000000,1.000000,0.500000
Pessen-Integral,20.3800,1.000000,1.000000,0.500001
Pessen-Integral,20.4000,1.000000,1.000000,0.500000
Pessen-Integral,20.4200,1.000000,1.000000,0.500000
Pessen-Integral,20.4400,1.000000,1.000000,0.500000
Pessen-Integral,20.4600,1.000000,1.000000,0.500000
Pessen-Integral,20.4800,1.000000,1.000000,0.500000
Pessen-Integral,20.5000,1.000000,1.000000,0.500000
Pessen-Integral,20.5200,1.000000,1.000000,0.500000
Pessen-Integral,20.5400,1.000000,1.000000,0.500000
Pessen-Integral,20.5600,1.000000,1.000000,0.500000
Pessen-Integral,20.5800,1.000000,1.000000,0.500000
Pessen-Integral,20.6000,1.000000,1.000000,0.499999
Pessen-Integral,20.6200,1.000000,1.000000,0.500000
Pessen-Integral,20.6400,1.000000,1.000000,0.500000
Pessen-Integral,20.6600,1.000000,1.000000,0.500000
Pessen-Integral,20.6800,1.000000,1.000000,0.500000
Pessen-Integral,20.7000,1.000000,1.000000,0.499998
Pessen-Integral,20.7200,1.000000,1.000000,0.499999
Pessen-Integral,20.7400,1.000000,1.000000,0.500000
Pessen-Integral,20.7600,1.000000,1.000000,0.500000
Pessen-Integral,20.7800,1.000000,1.000000,0.500000
Pessen-Integral,20.8000,1.000000,1.000000,0.500000
Pessen-Integral,20.8200,1.000000,1.000000,0.500000
Pessen-Integral,20.8400,1.000000,1.000000,0.500000
Pessen-Integral,20.8600,1.000000,1.000000,0.500000
Pessen-Integral,20.8800,1.000000,1.000000,0.500000
Pessen-Integral,20.9000,1.000000,1.000000,0.500000
Pessen-Integral,20.9200,1.000000,1.000000,0.500002
Pessen-Integral,20.9400,1.000000,1.000000,0.500001
Pessen-Integral,20.9600,1.000000,1.000000,0.500000
Pessen-Integral,20.9800,1.000000,1.000000,0.500000
Pessen-Integral,21.0000,1.000000,1.000000,0.500000
Pessen-Integral,21.0200,1.000000,1.000000,0.500000
Pessen-Integral,21.0400,1.000000,1.000000,0.500001
Pessen-Integral,21.0600,1.000000,1.000000,0.500000
Pessen-Integral,21.0800,1.000000,1.000000,0.500000
Pessen-Integral,21.1000,1.000000,1.000000,0.500000
Pessen-Integral,21.1200,1.000000,1.000000,0.500001
Pessen-Integral,21.1400,1.000000,1.000000,0.500001
Pessen-Integral,21.1600,1.000000,1.000000,0.500000
Pessen-Integral,21.1800,1.000000,1.000000,0.500000
Pessen-Integral,21.2000,1.000000,1.000000,0.500000
Pessen-Integral,21.2200,1.000000,1.000000,0.500000
Pessen-Integral,21.2400,1.000000,1.000000,0.499999
Pessen-Integral,21.2600,1.000000,1.000000,0.500000
Pessen-Integral,21.2800,1.000000,1.000000,0.500000
Pessen-Integral,21.3000,1.000000,1.000000,0.500000
Pessen-Integral,21.3200,1.000000,1.000000,0.500000
Pessen-Integral,21.3400,1.000000,1.000000,0.499999
Pessen-Integral,21.3600,1.000000,1.000000,0.500000
Pessen-Integral,21.3800,1.000000,1.000000,0.500000
Pessen-Integral,21.4000,1.000000,1.000000,0.500000
Pessen-Integral,21.4200,1.000000,1.000000,0.500000
Pessen-Integral,21.4400,1.000000,1.000000,0.500000
Pessen-Integral,21.4600,1.000000,1.000000,0.499999
Pessen-Integral,21.4800,1.000000,1.000000,0.499999
Pessen-Integral,21.5000,1.000000,1.000000,0.500000
Pessen-Integral,21.5200,1.000000,1.000000,0.500000
Pessen-Integral,21.5400,1.000000,1.000000,0.500000
Pessen-Integral,21.5600,1.000000,1.000000,0.500000
Pessen-Integral,21.5800,1.000000,1.000000,0.500000
Pessen-Integral,21.6000,1.000000,1.000000,0.500000
Pessen-Integral,21.6200,1.000000,1.000000,0.500000
Pessen-Integral,21.6400,1.000000,1.000000,0.500000
Pessen-Integral,21.6600,1.000000,1.000000,0.500002
Pessen-Integral,21.6800,1.000000,1.000000,0.500001
Pessen-Integral,21.7000,1.000000,1.000000,0.500000
Pessen-Integral,21.7200,1.000000,1.000000,0.500000
Pessen-Integral,21.7400,1.000000,1.000000,0.500000
Pessen-Integral,21.7600,1.000000,1.000000,0.500000
Pessen-Integral,21.7800,1.000000,1.000000,0.500001
Pessen-Integral,21.8000,1.000000,1.000000,0.500000
Pessen-Integral,21.8200,1.000000,1.000000,0.500000
Pessen-Integral,21.8400,1.000000,1.000000,0.500000
Pessen-Integral,21.8600,1.000000,1.000000,0.500000
Pessen-Integral,21.8800,1.000000,1.000000,0.500001
Pessen-Integral,21.9000,1.000000,1.000000,0.500000
Pessen-Integral,21.9200,1.000000,1.000000,0.500000
Pessen-Integral,21.9400,1.000000,1.000000,0.500000
Pessen-Integral,21.9600,1.000000,1.000000,0.500000
Pessen-Integral,21.9800,1.000000,1.000000,0.499999
Pessen-Integral,22.0000,1.000000,1.000000,0.500000
Pessen-Integral,22.0200,1.000000,1.000000,0.500000
Pessen-Integral,22.0400,1.000000,1.000000,0.500000
Pessen-Integral,22.0600,1.000000,1.000000,0.500000
Pessen-Integral,22.0800,1.000000,1.000000,0.500000
Pessen-Integral,22.1000,1.000000,1.000000,0.500000
Pessen-Integral,22.1200,1.000000,1.000000,0.500000
Pessen-Integral,22.1400,1.000000,1.000000,0.500000
Pessen-Integral,22.1600,1.000000,1.000000,0.500000
Pessen-Integral,22.1800,1.000000,1.000000,0.500000
Pessen-Integral,22.2000,1.000000,1.000000,0.499998
Pessen-Integral,22.2200,1.000000,1.000000,0.499999
Pessen-Integral,22.2400,1.000000,1.000000,0.500000
Pessen-Integral,22.2600,1.000000,1.000000,0.500000
Pessen-Integral,22.2800,1.000000,1.000000,0.500000
Pessen-Integral,22.3000,1.000000,1.000000,0.500000
Pessen-Integral,22.3200,1.000000,1.000000,0.500000
Pessen-Integral,22.3400,1.000000,1.000000,0.500000
Pessen-Integral,22.3600,1.000000,1.000000,0.500000
Pessen-Integral,22.3800,1.000000,1.000000,0.500000
Pessen-Integral,22.4000,1.000000,1.000000,0.500000
Pessen-Integral,22.4200,1.000000,1.000000,0.500001
Pessen-Integral,22.4400,1.000000,1.000000,0.500000
Pessen-Integral,22.4600,1.000000,1.000000,0.500000
Pessen-Integral,22.4800,1.000000,1.000000,0.500000
Pessen-Integral,22.5000,1.000000,1.000000,0.500000
Pessen-Integral,22.5200,1.000000,1.000000,0.500000
Pessen-Integral,22.5400,1.000000,1.000000,0.500001
Pessen-Integral,22.5600,1.000000,1.000000,0.500000
Pessen-Integral,22.5800,1.000000,1.000000,0.500000
Pessen-Integral,22.6000,1.000000,1.000000,0.500000
Pessen-Integral,22.6200,1.000000,1.000000,0.500001
Pessen-Integral,22.6400,1.000000,1.000000,0.500000
Pessen-Integral,22.6600,1.000000,1.000000,0.500000
Pessen-Integral,22.6800,1.000000,1.000000,0.500000
Pessen-Integral,22.7000,1.000000,1.000000,0.500000
Pessen-Integral,22.7200,1.000000,1.000000,0.500000
Pessen-Integral,22.7400,1.000000,1.000000,0.500000
Pessen-Integral,22.7600,1.000000,1.000000,0.500000
Pessen-Integral,22.7800,1.000000,1.000000,0.500000
Pessen-Integral,22.8000,1.000000,1.000000,0.500000
Pessen-Integral,22.8200,1.000000,1.000000,0.500000
Pessen-Integral,22.8400,1.000000,1.000000,0.499999
Pessen-Integral,22.8600,1.000000,1.000000,0.500000
Pessen-Integral,22.8800,1.000000,1.000000,0.500000
Pessen-Integral,22.9000,1.000000,1.000000,0.500000
Pessen-Integral,22.9200,1.000000,1.000000,0.500000
Pessen-Integral,22.9400,1.000000,1.000000,0.499998
Pessen-Integral,22.9600,1.000000,1.000000,0.499999
Pessen-Integral,22.9800,1.000000,1.000000,0.500000
Pessen-Integral,23.0000,1.000000,1.000000,0.500000
Pessen-Integral,23.0200,1.000000,1.000000,0.500000
Pessen-Integral,23.0400,1.000000,1.000000,0.500000
Pessen-Integral,23.0600,1.000000,1.000000,0.500000
Pessen-Integral,23.0800,1.000000,1.000000,0.500000
Pessen-Integral,23.1000,1.000000,1.000000,0.500000
Pessen-Integral,23.1200,1.000000,1.000000,0.500000
Pessen-Integral,23.1400,1.000000,1.000000,0.500000
Pessen-Integral,23.1600,1.000000,1.000000,0.500002
Pessen-Integral,23.1800,1.000000,1.000000,0.500001
Pessen-Integral,23.2000,1.000000,1.000000,0.500000
Pessen-Integral,23.2200,1.000000,1.000000,0.500000
Pessen-Integral,23.2400,1.000000,1.000000,0.500000
Pessen-Integral,23.2600,1.000000,1.000000,0.500000
Pessen-Integral,23.2800,1.000000,1.000000,0.500001
Pessen-Integral,23.3000,1.000000,1.000000,0.500000
Pessen-Integral,23.3200,1.000000,1.000000,0.500000
Pessen-Integral,23.3400,1.000000,1.000000,0.500000
Pessen-Integral,23.3600,1.000000,1.000000,0.500001
Pessen-Integral,23.3800,1.000000,1.000000,0.500001
Pessen-Integral,23.4000,1.000000,1.000000,0.500000
Pessen-Integral,23.4200,1.000000,1.000000,0.500000
Pessen-Integral,23.4400,1.000000,1.000000,0.500000
Pessen-Integral,23.4600,1.000000,1.000000,0.500000
Pessen-Integral,23.4800,1.000000,1.000000,0.499999
Pessen-Integral,23.5000,1.000000,1.000000,0.500000
Pessen-Integral,23.5200,1.000000,1.000000,0.500000
Pessen-Integral,23.5400,1.000000,1.000000,0.500000
Pessen-Integral,23.5600,1.000000,1.000000,0.500000
Pessen-Integral,23.5800,1.000000,1.000000,0.499999
Pessen-Integral,23.6000,1.000000,1.000000,0.500000
Pessen-Integral,23.6200,1.000000,1.000000,0.500000
Pessen-Integral,23.6400,1.000000,1.000000,0.500000
Pessen-Integral,23.6600,1.000000,1.000000,0.500000
Pessen-Integral,23.6800,1.000000,1.000000,0.500000
Pessen-Integral,23.7000,1.000000,1.000000,0.499999
Pessen-Integral,23.7200,1.000000,1.000000,0.499999
Pessen-Integral,23.7400,1.000000,1.000000,0.500000
Pessen-Integral,23.7600,1.000000,1.000000,0.500000
Pessen-Integral,23.7800,1.000000,1.000000,0.500000
Pessen-Integral,23.8000,1.000000,1.000000,0.500000
Pessen-Integral,23.8200,1.000000,1.000000,0.500000
Pessen-Integral,23.8400,1.000000,1.000000,0.500000
Pessen-Integral,23.8600,1.000000,1.000000,0.500000
Pessen-Integral,23.8800,1.000000,1.000000,0.500000
Pessen-Integral,23.9000,1.000000,1.000000,0.500002
Pessen-Integral,23.9200,1.000000,1.000000,0.500001
Pessen-Integral,23.9400,1.000000,1.000000,0.500000
Pessen-Integral,23.9600,1.000000,1.000000,0.500000
Pessen-Integral,23.9800,1.000000,1.000000,0.500000
Pessen-Integral,24.0000,1.000000,1.000000,0.500000
Pessen-Integral,24.0200,1.000000,1.000000,0.500001
Pessen-Integral,24.0400,1.000000,1.000000,0.500000
Pessen-Integral,24.0600,1.000000,1.000000,0.500000
Pessen-Integral,24.0800,1.000000,1.000000,0.500000
Pessen-Integral,24.1000,1.000000,1.000000,0.500000
Pessen-Integral,24.1200,1.000000,1.000000,0.500001
Pessen-Integral,24.1400,1.000000,1.000000,0.500000
Pessen-Integral,24.1600,1.000000,1.000000,0.500000
Pessen-Integral,24.1800,1.000000,1.000000,0.500000
Pessen-Integral,24.2000,1.000000,1.000000,0.500000
Pessen-Integral,24.2200,1.000000,1.000000,0.499999
Pessen-Integral,24.2400,1.000000,1.000000,0.500000
Pessen-Integral,24.2600,1.000000,1.000000,0.500000
Pessen-Integral,24.2800,1.000000,1.000000,0.500000
Pessen-Integral,24.3000,1.000000,1.000000,0.500000
Pessen-Integral,24.3200,1.000000,1.000000,0.500000
Pessen-Integral,24.3400,1.000000,1.000000,0.500000
Pessen-Integral,24.3600,1.000000,1.000000,0.500000
Pessen-Integral,24.3800,1.000000,1.000000,0.500000
Pessen-Integral,24.4000,1.000000,1.000000,0.500000
Pessen-Integral,24.4200,1.000000,1.000000,0.500000
Pessen-Integral,24.4400,1.000000,1.000000,0.499998
Pessen-Integral,24.4600,1.000000,1.000000,0.499999
Pessen-Integral,24.4800,1.000000,1.000000,0.500000
Pessen-Integral,24.5000,1.000000,1.000000,0.500000
Pessen-Integral,24.5200,1.000000,1.000000,0.500000
Pessen-Integral,24.5400,1.000000,1.000000,0.500000
Pessen-Integral,24.5600,1.000000,1.000000,0.500000
Pessen-Integral,24.5800,1.000000,1.000000,0.500000
Pessen-Integral,24.6000,1.000000,1.000000,0.500000
Pessen-Integral,24.6200,1.000000,1.000000,0.500000
Pessen-Integral,24.6400,1.000000,1.000000,0.500000
Pessen-Integral,24.6600,1.000000,1.000000,0.500001
Pessen-Integral,24.6800,1.000000,1.000000,0.500000
Pessen-Integral,24.7000,1.000000,1.000000,0.500000
Pessen-Integral,24.7200,1.000000,1.000000,0.500000
Pessen-Integral,24.7400,1.000000,1.000000,0.500000
Pessen-Integral,24.7600,1.000000,1.000000,0.500000
Pessen-Integral,24.7800,1.000000,1.000000,0.500001
Pessen-Integral,24.8000,1.000000,1.000000,0.500000
Pessen-Integral,24.8200,1.000000,1.000000,0.500000
Pessen-Integral,24.8400,1.000000,1.000000,0.500000
Pessen-Integral,24.8600,1.000000,1.000000,0.500001
Pessen-Integral,24.8800,1.000000,1.000000,0.500000
Pessen-Integral,24.9000,1.000000,1.000000,0.500000
Pessen-Integral,24.9200,1.000000,1.000000,0.500000
Pessen-Integral,24.9400,1.000000,1.000000,0.500000
Pessen-Integral,24.9600,1.000000,1.000000,0.500000
Pessen-Integral,24.9800,1.000000,1.000000,0.500000
Some-Overshoot,0.0000,1.000000,0.000000,0.989835
Some-Overshoot,0.0200,1.000000,0.000000,1.025749
Some-Overshoot,0.0400,1.000000,0.000000,1.061663
Some-Overshoot,0.0600,1.000000,0.000000,1.097578
Some-Overshoot,0.0800,1.000000,0.000000,1.133492
Some-Overshoot,0.1000,1.000000,0.000000,1.169406
Some-Overshoot,0.1200,1.000000,0.000000,1.205321
Some-Overshoot,0.1400,1.000000,0.000000,1.241235
Some-Overshoot,0.1600,1.000000,0.000000,1.277149
Some-Overshoot,0.1800,1.000000,0.000000,1.313064
Some-Overshoot,0.2000,1.000000,0.000000,1.348978
Some-Overshoot,0.2200,1.000000,0.000000,1.384892
Some-Overshoot,0.2400,1.000000,0.000000,1.420807
Some-Overshoot,0.2600,1.000000,0.000000,1.456721
Some-Overshoot,0.2800,1.000000,0.000000,1.492636
Some-Overshoot,0.3000,1.000000,0.019698,1.528550
Some-Overshoot,0.3200,1.000000,0.059577,1.256463
Some-Overshoot,0.3400,1.000000,0.100088,1.081870
Some-Overshoot,0.3600,1.000000,0.141219,0.966328
Some-Overshoot,0.3800,1.000000,0.182958,0.886262
Some-Overshoot,0.4000,1.000000,0.225293,0.827213
Some-Overshoot,0.4200,1.000000,0.268212,0.780312
Some-Overshoot,0.4400,1.000000,0.311704,0.740116
Some-Overshoot,0.4600,1.000000,0.355756,0.703284
Some-Overshoot,0.4800,1.000000,0.400359,0.667760
Some-Overshoot,0.5000,1.000000,0.445500,0.632282
Some-Overshoot,0.5200,1.000000,0.491171,0.596070
Some-Overshoot,0.5400,1.000000,0.537359,0.558641
Some-Overshoot,0.5600,1.000000,0.584054,0.519695
Some-Overshoot,0.5800,1.000000,0.631248,0.479042
Some-Overshoot,0.6000,1.000000,0.678929,0.436563
Some-Overshoot,0.6200,1.000000,0.717622,0.421168
Some-Overshoot,0.6400,1.000000,0.747793,0.479000
Some-Overshoot,0.6600,1.000000,0.772282,0.557601
Some-Overshoot,0.6800,1.000000,0.792810,0.634395
Some-Overshoot,0.7000,1.000000,0.810414,0.701431
Some-Overshoot,0.7200,1.000000,0.825709,0.757457
Some-Overshoot,0.7400,1.000000,0.839054,0.803942
Some-Overshoot,0.7600,1.000000,0.850649,0.843170
Some-Overshoot,0.7800,1.000000,0.860599,0.877403
Some-Overshoot,0.8000,1.000000,0.868948,0.908573
Some-Overshoot,0.8200,1.000000,0.875707,0.938209
Some-Overshoot,0.8400,1.000000,0.880863,0.967477
Some-Overshoot,0.8600,1.000000,0.884390,0.997247
Some-Overshoot,0.8800,1.000000,0.886254,1.028159
Some-Overshoot,0.9000,1.000000,0.886417,1.060692
Some-Overshoot,0.9200,1.000000,0.885415,1.095200
Some-Overshoot,0.9400,1.000000,0.886185,1.115000
Some-Overshoot,0.9600,1.000000,0.889932,1.108516
Some-Overshoot,0.9800,1.000000,0.896696,1.081200
Some-Overshoot,1.0000,1.000000,0.906086,1.041700
Some-Overshoot,1.0200,1.000000,0.917616,0.997093
Some-Overshoot,1.0400,1.000000,0.930847,0.951901
Some-Overshoot,1.0600,1.000000,0.945435,0.908440
Some-Overshoot,1.0800,1.000000,0.961134,0.867498
Some-Overshoot,1.1000,1.000000,0.977783,0.828943
Some-Overshoot,1.1200,1.000000,0.995287,0.792171
Some-Overshoot,1.1400,1.000000,1.013605,0.756392
Some-Overshoot,1.1600,1.000000,1.032733,0.720796
Some-Overshoot,1.1800,1.000000,1.052693,0.684632
Some-Overshoot,1.2000,1.000000,1.073530,0.647245
Some-Overshoot,1.2200,1.000000,1.095300,0.608075
Some-Overshoot,1.2400,1.000000,1.117637,0.567504
Some-Overshoot,1.2600,1.000000,1.139532,0.531679
Some-Overshoot,1.2800,1.000000,1.160095,0.506228
Some-Overshoot,1.3000,1.000000,1.178787,0.492749
Some-Overshoot,1.3200,1.000000,1.195379,0.489848
Some-Overshoot,1.3400,1.000000,1.209849,0.494834
Some-Overshoot,1.3600,1.000000,1.222292,0.504925
Some-Overshoot,1.3800,1.000000,1.232841,0.517861
Some-Overshoot,1.4000,1.000000,1.241632,0.532104
Some-Overshoot,1.4200,1.000000,1.248777,0.546786
Some-Overshoot,1.4400,1.000000,1.254355,0.561577
Some-Overshoot,1.4600,1.000000,1.258414,0.576518
Some-Overshoot,1.4800,1.000000,1.260968,0.591886
Some-Overshoot,1.5000,1.000000,1.262003,0.608086
Some-Overshoot,1.5200,1.000000,1.261486,0.625581
Some-Overshoot,1.5400,1.000000,1.259379,0.644848
Some-Overshoot,1.5600,1.000000,1.255830,0.665622
Some-Overshoot,1.5800,1.000000,1.251233,0.685728
Some-Overshoot,1.6000,1.000000,1.246075,0.702392
Some-Overshoot,1.6200,1.000000,1.240806,0.713607
Some-Overshoot,1.6400,1.000000,1.235768,0.718595
Some-Overshoot,1.6600,1.000000,1.231186,0.717635
Some-Overshoot,1.6800,1.000000,1.227183,0.711640
Some-Overshoot,1.7000,1.000000,1.223814,0.701754
Some-Overshoot,1.7200,1.000000,1.221090,0.689063
Some-Overshoot,1.7400,1.000000,1.219004,0.674433
Some-Overshoot,1.7600,1.000000,1.217550,0.658453
Some-Overshoot,1.7800,1.000000,1.216729,0.641443
Some-Overshoot,1.8000,1.000000,1.216555,0.623494
Some-Overshoot,1.8200,1.000000,1.217064,0.604517
Some-Overshoot,1.8400,1.000000,1.218308,0.584299
Some-Overshoot,1.8600,1.000000,1.220338,0.562567
Some-Overshoot,1.8800,1.000000,1.223137,0.539380
Some-Overshoot,1.9000,1.000000,1.226581,0.515515
Some-Overshoot,1.9200,1.000000,1.230459,0.492263
Some-Overshoot,1.9400,1.000000,1.234519,0.470969
Some-Overshoot,1.9600,1.000000,1.238517,0.452651
Some-Overshoot,1.9800,1.000000,1.242245,0.437852
Some-Overshoot,2.0000,1.000000,1.245544,0.426654
Some-Overshoot,2.0200,1.000000,1.248300,0.418807
Some-Overshoot,2.0400,1.000000,1.250440,0.413880
Some-Overshoot,2.0600,1.000000,1.251916,0.411401
Some-Overshoot,2.0800,1.000000,1.252699,0.410942
Some-Overshoot,2.1000,1.000000,1.252765,0.412186
Some-Overshoot,2.1200,1.000000,1.252089,0.414939
Some-Overshoot,2.1400,1.000000,1.250638,0.419140
Some-Overshoot,2.1600,1.000000,1.248371,0.424844
Some-Overshoot,2.1800,1.000000,1.245244,0.432170
Some-Overshoot,2.2000,1.000000,1.241238,0.441140
Some-Overshoot,2.2200,1.000000,1.236380,0.451494
Some-Overshoot,2.2400,1.000000,1.230753,0.462673
Some-Overshoot,2.2600,1.000000,1.224481,0.473937
Some-Overshoot,2.2800,1.000000,1.217712,0.484545
Some-Overshoot,2.3000,1.000000,1.210598,0.493888
Some-Overshoot,2.3200,1.000000,1.203282,0.501566
Some-Overshoot,2.3400,1.000000,1.195888,0.507394
Some-Overshoot,2.3600,1.000000,1.188519,0.511367
Some-Overshoot,2.3800,1.000000,1.181259,0.513596
Some-Overshoot,2.4000,1.000000,1.174176,0.514247
Some-Overshoot,2.4200,1.000000,1.167328,0.513489
Some-Overshoot,2.4400,1.000000,1.160767,0.511455
Some-Overshoot,2.4600,1.000000,1.154548,0.508216
Some-Overshoot,2.4800,1.000000,1.148725,0.503774
Some-Overshoot,2.5000,1.000000,1.143357,0.498079
Some-Overshoot,2.5200,1.000000,1.138492,0.491095
Some-Overshoot,2.5400,1.000000,1.134160,0.482884
Some-Overshoot,2.5600,1.000000,1.130361,0.473659
Some-Overshoot,2.5800,1.000000,1.127066,0.463773
Some-Overshoot,2.6000,1.000000,1.124220,0.453656
Some-Overshoot,2.6200,1.000000,1.121751,0.443745
Some-Overshoot,2.6400,1.000000,1.119580,0.434426
Some-Overshoot,2.6600,1.000000,1.117627,0.425990
Some-Overshoot,2.6800,1.000000,1.115819,0.418620
Some-Overshoot,2.7000,1.000000,1.114087,0.412409
Some-Overshoot,2.7200,1.000000,1.112373,0.407376
Some-Overshoot,2.7400,1.000000,1.110624,0.403498
Some-Overshoot,2.7600,1.000000,1.108794,0.400740
Some-Overshoot,2.7800,1.000000,1.106836,0.399079
Some-Overshoot,2.8000,1.000000,1.104704,0.398517
Some-Overshoot,2.8200,1.000000,1.102350,0.399085
Some-Overshoot,2.8400,1.000000,1.099729,0.400823
Some-Overshoot,2.8600,1.000000,1.096804,0.403738
Some-Overshoot,2.8800,1.000000,1.093551,0.407770
Some-Overshoot,2.9000,1.000000,1.089963,0.412778
Some-Overshoot,2.9200,1.000000,1.086050,0.418553
Some-Overshoot,2.9400,1.000000,1.081839,0.424833
Some-Overshoot,2.9600,1.000000,1.077369,0.431350
Some-Overshoot,2.9800,1.000000,1.072684,0.437857
Some-Overshoot,3.0000,1.000000,1.067834,0.444140
Some-Overshoot,3.0200,1.000000,1.062869,0.450044
Some-Overshoot,3.0400,1.000000,1.057838,0.455455
Some-Overshoot,3.0600,1.000000,1.052786,0.460306
Some-Overshoot,3.0800,1.000000,1.047758,0.464550
Some-Overshoot,3.1000,1.000000,1.042796,0.468156
Some-Overshoot,3.1200,1.000000,1.037944,0.471087
Some-Overshoot,3.1400,1.000000,1.033244,0.473300
Some-Overshoot,3.1600,1.000000,1.028742,0.474741
Some-Overshoot,3.1800,1.000000,1.024478,0.475372
Some-Overshoot,3.2000,1.000000,1.020488,0.475176
Some-Overshoot,3.2200,1.000000,1.016798,0.474182
Some-Overshoot,3.2400,1.000000,1.013426,0.472464
Some-Overshoot,3.2600,1.000000,1.010377,0.470139
Some-Overshoot,3.2800,1.000000,1.007647,0.467355
Some-Overshoot,3.3000,1.000000,1.005222,0.464270
Some-Overshoot,3.3200,1.000000,1.003083,0.461039
Some-Overshoot,3.3400,1.000000,1.001206,0.457803
Some-Overshoot,3.3600,1.000000,0.999564,0.454679
Some-Overshoot,3.3800,1.000000,0.998128,0.451763
Some-Overshoot,3.4000,1.000000,0.996870,0.449129
Some-Overshoot,3.4200,1.000000,0.995760,0.446837
Some-Overshoot,3.4400,1.000000,0.994767,0.444941
Some-Overshoot,3.4600,1.000000,0.993858,0.443495
Some-Overshoot,3.4800,1.000000,0.993000,0.442554
Some-Overshoot,3.5000,1.000000,0.992159,0.442168
Some-Overshoot,3.5200,1.000000,0.991304,0.442379
Some-Overshoot,3.5400,1.000000,0.990404,0.443209
Some-Overshoot,3.5600,1.000000,0.989436,0.444651
Some-Overshoot,3.5800,1.000000,0.988380,0.446670
Some-Overshoot,3.6000,1.000000,0.987226,0.449206
Some-Overshoot,3.6200,1.000000,0.985968,0.452177
Some-Overshoot,3.6400,1.000000,0.984607,0.455490
Some-Overshoot,3.6600,1.000000,0.983147,0.459048
Some-Overshoot,3.6800,1.000000,0.981599,0.462759
Some-Overshoot,3.7000,1.000000,0.979974,0.466537
Some-Overshoot,3.7200,1.000000,0.978286,0.470308
Some-Overshoot,3.7400,1.000000,0.976554,0.474005
Some-Overshoot,3.7600,1.000000,0.974793,0.477567
Some-Overshoot,3.7800,1.000000,0.973025,0.480938
Some-Overshoot,3.8000,1.000000,0.971271,0.484059
Some-Overshoot,3.8200,1.000000,0.969555,0.486878
Some-Overshoot,3.8400,1.000000,0.967899,0.489342
Some-Overshoot,3.8600,1.000000,0.966327,0.491408
Some-Overshoot,3.8800,1.000000,0.964860,0.493049
Some-Overshoot,3.9000,1.000000,0.963518,0.494253
Some-Overshoot,3.9200,1.000000,0.962317,0.495026
Some-Overshoot,3.9400,1.000000,0.961267,0.495394
Some-Overshoot,3.9600,1.000000,0.960376,0.495394
Some-Overshoot,3.9800,1.000000,0.959649,0.495074
Some-Overshoot,4.0000,1.000000,0.959086,0.494490
Some-Overshoot,4.0200,1.000000,0.958683,0.493696
Some-Overshoot,4.0400,1.000000,0.958436,0.492747
Some-Overshoot,4.0600,1.000000,0.958335,0.491696
Some-Overshoot,4.0800,1.000000,0.958373,0.490591
Some-Overshoot,4.1000,1.000000,0.958536,0.489482
Some-Overshoot,4.1200,1.000000,0.958810,0.488418
Some-Overshoot,4.1400,1.000000,0.959180,0.487444
Some-Overshoot,4.1600,1.000000,0.959629,0.486610
Some-Overshoot,4.1800,1.000000,0.960138,0.485956
Some-Overshoot,4.2000,1.000000,0.960689,0.485523
Some-Overshoot,4.2200,1.000000,0.961264,0.485339
Some-Overshoot,4.2400,1.000000,0.961846,0.485421
Some-Overshoot,4.2600,1.000000,0.962420,0.485778
Some-Overshoot,4.2800,1.000000,0.962973,0.486403
Some-Overshoot,4.3000,1.000000,0.963494,0.487284
Some-Overshoot,4.3200,1.000000,0.963975,0.488396
Some-Overshoot,4.3400,1.000000,0.964411,0.489714
Some-Overshoot,4.3600,1.000000,0.964798,0.491204
Some-Overshoot,4.3800,1.000000,0.965133,0.492834
Some-Overshoot,4.4000,1.000000,0.965418,0.494570
Some-Overshoot,4.4200,1.000000,0.965654,0.496377
Some-Overshoot,4.4400,1.000000,0.965846,0.498218
Some-Overshoot,4.4600,1.000000,0.966000,0.500057
Some-Overshoot,4.4800,1.000000,0.966123,0.501857
Some-Overshoot,4.5000,1.000000,0.966224,0.503580
Some-Overshoot,4.5200,1.000000,0.966314,0.505191
Some-Overshoot,4.5400,1.000000,0.966402,0.506658
Some-Overshoot,4.5600,1.000000,0.966500,0.507953
Some-Overshoot,4.5800,1.000000,0.966618,0.509058
Some-Overshoot,4.6000,1.000000,0.966766,0.509957
Some-Overshoot,4.6200,1.000000,0.966953,0.510646
Some-Overshoot,4.6400,1.000000,0.967187,0.511126
Some-Overshoot,4.6600,1.000000,0.967473,0.511404
Some-Overshoot,4.6800,1.000000,0.967817,0.511490
Some-Overshoot,4.7000,1.000000,0.968222,0.511401
Some-Overshoot,4.7200,1.000000,0.968690,0.511154
Some-Overshoot,4.7400,1.000000,0.969221,0.510770
Some-Overshoot,4.7600,1.000000,0.969815,0.510271
Some-Overshoot,4.7800,1.000000,0.970468,0.509681
Some-Overshoot,4.8000,1.000000,0.971178,0.509028
Some-Overshoot,4.8200,1.000000,0.971939,0.508337
Some-Overshoot,4.8400,1.000000,0.972744,0.507637
Some-Overshoot,4.8600,1.000000,0.973586,0.506955
Some-Overshoot,4.8800,1.000000,0.974458,0.506317
Some-Overshoot,4.9000,1.000000,0.975349,0.505746
Some-Overshoot,4.9200,1.000000,0.976253,0.505261
Some-Overshoot,4.9400,1.000000,0.977160,0.504877
Some-Overshoot,4.9600,1.000000,0.978061,0.504604
Some-Overshoot,4.9800,1.000000,0.978950,0.504449
Some-Overshoot,5.0000,1.000000,0.979820,0.504413
Some-Overshoot,5.0200,1.000000,0.980664,0.504495
Some-Overshoot,5.0400,1.000000,0.981477,0.504689
Some-Overshoot,5.0600,1.000000,0.982256,0.504990
Some-Overshoot,5.0800,1.000000,0.982997,0.505385
Some-Overshoot,5.1000,1.000000,0.983698,0.505863
Some-Overshoot,5.1200,1.000000,0.984358,0.506408
Some-Overshoot,5.1400,1.000000,0.984977,0.507006
Some-Overshoot,5.1600,1.000000,0.985556,0.507638
Some-Overshoot,5.1800,1.000000,0.986098,0.508283
Some-Overshoot,5.2000,1.000000,0.986607,0.508925
Some-Overshoot,5.2200,1.000000,0.987085,0.509543
Some-Overshoot,5.2400,1.000000,0.987537,0.510121
Some-Overshoot,5.2600,1.000000,0.987969,0.510642
Some-Overshoot,5.2800,1.000000,0.988384,0.511093
Some-Overshoot,5.3000,1.000000,0.988789,0.511464
Some-Overshoot,5.3200,1.000000,0.989188,0.511747
Some-Overshoot,5.3400,1.000000,0.989586,0.511936
Some-Overshoot,5.3600,1.000000,0.989986,0.512029
Some-Overshoot,5.3800,1.000000,0.990394,0.512026
Some-Overshoot,5.4000,1.000000,0.990811,0.511928
Some-Overshoot,5.4200,1.000000,0.991241,0.511741
Some-Overshoot,5.4400,1.000000,0.991686,0.511470
Some-Overshoot,5.4600,1.000000,0.992147,0.511124
Some-Overshoot,5.4800,1.000000,0.992624,0.510713
Some-Overshoot,5.5000,1.000000,0.993118,0.510248
Some-Overshoot,5.5200,1.000000,0.993626,0.509743
Some-Overshoot,5.5400,1.000000,0.994147,0.509211
Some-Overshoot,5.5600,1.000000,0.994680,0.508665
Some-Overshoot,5.5800,1.000000,0.995220,0.508119
Some-Overshoot,5.6000,1.000000,0.995765,0.507585
Some-Overshoot,5.6200,1.000000,0.996312,0.507076
Some-Overshoot,5.6400,1.000000,0.996856,0.506600
Some-Overshoot,5.6600,1.000000,0.997394,0.506167
Some-Overshoot,5.6800,1.000000,0.997922,0.505784
Some-Overshoot,5.7000,1.000000,0.998437,0.505454
Some-Overshoot,5.7200,1.000000,0.998935,0.505183
Some-Overshoot,5.7400,1.000000,0.999413,0.504971
Some-Overshoot,5.7600,1.000000,0.999869,0.504818
Some-Overshoot,5.7800,1.000000,1.000300,0.504723
Some-Overshoot,5.8000,1.000000,1.000704,0.504681
Some-Overshoot,5.8200,1.000000,1.001081,0.504690
Some-Overshoot,5.8400,1.000000,1.001430,0.504741
Some-Overshoot,5.8600,1.000000,1.001750,0.504828
Some-Overshoot,5.8800,1.000000,1.002042,0.504942
Some-Overshoot,5.9000,1.000000,1.002307,0.505076
Some-Overshoot,5.9200,1.000000,1.002547,0.505219
Some-Overshoot,5.9400,1.000000,1.002763,0.505363
Some-Overshoot,5.9600,1.000000,1.002956,0.505500
Some-Overshoot,5.9800,1.000000,1.003130,0.505621
Some-Overshoot,6.0000,1.000000,1.003287,0.505720
Some-Overshoot,6.0200,1.000000,1.003430,0.505790
Some-Overshoot,6.0400,1.000000,1.003561,0.505827
Some-Overshoot,6.0600,1.000000,1.003683,0.505827
Some-Overshoot,6.0800,1.000000,1.003798,0.505787
Some-Overshoot,6.1000,1.000000,1.003908,0.505704
Some-Overshoot,6.1200,1.000000,1.004016,0.505580
Some-Overshoot,6.1400,1.000000,1.004124,0.505415
Some-Overshoot,6.1600,1.000000,1.004232,0.505211
Some-Overshoot,6.1800,1.000000,1.004343,0.504970
Some-Overshoot,6.2000,1.000000,1.004457,0.504699
Some-Overshoot,6.2200,1.000000,1.004574,0.504401
Some-Overshoot,6.2400,1.000000,1.004694,0.504081
Some-Overshoot,6.2600,1.000000,1.004818,0.503746
Some-Overshoot,6.2800,1.000000,1.004944,0.503403
Some-Overshoot,6.3000,1.000000,1.005072,0.503058
Some-Overshoot,6.3200,1.000000,1.005200,0.502716
Some-Overshoot,6.3400,1.000000,1.005327,0.502383
Some-Overshoot,6.3600,1.000000,1.005453,0.502066
Some-Overshoot,6.3800,1.000000,1.005574,0.501767
Some-Overshoot,6.4000,1.000000,1.005691,0.501492
Some-Overshoot,6.4200,1.000000,1.005800,0.501244
Some-Overshoot,6.4400,1.000000,1.005902,0.501025
Some-Overshoot,6.4600,1.000000,1.005993,0.500836
Some-Overshoot,6.4800,1.000000,1.006074,0.500680
Some-Overshoot,6.5000,1.000000,1.006143,0.500555
Some-Overshoot,6.5200,1.000000,1.006198,0.500460
Some-Overshoot,6.5400,1.000000,1.006240,0.500395
Some-Overshoot,6.5600,1.000000,1.006268,0.500355
Some-Overshoot,6.5800,1.000000,1.006282,0.500339
Some-Overshoot,6.6000,1.000000,1.006283,0.500342
Some-Overshoot,6.6200,1.000000,1.006269,0.500362
Some-Overshoot,6.6400,1.000000,1.006243,0.500392
Some-Overshoot,6.6600,1.000000,1.006204,0.500431
Some-Overshoot,6.6800,1.000000,1.006154,0.500473
Some-Overshoot,6.7000,1.000000,1.006094,0.500514
Some-Overshoot,6.7200,1.000000,1.006025,0.500551
Some-Overshoot,6.7400,1.000000,1.005948,0.500579
Some-Overshoot,6.7600,1.000000,1.005865,0.500597
Some-Overshoot,6.7800,1.000000,1.005777,0.500602
Some-Overshoot,6.8000,1.000000,1.005686,0.500591
Some-Overshoot,6.8200,1.000000,1.005593,0.500564
Some-Overshoot,6.8400,1.000000,1.005498,0.500518
Some-Overshoot,6.8600,1.000000,1.005404,0.500455
Some-Overshoot,6.8800,1.000000,1.005310,0.500375
Some-Overshoot,6.9000,1.000000,1.005218,0.500279
Some-Overshoot,6.9200,1.000000,1.005129,0.500167
Some-Overshoot,6.9400,1.000000,1.005043,0.500043
Some-Overshoot,6.9600,1.000000,1.004960,0.499908
Some-Overshoot,6.9800,1.000000,1.004880,0.499766
Some-Overshoot,7.0000,1.000000,1.004803,0.499617
Some-Overshoot,7.0200,1.000000,1.004730,0.499468
Some-Overshoot,7.0400,1.000000,1.004659,0.499318
Some-Overshoot,7.0600,1.000000,1.004590,0.499170
Some-Overshoot,7.0800,1.000000,1.004523,0.499029
Some-Overshoot,7.1000,1.000000,1.004457,0.498898
Some-Overshoot,7.1200,1.000000,1.004391,0.498775
Some-Overshoot,7.1400,1.000000,1.004325,0.498665
Some-Overshoot,7.1600,1.000000,1.004258,0.498570
Some-Overshoot,7.1800,1.000000,1.004190,0.498490
Some-Overshoot,7.2000,1.000000,1.004119,0.498425
Some-Overshoot,7.2200,1.000000,1.004045,0.498377
Some-Overshoot,7.2400,1.000000,1.003968,0.498344
Some-Overshoot,7.2600,1.000000,1.003887,0.498326
Some-Overshoot,7.2800,1.000000,1.003802,0.498324
Some-Overshoot,7.3000,1.000000,1.003713,0.498334
Some-Overshoot,7.3200,1.000000,1.003620,0.498355
Some-Overshoot,7.3400,1.000000,1.003523,0.498388
Some-Overshoot,7.3600,1.000000,1.003422,0.498428
Some-Overshoot,7.3800,1.000000,1.003317,0.498474
Some-Overshoot,7.4000,1.000000,1.003209,0.498525
Some-Overshoot,7.4200,1.000000,1.003098,0.498577
Some-Overshoot,7.4400,1.000000,1.002985,0.498631
Some-Overshoot,7.4600,1.000000,1.002870,0.498682
Some-Overshoot,7.4800,1.000000,1.002754,0.498731
Some-Overshoot,7.5000,1.000000,1.002638,0.498773
Some-Overshoot,7.5200,1.000000,1.002522,0.498811
Some-Overshoot,7.5400,1.000000,1.002406,0.498841
Some-Overshoot,7.5600,1.000000,1.002293,0.498863
Some-Overshoot,7.5800,1.000000,1.002181,0.498877
Some-Overshoot,7.6000,1.000000,1.002071,0.498884
Some-Overshoot,7.6200,1.000000,1.001965,0.498882
Some-Overshoot,7.6400,1.000000,1.001862,0.498872
Some-Overshoot,7.6600,1.000000,1.001762,0.498856
Some-Overshoot,7.6800,1.000000,1.001667,0.498833
Some-Overshoot,7.7000,1.000000,1.001575,0.498806
Some-Overshoot,7.7200,1.000000,1.001487,0.498775
Some-Overshoot,7.7400,1.000000,1.001403,0.498741
Some-Overshoot,7.7600,1.000000,1.001322,0.498706
Some-Overshoot,7.7800,1.000000,1.001245,0.498671
Some-Overshoot,7.8000,1.000000,1.001172,0.498637
Some-Overshoot,7.8200,1.000000,1.001101,0.498606
Some-Overshoot,7.8400,1.000000,1.001033,0.498579
Some-Overshoot,7.8600,1.000000,1.000967,0.498556
Some-Overshoot,7.8800,1.000000,1.000903,0.498539
Some-Overshoot,7.9000,1.000000,1.000841,0.498529
Some-Overshoot,7.9200,1.000000,1.000780,0.498524
Some-Overshoot,7.9400,1.000000,1.000720,0.498528
Some-Overshoot,7.9600,1.000000,1.000661,0.498539
Some-Overshoot,7.9800,1.000000,1.000602,0.498556
Some-Overshoot,8.0000,1.000000,1.000543,0.498581
Some-Overshoot,8.0200,1.000000,1.000484,0.498611
Some-Overshoot,8.0400,1.000000,1.000425,0.498647
Some-Overshoot,8.0600,1.000000,1.000366,0.498689
Some-Overshoot,8.0800,1.000000,1.000306,0.498736
Some-Overshoot,8.1000,1.000000,1.000246,0.498785
Some-Overshoot,8.1200,1.000000,1.000187,0.498837
Some-Overshoot,8.1400,1.000000,1.000127,0.498890
Some-Overshoot,8.1600,1.000000,1.000067,0.498944
Some-Overshoot,8.1800,1.000000,1.000008,0.498997
Some-Overshoot,8.2000,1.000000,0.999950,0.499049
Some-Overshoot,8.2200,1.000000,0.999893,0.499098
Some-Overshoot,8.2400,1.000000,0.999836,0.499145
Some-Overshoot,8.2600,1.000000,0.999782,0.499189
Some-Overshoot,8.2800,1.000000,0.999729,0.499229
Some-Overshoot,8.3000,1.000000,0.999677,0.499264
Some-Overshoot,8.3200,1.000000,0.999629,0.499295
Some-Overshoot,8.3400,1.000000,0.999582,0.499322
Some-Overshoot,8.3600,1.000000,0.999538,0.499344
Some-Overshoot,8.3800,1.000000,0.999497,0.499362
Some-Overshoot,8.4000,1.000000,0.999458,0.499376
Some-Overshoot,8.4200,1.000000,0.999422,0.499387
Some-Overshoot,8.4400,1.000000,0.999389,0.499395
Some-Overshoot,8.4600,1.000000,0.999359,0.499400
Some-Overshoot,8.4800,1.000000,0.999331,0.499403
Some-Overshoot,8.5000,1.000000,0.999306,0.499405
Some-Overshoot,8.5200,1.000000,0.999284,0.499407
Some-Overshoot,8.5400,1.000000,0.999264,0.499409
Some-Overshoot,8.5600,1.000000,0.999246,0.499411
Some-Overshoot,8.5800,1.000000,0.999230,0.499415
Some-Overshoot,8.6000,1.000000,0.999216,0.499420
Some-Overshoot,8.6200,1.000000,0.999203,0.499428
Some-Overshoot,8.6400,1.000000,0.999191,0.499437
Some-Overshoot,8.6600,1.000000,0.999181,0.499450
Some-Overshoot,8.6800,1.000000,0.999172,0.499465
Some-Overshoot,8.7000,1.000000,0.999164,0.499483
Some-Overshoot,8.7200,1.000000,0.999156,0.499504
Some-Overshoot,8.7400,1.000000,0.999148,0.499527
Some-Overshoot,8.7600,1.000000,0.999142,0.499553
Some-Overshoot,8.7800,1.000000,0.999135,0.499581
Some-Overshoot,8.8000,1.000000,0.999128,0.499611
Some-Overshoot,8.8200,1.000000,0.999122,0.499643
Some-Overshoot,8.8400,1.000000,0.999116,0.499675
Some-Overshoot,8.8600,1.000000,0.999110,0.499708
Some-Overshoot,8.8800,1.000000,0.999105,0.499742
Some-Overshoot,8.9000,1.000000,0.999099,0.499774
Some-Overshoot,8.9200,1.000000,0.999095,0.499807
Some-Overshoot,8.9400,1.000000,0.999090,0.499838
Some-Overshoot,8.9600,1.000000,0.999086,0.499868
Some-Overshoot,8.9800,1.000000,0.999083,0.499896
Some-Overshoot,9.0000,1.000000,0.999080,0.499922
Some-Overshoot,9.0200,1.000000,0.999079,0.499945
Some-Overshoot,9.0400,1.000000,0.999078,0.499966
Some-Overshoot,9.0600,1.000000,0.999078,0.499985
Some-Overshoot,9.0800,1.000000,0.999080,0.500001
Some-Overshoot,9.1000,1.000000,0.999082,0.500015
Some-Overshoot,9.1200,1.000000,0.999086,0.500026
Some-Overshoot,9.1400,1.000000,0.999091,0.500035
Some-Overshoot,9.1600,1.000000,0.999097,0.500042
Some-Overshoot,9.1800,1.000000,0.999104,0.500047
Some-Overshoot,9.2000,1.000000,0.999113,0.500051
Some-Overshoot,9.2200,1.000000,0.999122,0.500054
Some-Overshoot,9.2400,1.000000,0.999133,0.500055
Some-Overshoot,9.2600,1.000000,0.999145,0.500057
Some-Overshoot,9.2800,1.000000,0.999157,0.500057
Some-Overshoot,9.3000,1.000000,0.999171,0.500058
Some-Overshoot,9.3200,1.000000,0.999185,0.500059
Some-Overshoot,9.3400,1.000000,0.999199,0.500060
Some-Overshoot,9.3600,1.000000,0.999214,0.500063
Some-Overshoot,9.3800,1.000000,0.999230,0.500066
Some-Overshoot,9.4000,1.000000,0.999245,0.500070
Some-Overshoot,9.4200,1.000000,0.999261,0.500075
Some-Overshoot,9.4400,1.000000,0.999277,0.500081
Some-Overshoot,9.4600,1.000000,0.999293,0.500089
Some-Overshoot,9.4800,1.000000,0.999309,0.500097
Some-Overshoot,9.5000,1.000000,0.999325,0.500106
Some-Overshoot,9.5200,1.000000,0.999340,0.500116
Some-Overshoot,9.5400,1.000000,0.999355,0.500127
Some-Overshoot,9.5600,1.000000,0.999370,0.500139
Some-Overshoot,9.5800,1.000000,0.999385,0.500150
Some-Overshoot,9.6000,1.000000,0.999400,0.500162
Some-Overshoot,9.6200,1.000000,0.999414,0.500174
Some-Overshoot,9.6400,1.000000,0.999428,0.500185
Some-Overshoot,9.6600,1.000000,0.999442,0.500196
Some-Overshoot,9.6800,1.000000,0.999455,0.500206
Some-Overshoot,9.7000,1.000000,0.999469,0.500216
Some-Overshoot,9.7200,1.000000,0.999482,0.500224
Some-Overshoot,9.7400,1.000000,0.999496,0.500232
Some-Overshoot,9.7600,1.000000,0.999509,0.500238
Some-Overshoot,9.7800,1.000000,0.999523,0.500243
Some-Overshoot,9.8000,1.000000,0.999536,0.500246
Some-Overshoot,9.8200,1.000000,0.999550,0.500249
Some-Overshoot,9.8400,1.000000,0.999564,0.500250
Some-Overshoot,9.8600,1.000000,0.999578,0.500250
Some-Overshoot,9.8800,1.000000,0.999592,0.500249
Some-Overshoot,9.9000,1.000000,0.999606,0.500247
Some-Overshoot,9.9200,1.000000,0.999621,0.500244
Some-Overshoot,9.9400,1.000000,0.999635,0.500240
Some-Overshoot,9.9600,1.000000,0.999650,0.500236
Some-Overshoot,9.9800,1.000000,0.999665,0.500231
Some-Overshoot,10.0000,1.000000,0.999680,0.500226
Some-Overshoot,10.0200,1.000000,0.999696,0.500221
Some-Overshoot,10.0400,1.000000,0.999711,0.500216
Some-Overshoot,10.0600,1.000000,0.999726,0.500210
Some-Overshoot,10.0800,1.000000,0.999741,0.500206
Some-Overshoot,10.1000,1.000000,0.999756,0.500201
Some-Overshoot,10.1200,1.000000,0.999770,0.500197
Some-Overshoot,10.1400,1.000000,0.999785,0.500193
Some-Overshoot,10.1600,1.000000,0.999799,0.500190
Some-Overshoot,10.1800,1.000000,0.999813,0.500188
Some-Overshoot,10.2000,1.000000,0.999826,0.500185
Some-Overshoot,10.2200,1.000000,0.999839,0.500184
Some-Overshoot,10.2400,1.000000,0.999852,0.500183
Some-Overshoot,10.2600,1.000000,0.999864,0.500183
Some-Overshoot,10.2800,1.000000,0.999876,0.500183
Some-Overshoot,10.3000,1.000000,0.999888,0.500183
Some-Overshoot,10.3200,1.000000,0.999899,0.500183
Some-Overshoot,10.3400,1.000000,0.999909,0.500183
Some-Overshoot,10.3600,1.000000,0.999920,0.500184
Some-Overshoot,10.3800,1.000000,0.999929,0.500184
Some-Overshoot,10.4000,1.000000,0.999939,0.500184
Some-Overshoot,10.4200,1.000000,0.999948,0.500184
Some-Overshoot,10.4400,1.000000,0.999957,0.500184
Some-Overshoot,10.4600,1.000000,0.999965,0.500183
Some-Overshoot,10.4800,1.000000,0.999973,0.500182
Some-Overshoot,10.5000,1.000000,0.999981,0.500180
Some-Overshoot,10.5200,1.000000,0.999989,0.500178
Some-Overshoot,10.5400,1.000000,0.999996,0.500175
Some-Overshoot,10.5600,1.000000,1.000004,0.500172
Some-Overshoot,10.5800,1.000000,1.000011,0.500168
Some-Overshoot,10.6000,1.000000,1.000018,0.500164
Some-Overshoot,10.6200,1.000000,1.000025,0.500160
Some-Overshoot,10.6400,1.000000,1.000031,0.500154
Some-Overshoot,10.6600,1.000000,1.000038,0.500149
Some-Overshoot,10.6800,1.000000,1.000045,0.500144
Some-Overshoot,10.7000,1.000000,1.000051,0.500139
Some-Overshoot,10.7200,1.000000,1.000057,0.500132
Some-Overshoot,10.7400,1.000000,1.000063,0.500126
Some-Overshoot,10.7600,1.000000,1.000069,0.500120
Some-Overshoot,10.7800,1.000000,1.000075,0.500115
Some-Overshoot,10.8000,1.000000,1.000081,0.500109
Some-Overshoot,10.8200,1.000000,1.000086,0.500104
Some-Overshoot,10.8400,1.000000,1.000092,0.500099
Some-Overshoot,10.8600,1.000000,1.000097,0.500093
Some-Overshoot,10.8800,1.000000,1.000101,0.500089
Some-Overshoot,10.9000,1.000000,1.000106,0.500085
Some-Overshoot,10.9200,1.000000,1.000110,0.500081
Some-Overshoot,10.9400,1.000000,1.000114,0.500077
Some-Overshoot,10.9600,1.000000,1.000118,0.500074
Some-Overshoot,10.9800,1.000000,1.000121,0.500071
Some-Overshoot,11.0000,1.000000,1.000125,0.500068
Some-Overshoot,11.0200,1.000000,1.000127,0.500065
Some-Overshoot,11.0400,1.000000,1.000130,0.500064
Some-Overshoot,11.0600,1.000000,1.000132,0.500061
Some-Overshoot,11.0800,1.000000,1.000134,0.500060
Some-Overshoot,11.1000,1.000000,1.000136,0.500058
Some-Overshoot,11.1200,1.000000,1.000137,0.500056
Some-Overshoot,11.1400,1.000000,1.000139,0.500054
Some-Overshoot,11.1600,1.000000,1.000140,0.500053
Some-Overshoot,11.1800,1.000000,1.000140,0.500052
Some-Overshoot,11.2000,1.000000,1.000141,0.500050
Some-Overshoot,11.2200,1.000000,1.000141,0.500047
Some-Overshoot,11.2400,1.000000,1.000142,0.500045
Some-Overshoot,11.2600,1.000000,1.000142,0.500042
Some-Overshoot,11.2800,1.000000,1.000142,0.500041
Some-Overshoot,11.3000,1.000000,1.000142,0.500038
Some-Overshoot,11.3200,1.000000,1.000142,0.500035
Some-Overshoot,11.3400,1.000000,1.000141,0.500032
Some-Overshoot,11.3600,1.000000,1.000141,0.500029
Some-Overshoot,11.3800,1.000000,1.000141,0.500026
Some-Overshoot,11.4000,1.000000,1.000140,0.500023
Some-Overshoot,11.4200,1.000000,1.000140,0.500019
Some-Overshoot,11.4400,1.000000,1.000139,0.500016
Some-Overshoot,11.4600,1.000000,1.000138,0.500013
Some-Overshoot,11.4800,1.000000,1.000138,0.500010
Some-Overshoot,11.5000,1.000000,1.000137,0.500007
Some-Overshoot,11.5200,1.000000,1.000136,0.500003
Some-Overshoot,11.5400,1.000000,1.000135,0.500000
Some-Overshoot,11.5600,1.000000,1.000134,0.499997
Some-Overshoot,11.5800,1.000000,1.000133,0.499994
Some-Overshoot,11.6000,1.000000,1.000132,0.499992
Some-Overshoot,11.6200,1.000000,1.000131,0.499990
Some-Overshoot,11.6400,1.000000,1.000130,0.499989
Some-Overshoot,11.6600,1.000000,1.000128,0.499986
Some-Overshoot,11.6800,1.000000,1.000127,0.499985
Some-Overshoot,11.7000,1.000000,1.000125,0.499983
Some-Overshoot,11.7200,1.000000,1.000123,0.499981
Some-Overshoot,11.7400,1.000000,1.000122,0.499981
Some-Overshoot,11.7600,1.000000,1.000120,0.499980
Some-Overshoot,11.7800,1.000000,1.000118,0.499979
Some-Overshoot,11.8000,1.000000,1.000116,0.499979
Some-Overshoot,11.8200,1.000000,1.000114,0.499978
Some-Overshoot,11.8400,1.000000,1.000111,0.499978
Some-Overshoot,11.8600,1.000000,1.000109,0.499977
Some-Overshoot,11.8800,1.000000,1.000107,0.499977
Some-Overshoot,11.9000,1.000000,1.000104,0.499976
Some-Overshoot,11.9200,1.000000,1.000102,0.499977
Some-Overshoot,11.9400,1.000000,1.000099,0.499976
Some-Overshoot,11.9600,1.000000,1.000097,0.499976
Some-Overshoot,11.9800,1.000000,1.000094,0.499975
Some-Overshoot,12.0000,1.000000,1.000092,0.499974
Some-Overshoot,12.0200,1.000000,1.000089,0.499974
Some-Overshoot,12.0400,1.000000,1.000087,0.499974
Some-Overshoot,12.0600,1.000000,1.000084,0.499973
Some-Overshoot,12.0800,1.000000,1.000082,0.499973
Some-Overshoot,12.1000,1.000000,1.000079,0.499972
Some-Overshoot,12.1200,1.000000,1.000077,0.499971
Some-Overshoot,12.1400,1.000000,1.000075,0.499970
Some-Overshoot,12.1600,1.000000,1.000072,0.499969
Some-Overshoot,12.1800,1.000000,1.000070,0.499968
Some-Overshoot,12.2000,1.000000,1.000068,0.499968
Some-Overshoot,12.2200,1.000000,1.000065,0.499967
Some-Overshoot,12.2400,1.000000,1.000063,0.499966
Some-Overshoot,12.2600,1.000000,1.000061,0.499966
Some-Overshoot,12.2800,1.000000,1.000059,0.499965
Some-Overshoot,12.3000,1.000000,1.000056,0.499964
Some-Overshoot,12.3200,1.000000,1.000054,0.499964
Some-Overshoot,12.3400,1.000000,1.000052,0.499964
Some-Overshoot,12.3600,1.000000,1.000050,0.499964
Some-Overshoot,12.3800,1.000000,1.000048,0.499963
Some-Overshoot,12.4000,1.000000,1.000046,0.499964
Some-Overshoot,12.4200,1.000000,1.000044,0.499964
Some-Overshoot,12.4400,1.000000,1.000042,0.499964
Some-Overshoot,12.4600,1.000000,1.000040,0.499965
Some-Overshoot,12.4800,1.000000,1.000038,0.499965
Some-Overshoot,12.5000,1.000000,1.000036,0.499965
Some-Overshoot,12.5200,1.000000,1.000034,0.499965
Some-Overshoot,12.5400,1.000000,1.000032,0.499966
Some-Overshoot,12.5600,1.000000,1.000030,0.499967
Some-Overshoot,12.5800,1.000000,1.000028,0.499967
Some-Overshoot,12.6000,1.000000,1.000026,0.499968
Some-Overshoot,12.6200,1.000000,1.000024,0.499968
Some-Overshoot,12.6400,1.000000,1.000022,0.499969
Some-Overshoot,12.6600,1.000000,1.000020,0.499970
Some-Overshoot,12.6800,1.000000,1.000018,0.499971
Some-Overshoot,12.7000,1.000000,1.000017,0.499971
Some-Overshoot,12.7200,1.000000,1.000015,0.499972
Some-Overshoot,12.7400,1.000000,1.000013,0.499973
Some-Overshoot,12.7600,1.000000,1.000011,0.499973
Some-Overshoot,12.7800,1.000000,1.000010,0.499974
Some-Overshoot,12.8000,1.000000,1.000008,0.499974
Some-Overshoot,12.8200,1.000000,1.000007,0.499974
Some-Overshoot,12.8400,1.000000,1.000005,0.499975
Some-Overshoot,12.8600,1.000000,1.000004,0.499975
Some-Overshoot,12.8800,1.000000,1.000002,0.499976
Some-Overshoot,12.9000,1.000000,1.000001,0.499976
Some-Overshoot,12.9200,1.000000,1.000000,0.499976
Some-Overshoot,12.9400,1.000000,0.999998,0.499976
Some-Overshoot,12.9600,1.000000,0.999997,0.499977
Some-Overshoot,12.9800,1.000000,0.999996,0.499977
Some-Overshoot,13.0000,1.000000,0.999995,0.499978
Some-Overshoot,13.0200,1.000000,0.999994,0.499978
Some-Overshoot,13.0400,1.000000,0.999993,0.499978
Some-Overshoot,13.0600,1.000000,0.999992,0.499979
Some-Overshoot,13.0800,1.000000,0.999991,0.499979
Some-Overshoot,13.1000,1.000000,0.999990,0.499979
Some-Overshoot,13.1200,1.000000,0.999990,0.499980
Some-Overshoot,13.1400,1.000000,0.999989,0.499981
Some-Overshoot,13.1600,1.000000,0.999988,0.499981
Some-Overshoot,13.1800,1.000000,0.999987,0.499982
Some-Overshoot,13.2000,1.000000,0.999987,0.499982
Some-Overshoot,13.2200,1.000000,0.999986,0.499982
Some-Overshoot,13.2400,1.000000,0.999985,0.499984
Some-Overshoot,13.2600,1.000000,0.999985,0.499984
Some-Overshoot,13.2800,1.000000,0.999984,0.499985
Some-Overshoot,13.3000,1.000000,0.999983,0.499986
Some-Overshoot,13.3200,1.000000,0.999983,0.499986
Some-Overshoot,13.3400,1.000000,0.999982,0.499987
Some-Overshoot,13.3600,1.000000,0.999982,0.499987
Some-Overshoot,13.3800,1.000000,0.999981,0.499989
Some-Overshoot,13.4000,1.000000,0.999981,0.499989
Some-Overshoot,13.4200,1.000000,0.999980,0.499990
Some-Overshoot,13.4400,1.000000,0.999980,0.499990
Some-Overshoot,13.4600,1.000000,0.999980,0.499991
Some-Overshoot,13.4800,1.000000,0.999979,0.499991
Some-Overshoot,13.5000,1.000000,0.999979,0.499992
Some-Overshoot,13.5200,1.000000,0.999979,0.499992
Some-Overshoot,13.5400,1.000000,0.999979,0.499993
Some-Overshoot,13.5600,1.000000,0.999978,0.499993
Some-Overshoot,13.5800,1.000000,0.999978,0.499994
Some-Overshoot,13.6000,1.000000,0.999978,0.499994
Some-Overshoot,13.6200,1.000000,0.999978,0.499994
Some-Overshoot,13.6400,1.000000,0.999978,0.499995
Some-Overshoot,13.6600,1.000000,0.999978,0.499995
Some-Overshoot,13.6800,1.000000,0.999978,0.499995
Some-Overshoot,13.7000,1.000000,0.999978,0.499996
Some-Overshoot,13.7200,1.000000,0.999978,0.499996
Some-Overshoot,13.7400,1.000000,0.999978,0.499996
Some-Overshoot,13.7600,1.000000,0.999978,0.499996
Some-Overshoot,13.7800,1.000000,0.999978,0.499997
Some-Overshoot,13.8000,1.000000,0.999978,0.499997
Some-Overshoot,13.8200,1.000000,0.999978,0.499997
Some-Overshoot,13.8400,1.000000,0.999978,0.499998
Some-Overshoot,13.8600,1.000000,0.999979,0.499998
Some-Overshoot,13.8800,1.000000,0.999979,0.499999
Some-Overshoot,13.9000,1.000000,0.999979,0.499999
Some-Overshoot,13.9200,1.000000,0.999979,0.499999
Some-Overshoot,13.9400,1.000000,0.999979,0.499999
Some-Overshoot,13.9600,1.000000,0.999980,0.500000
Some-Overshoot,13.9800,1.000000,0.999980,0.500000
Some-Overshoot,14.0000,1.000000,0.999980,0.500000
Some-Overshoot,14.0200,1.000000,0.999980,0.500001
Some-Overshoot,14.0400,1.000000,0.999980,0.500001
Some-Overshoot,14.0600,1.000000,0.999981,0.500001
Some-Overshoot,14.0800,1.000000,0.999981,0.500002
Some-Overshoot,14.1000,1.000000,0.999981,0.500002
Some-Overshoot,14.1200,1.000000,0.999981,0.500003
Some-Overshoot,14.1400,1.000000,0.999982,0.500002
Some-Overshoot,14.1600,1.000000,0.999982,0.500003
Some-Overshoot,14.1800,1.000000,0.999982,0.500003
Some-Overshoot,14.2000,1.000000,0.999983,0.500003
Some-Overshoot,14.2200,1.000000,0.999983,0.500004
Some-Overshoot,14.2400,1.000000,0.999983,0.500004
Some-Overshoot,14.2600,1.000000,0.999984,0.500004
Some-Overshoot,14.2800,1.000000,0.999984,0.500004
Some-Overshoot,14.3000,1.000000,0.999984,0.500004
Some-Overshoot,14.3200,1.000000,0.999985,0.500004
Some-Overshoot,14.3400,1.000000,0.999985,0.500004
Some-Overshoot,14.3600,1.000000,0.999985,0.500005
Some-Overshoot,14.3800,1.000000,0.999986,0.500005
Some-Overshoot,14.4000,1.000000,0.999986,0.500005
Some-Overshoot,14.4200,1.000000,0.999986,0.500004
Some-Overshoot,14.4400,1.000000,0.999987,0.500005
Some-Overshoot,14.4600,1.000000,0.999987,0.500005
Some-Overshoot,14.4800,1.000000,0.999987,0.500005
Some-Overshoot,14.5000,1.000000,0.999988,0.500005
Some-Overshoot,14.5200,1.000000,0.999988,0.500005
Some-Overshoot,14.5400,1.000000,0.999989,0.500005
Some-Overshoot,14.5600,1.000000,0.999989,0.500005
Some-Overshoot,14.5800,1.000000,0.999989,0.500004
Some-Overshoot,14.6000,1.000000,0.999990,0.500005
Some-Overshoot,14.6200,1.000000,0.999990,0.500005
Some-Overshoot,14.6400,1.000000,0.999990,0.500005
Some-Overshoot,14.6600,1.000000,0.999991,0.500005
Some-Overshoot,14.6800,1.000000,0.999991,0.500005
Some-Overshoot,14.7000,1.000000,0.999992,0.500005
Some-Overshoot,14.7200,1.000000,0.999992,0.500005
Some-Overshoot,14.7400,1.000000,0.999992,0.500005
Some-Overshoot,14.7600,1.000000,0.999993,0.500005
Some-Overshoot,14.7800,1.000000,0.999993,0.500005
Some-Overshoot,14.8000,1.000000,0.999993,0.500005
Some-Overshoot,14.8200,1.000000,0.999994,0.500005
Some-Overshoot,14.8400,1.000000,0.999994,0.500005
Some-Overshoot,14.8600,1.000000,0.999994,0.500005
Some-Overshoot,14.8800,1.000000,0.999995,0.500005
Some-Overshoot,14.9000,1.000000,0.999995,0.500005
Some-Overshoot,14.9200,1.000000,0.999995,0.500005
Some-Overshoot,14.9400,1.000000,0.999995,0.500005
Some-Overshoot,14.9600,1.000000,0.999996,0.500005
Some-Overshoot,14.9800,1.000000,0.999996,0.500005
Some-Overshoot,15.0000,1.000000,0.999996,0.500005
Some-Overshoot,15.0200,1.000000,0.999997,0.500005
Some-Overshoot,15.0400,1.000000,0.999997,0.500005
Some-Overshoot,15.0600,1.000000,0.999997,0.500005
Some-Overshoot,15.0800,1.000000,0.999997,0.500005
Some-Overshoot,15.1000,1.000000,0.999998,0.500005
Some-Overshoot,15.1200,1.000000,0.999998,0.500005
Some-Overshoot,15.1400,1.000000,0.999998,0.500005
Some-Overshoot,15.1600,1.000000,0.999998,0.500005
Some-Overshoot,15.1800,1.000000,0.999999,0.500005
Some-Overshoot,15.2000,1.000000,0.999999,0.500004
Some-Overshoot,15.2200,1.000000,0.999999,0.500004
Some-Overshoot,15.2400,1.000000,0.999999,0.500004
Some-Overshoot,15.2600,1.000000,0.999999,0.500004
Some-Overshoot,15.2800,1.000000,1.000000,0.500004
Some-Overshoot,15.3000,1.000000,1.000000,0.500003
Some-Overshoot,15.3200,1.000000,1.000000,0.500004
Some-Overshoot,15.3400,1.000000,1.000000,0.500004
Some-Overshoot,15.3600,1.000000,1.000000,0.500003
Some-Overshoot,15.3800,1.000000,1.000001,0.500004
Some-Overshoot,15.4000,1.000000,1.000001,0.500003
Some-Overshoot,15.4200,1.000000,1.000001,0.500004
Some-Overshoot,15.4400,1.000000,1.000001,0.500003
Some-Overshoot,15.4600,1.000000,1.000001,0.500003
Some-Overshoot,15.4800,1.000000,1.000001,0.500003
Some-Overshoot,15.5000,1.000000,1.000002,0.500003
Some-Overshoot,15.5200,1.000000,1.000002,0.500003
Some-Overshoot,15.5400,1.000000,1.000002,0.500003
Some-Overshoot,15.5600,1.000000,1.000002,0.500003
Some-Overshoot,15.5800,1.000000,1.000002,0.500002
Some-Overshoot,15.6000,1.000000,1.000002,0.500002
Some-Overshoot,15.6200,1.000000,1.000002,0.500002
Some-Overshoot,15.6400,1.000000,1.000002,0.500002
Some-Overshoot,15.6600,1.000000,1.000002,0.500003
Some-Overshoot,15.6800,1.000000,1.000003,0.500002
Some-Overshoot,15.7000,1.000000,1.000003,0.500002
Some-Overshoot,15.7200,1.000000,1.000003,0.500002
Some-Overshoot,15.7400,1.000000,1.000003,0.500002
Some-Overshoot,15.7600,1.000000,1.000003,0.500002
Some-Overshoot,15.7800,1.000000,1.000003,0.500002
Some-Overshoot,15.8000,1.000000,1.000003,0.500001
Some-Overshoot,15.8200,1.000000,1.000003,0.500001
Some-Overshoot,15.8400,1.000000,1.000003,0.500001
Some-Overshoot,15.8600,1.000000,1.000003,0.500001
Some-Overshoot,15.8800,1.000000,1.000003,0.500001
Some-Overshoot,15.9000,1.000000,1.000003,0.500001
Some-Overshoot,15.9200,1.000000,1.000003,0.500001
Some-Overshoot,15.9400,1.000000,1.000003,0.500001
Some-Overshoot,15.9600,1.000000,1.000003,0.500001
Some-Overshoot,15.9800,1.000000,1.000003,0.500000
Some-Overshoot,16.0000,1.000000,1.000003,0.500000
Some-Overshoot,16.0200,1.000000,1.000003,0.500001
Some-Overshoot,16.0400,1.000000,1.000003,0.500001
Some-Overshoot,16.0600,1.000000,1.000003,0.500001
Some-Overshoot,16.0800,1.000000,1.000003,0.500000
Some-Overshoot,16.1000,1.000000,1.000003,0.500000
Some-Overshoot,16.1200,1.000000,1.000003,0.500000
Some-Overshoot,16.1400,1.000000,1.000003,0.500000
Some-Overshoot,16.1600,1.000000,1.000003,0.500001
Some-Overshoot,16.1800,1.000000,1.000003,0.500001
Some-Overshoot,16.2000,1.000000,1.000003,0.500000
Some-Overshoot,16.2200,1.000000,1.000003,0.500000
Some-Overshoot,16.2400,1.000000,1.000003,0.500000
Some-Overshoot,16.2600,1.000000,1.000003,0.500000
Some-Overshoot,16.2800,1.000000,1.000003,0.500000
Some-Overshoot,16.3000,1.000000,1.000003,0.500000
Some-Overshoot,16.3200,1.000000,1.000003,0.500001
Some-Overshoot,16.3400,1.000000,1.000003,0.500000
Some-Overshoot,16.3600,1.000000,1.000003,0.500000
Some-Overshoot,16.3800,1.000000,1.000003,0.499999
Some-Overshoot,16.4000,1.000000,1.000003,0.500000
Some-Overshoot,16.4200,1.000000,1.000003,0.500000
Some-Overshoot,16.4400,1.000000,1.000003,0.500000
Some-Overshoot,16.4600,1.000000,1.000003,0.500000
Some-Overshoot,16.4800,1.000000,1.000003,0.499999
Some-Overshoot,16.5000,1.000000,1.000003,0.499999
Some-Overshoot,16.5200,1.000000,1.000003,0.500000
Some-Overshoot,16.5400,1.000000,1.000003,0.499999
Some-Overshoot,16.5600,1.000000,1.000003,0.499999
Some-Overshoot,16.5800,1.000000,1.000003,0.499999
Some-Overshoot,16.6000,1.000000,1.000002,0.499999
Some-Overshoot,16.6200,1.000000,1.000002,0.500000
Some-Overshoot,16.6400,1.000000,1.000002,0.499999
Some-Overshoot,16.6600,1.000000,1.000002,0.499999
Some-Overshoot,16.6800,1.000000,1.000002,0.499999
Some-Overshoot,16.7000,1.000000,1.000002,0.499999
Some-Overshoot,16.7200,1.000000,1.000002,0.499999
Some-Overshoot,16.7400,1.000000,1.000002,0.499999
Some-Overshoot,16.7600,1.000000,1.000002,0.499999
Some-Overshoot,16.7800,1.000000,1.000002,0.499999
Some-Overshoot,16.8000,1.000000,1.000002,0.499999
Some-Overshoot,16.8200,1.000000,1.000002,0.499999
Some-Overshoot,16.8400,1.000000,1.000002,0.499999
Some-Overshoot,16.8600,1.000000,1.000002,0.499999
Some-Overshoot,16.8800,1.000000,1.000002,0.499999
Some-Overshoot,16.9000,1.000000,1.000002,0.500000
Some-Overshoot,16.9200,1.000000,1.000002,0.499999
Some-Overshoot,16.9400,1.000000,1.000001,0.499999
Some-Overshoot,16.9600,1.000000,1.000001,0.499999
Some-Overshoot,16.9800,1.000000,1.000001,0.499999
Some-Overshoot,17.0000,1.000000,1.000001,0.499999
Some-Overshoot,17.0200,1.000000,1.000001,0.499999
Some-Overshoot,17.0400,1.000000,1.000001,0.500000
Some-Overshoot,17.0600,1.000000,1.000001,0.499999
Some-Overshoot,17.0800,1.000000,1.000001,0.499999
Some-Overshoot,17.1000,1.000000,1.000001,0.499999
Some-Overshoot,17.1200,1.000000,1.000001,0.499999
Some-Overshoot,17.1400,1.000000,1.000001,0.499999
Some-Overshoot,17.1600,1.000000,1.000001,0.499999
Some-Overshoot,17.1800,1.000000,1.000001,0.499999
Some-Overshoot,17.2000,1.000000,1.000001,0.500000
Some-Overshoot,17.2200,1.000000,1.000001,0.499999
Some-Overshoot,17.2400,1.000000,1.000001,0.499999
Some-Overshoot,17.2600,1.000000,1.000000,0.499999
Some-Overshoot,17.2800,1.000000,1.000000,0.499999
Some-Overshoot,17.3000,1.000000,1.000000,0.500000
Some-Overshoot,17.3200,1.000000,1.000000,0.499999
Some-Overshoot,17.3400,1.000000,1.000000,0.499999
Some-Overshoot,17.3600,1.000000,1.000000,0.500000
Some-Overshoot,17.3800,1.000000,1.000000,0.499999
Some-Overshoot,17.4000,1.000000,1.000000,0.499999
Some-Overshoot,17.4200,1.000000,1.000000,0.499999
Some-Overshoot,17.4400,1.000000,1.000000,0.500000
Some-Overshoot,17.4600,1.000000,1.000000,0.499999
Some-Overshoot,17.4800,1.000000,1.000000,0.499999
Some-Overshoot,17.5000,1.000000,1.000000,0.500000
Some-Overshoot,17.5200,1.000000,1.000000,0.499999
Some-Overshoot,17.5400,1.000000,1.000000,0.500000
Some-Overshoot,17.5600,1.000000,1.000000,0.499999
Some-Overshoot,17.5800,1.000000,1.000000,0.500000
Some-Overshoot,17.6000,1.000000,1.000000,0.500000
Some-Overshoot,17.6200,1.000000,1.000000,0.499999
Some-Overshoot,17.6400,1.000000,1.000000,0.499999
Some-Overshoot,17.6600,1.000000,1.000000,0.500000
Some-Overshoot,17.6800,1.000000,1.000000,0.499999
Some-Overshoot,17.7000,1.000000,1.000000,0.500000
Some-Overshoot,17.7200,1.000000,1.000000,0.499999
Some-Overshoot,17.7400,1.000000,1.000000,0.500000
Some-Overshoot,17.7600,1.000000,1.000000,0.499999
Some-Overshoot,17.7800,1.000000,1.000000,0.500000
Some-Overshoot,17.8000,1.000000,1.000000,0.500000
Some-Overshoot,17.8200,1.000000,1.000000,0.499999
Some-Overshoot,17.8400,1.000000,1.000000,0.499999
Some-Overshoot,17.8600,1.000000,1.000000,0.500000
Some-Overshoot,17.8800,1.000000,1.000000,0.500000
Some-Overshoot,17.9000,1.000000,1.000000,0.499999
Some-Overshoot,17.9200,1.000000,1.000000,0.499999
Some-Overshoot,17.9400,1.000000,1.000000,0.499999
Some-Overshoot,17.9600,1.000000,0.999999,0.499999
Some-Overshoot,17.9800,1.000000,0.999999,0.500000
Some-Overshoot,18.0000,1.000000,0.999999,0.500000
Some-Overshoot,18.0200,1.000000,0.999999,0.499999
Some-Overshoot,18.0400,1.000000,0.999999,0.499999
Some-Overshoot,18.0600,1.000000,0.999999,0.499999
Some-Overshoot,18.0800,1.000000,0.999999,0.499999
Some-Overshoot,18.1000,1.000000,0.999999,0.499999
Some-Overshoot,18.1200,1.000000,0.999999,0.499999
Some-Overshoot,18.1400,1.000000,0.999999,0.500000
Some-Overshoot,18.1600,1.000000,0.999999,0.500000
Some-Overshoot,18.1800,1.000000,0.999999,0.499999
Some-Overshoot,18.2000,1.000000,0.999999,0.499999
Some-Overshoot,18.2200,1.000000,0.999999,0.499999
Some-Overshoot,18.2400,1.000000,0.999999,0.499999
Some-Overshoot,18.2600,1.000000,0.999999,0.500000
Some-Overshoot,18.2800,1.000000,0.999999,0.500000
Some-Overshoot,18.3000,1.000000,0.999999,0.500000
Some-Overshoot,18.3200,1.000000,0.999999,0.499999
Some-Overshoot,18.3400,1.000000,0.999999,0.499999
Some-Overshoot,18.3600,1.000000,0.999999,0.499999
Some-Overshoot,18.3800,1.000000,0.999999,0.500000
Some-Overshoot,18.4000,1.000000,0.999999,0.500000
Some-Overshoot,18.4200,1.000000,0.999999,0.500000
Some-Overshoot,18.4400,1.000000,0.999999,0.500000
Some-Overshoot,18.4600,1.000000,0.999999,0.499999
Some-Overshoot,18.4800,1.000000,0.999999,0.499999
Some-Overshoot,18.5000,1.000000,0.999999,0.499999
Some-Overshoot,18.5200,1.000000,0.999999,0.500000
Some-Overshoot,18.5400,1.000000,0.999999,0.500000
Some-Overshoot,18.5600,1.000000,0.999999,0.500000
Some-Overshoot,18.5800,1.000000,0.999999,0.500000
Some-Overshoot,18.6000,1.000000,0.999999,0.500000
Some-Overshoot,18.6200,1.000000,0.999999,0.500000
Some-Overshoot,18.6400,1.000000,0.999999,0.500000
Some-Overshoot,18.6600,1.000000,0.999999,0.500000
Some-Overshoot,18.6800,1.000000,0.999999,0.499999
Some-Overshoot,18.7000,1.000000,0.999999,0.499999
Some-Overshoot,18.7200,1.000000,0.999999,0.499999
Some-Overshoot,18.7400,1.000000,0.999999,0.499999
Some-Overshoot,18.7600,1.000000,0.999999,0.499999
Some-Overshoot,18.7800,1.000000,0.999999,0.499999
Some-Overshoot,18.8000,1.000000,0.999999,0.499999
Some-Overshoot,18.8200,1.000000,0.999999,0.499999
Some-Overshoot,18.8400,1.000000,0.999999,0.499999
Some-Overshoot,18.8600,1.000000,0.999999,0.499999
Some-Overshoot,18.8800,1.000000,0.999999,0.499999
Some-Overshoot,18.9000,1.000000,0.999999,0.499999
Some-Overshoot,18.9200,1.000000,0.999999,0.499999
Some-Overshoot,18.9400,1.000000,0.999999,0.499999
Some-Overshoot,18.9600,1.000000,0.999999,0.499999
Some-Overshoot,18.9800,1.000000,0.999999,0.499999
Some-Overshoot,19.0000,1.000000,0.999999,0.499999
Some-Overshoot,19.0200,1.000000,0.999999,0.499999
Some-Overshoot,19.0400,1.000000,0.999999,0.499999
Some-Overshoot,19.0600,1.000000,0.999999,0.499999
Some-Overshoot,19.0800,1.000000,0.999999,0.500000
Some-Overshoot,19.1000,1.000000,0.999999,0.500000
Some-Overshoot,19.1200,1.000000,0.999999,0.500000
Some-Overshoot,19.1400,1.000000,0.999999,0.500000
Some-Overshoot,19.1600,1.000000,0.999999,0.500000
Some-Overshoot,19.1800,1.000000,0.999999,0.500000
Some-Overshoot,19.2000,1.000000,0.999999,0.500000
Some-Overshoot,19.2200,1.000000,0.999999,0.500000
Some-Overshoot,19.2400,1.000000,0.999999,0.500000
Some-Overshoot,19.2600,1.000000,0.999999,0.500000
Some-Overshoot,19.2800,1.000000,0.999999,0.500000
Some-Overshoot,19.3000,1.000000,0.999999,0.500000
Some-Overshoot,19.3200,1.000000,0.999999,0.500000
Some-Overshoot,19.3400,1.000000,0.999999,0.500000
Some-Overshoot,19.3600,1.000000,0.999999,0.500000
Some-Overshoot,19.3800,1.000000,0.999999,0.500001
Some-Overshoot,19.4000,1.000000,0.999999,0.500001
Some-Overshoot,19.4200,1.000000,0.999999,0.500001
Some-Overshoot,19.4400,1.000000,0.999999,0.500001
Some-Overshoot,19.4600,1.000000,0.999999,0.500000
Some-Overshoot,19.4800,1.000000,0.999999,0.500000
Some-Overshoot,19.5000,1.000000,0.999999,0.500000
Some-Overshoot,19.5200,1.000000,0.999999,0.500001
Some-Overshoot,19.5400,1.000000,0.999999,0.500000
Some-Overshoot,19.5600,1.000000,0.999999,0.500000
Some-Overshoot,19.5800,1.000000,0.999999,0.500000
Some-Overshoot,19.6000,1.000000,0.999999,0.500000
Some-Overshoot,19.6200,1.000000,0.999999,0.500000
Some-Overshoot,19.6400,1.000000,0.999999,0.500000
Some-Overshoot,19.6600,1.000000,0.999999,0.500000
Some-Overshoot,19.6800,1.000000,0.999999,0.500000
Some-Overshoot,19.7000,1.000000,0.999999,0.500000
Some-Overshoot,19.7200,1.000000,1.000000,0.500000
Some-Overshoot,19.7400,1.000000,1.000000,0.500000
Some-Overshoot,19.7600,1.000000,1.000000,0.500000
Some-Overshoot,19.7800,1.000000,1.000000,0.500000
Some-Overshoot,19.8000,1.000000,1.000000,0.500000
Some-Overshoot,19.8200,1.000000,1.000000,0.500000
Some-Overshoot,19.8400,1.000000,1.000000,0.499999
Some-Overshoot,19.8600,1.000000,1.000000,0.500000
Some-Overshoot,19.8800,1.000000,1.000000,0.500000
Some-Overshoot,19.9000,1.000000,1.000000,0.500000
Some-Overshoot,19.9200,1.000000,1.000000,0.500000
Some-Overshoot,19.9400,1.000000,1.000000,0.500000
Some-Overshoot,19.9600,1.000000,1.000000,0.500000
Some-Overshoot,19.9800,1.000000,1.000000,0.500000
Some-Overshoot,20.0000,1.000000,1.000000,0.500000
Some-Overshoot,20.0200,1.000000,1.000000,0.500000
Some-Overshoot,20.0400,1.000000,1.000000,0.500000
Some-Overshoot,20.0600,1.000000,1.000000,0.500000
Some-Overshoot,20.0800,1.000000,1.000000,0.500000
Some-Overshoot,20.1000,1.000000,1.000000,0.500000
Some-Overshoot,20.1200,1.000000,1.000000,0.500000
Some-Overshoot,20.1400,1.000000,1.000000,0.500000
Some-Overshoot,20.1600,1.000000,1.000000,0.500000
Some-Overshoot,20.1800,1.000000,1.000000,0.500000
Some-Overshoot,20.2000,1.000000,1.000000,0.500000
Some-Overshoot,20.2200,1.000000,1.000000,0.500000
Some-Overshoot,20.2400,1.000000,1.000000,0.500000
Some-Overshoot,20.2600,1.000000,1.000000,0.500000
Some-Overshoot,20.2800,1.000000,1.000000,0.500000
Some-Overshoot,20.3000,1.000000,1.000000,0.500000
Some-Overshoot,20.3200,1.000000,1.000000,0.500000
Some-Overshoot,20.3400,1.000000,1.000000,0.500000
Some-Overshoot,20.3600,1.000000,1.000000,0.500000
Some-Overshoot,20.3800,1.000000,1.000000,0.500000
Some-Overshoot,20.4000,1.000000,1.000000,0.500000
Some-Overshoot,20.4200,1.000000,1.000000,0.500000
Some-Overshoot,20.4400,1.000000,1.000000,0.500000
Some-Overshoot,20.4600,1.000000,1.000000,0.500000
Some-Overshoot,20.4800,1.000000,1.000000,0.500000
Some-Overshoot,20.5000,1.000000,1.000000,0.500000
Some-Overshoot,20.5200,1.000000,1.000000,0.500000
Some-Overshoot,20.5400,1.000000,1.000000,0.500000
Some-Overshoot,20.5600,1.000000,1.000000,0.500000
Some-Overshoot,20.5800,1.000000,1.000000,0.500000
Some-Overshoot,20.6000,1.000000,1.000000,0.500000
Some-Overshoot,20.6200,1.000000,1.000000,0.499999
Some-Overshoot,20.6400,1.000000,1.000000,0.500000
Some-Overshoot,20.6600,1.000000,1.000000,0.500000
Some-Overshoot,20.6800,1.000000,1.000000,0.500000
Some-Overshoot,20.7000,1.000000,1.000000,0.500000
Some-Overshoot,20.7200,1.000000,1.000000,0.500000
Some-Overshoot,20.7400,1.000000,1.000000,0.500000
Some-Overshoot,20.7600,1.000000,1.000000,0.500000
Some-Overshoot,20.7800,1.000000,1.000000,0.500000
Some-Overshoot,20.8000,1.000000,1.000000,0.500000
Some-Overshoot,20.8200,1.000000,1.000000,0.500000
Some-Overshoot,20.8400,1.000000,1.000000,0.500000
Some-Overshoot,20.8600,1.000000,1.000000,0.500000
Some-Overshoot,20.8800,1.000000,1.000000,0.500000
Some-Overshoot,20.9000,1.000000,1.000000,0.500000
Some-Overshoot,20.9200,1.000000,1.000000,0.500000
Some-Overshoot,20.9400,1.000000,1.000000,0.500000
Some-Overshoot,20.9600,1.000000,1.000000,0.500000
Some-Overshoot,20.9800,1.000000,1.000000,0.500000
Some-Overshoot,21.0000,1.000000,1.000000,0.500000
Some-Overshoot,21.0200,1.000000,1.000000,0.500000
Some-Overshoot,21.0400,1.000000,1.000000,0.500000
Some-Overshoot,21.0600,1.000000,1.000000,0.500000
Some-Overshoot,21.0800,1.000000,1.000000,0.500000
Some-Overshoot,21.1000,1.000000,1.000000,0.500000
Some-Overshoot,21.1200,1.000000,1.000000,0.500000
Some-Overshoot,21.1400,1.000000,1.000000,0.500000
Some-Overshoot,21.1600,1.000000,1.000000,0.500000
Some-Overshoot,21.1800,1.000000,1.000000,0.500000
Some-Overshoot,21.2000,1.000000,1.000000,0.500000
Some-Overshoot,21.2200,1.000000,1.000000,0.500000
Some-Overshoot,21.2400,1.000000,1.000000,0.500000
Some-Overshoot,21.2600,1.000000,1.000000,0.500000
Some-Overshoot,21.2800,1.000000,1.000000,0.500000
Some-Overshoot,21.3000,1.000000,1.000000,0.500000
Some-Overshoot,21.3200,1.000000,1.000000,0.500000
Some-Overshoot,21.3400,1.000000,1.000000,0.500000
Some-Overshoot,21.3600,1.000000,1.000000,0.500000
Some-Overshoot,21.3800,1.000000,1.000000,0.500000
Some-Overshoot,21.4000,1.000000,1.000000,0.500000
Some-Overshoot,21.4200,1.000000,1.000000,0.500000
Some-Overshoot,21.4400,1.000000,1.000000,0.500000
Some-Overshoot,21.4600,1.000000,1.000000,0.500000
Some-Overshoot,21.4800,1.000000,1.000000,0.500000
Some-Overshoot,21.5000,1.000000,1.000000,0.500000
Some-Overshoot,21.5200,1.000000,1.000000,0.500000
Some-Overshoot,21.5400,1.000000,1.000000,0.500000
Some-Overshoot,21.5600,1.000000,1.000000,0.500000
Some-Overshoot,21.5800,1.000000,1.000000,0.500000
Some-Overshoot,21.6000,1.000000,1.000000,0.500000
Some-Overshoot,21.6200,1.000000,1.000000,0.500000
Some-Overshoot,21.6400,1.000000,1.000000,0.500000
Some-Overshoot,21.6600,1.000000,1.000000,0.500000
Some-Overshoot,21.6800,1.000000,1.000000,0.500000
Some-Overshoot,21.7000,1.000000,1.000000,0.500000
Some-Overshoot,21.7200,1.000000,1.000000,0.500000
Some-Overshoot,21.7400,1.000000,1.000000,0.500000
Some-Overshoot,21.7600,1.000000,1.000000,0.500000
Some-Overshoot,21.7800,1.000000,1.000000,0.500000
Some-Overshoot,21.8000,1.000000,1.000000,0.500000
Some-Overshoot,21.8200,1.000000,1.000000,0.500000
Some-Overshoot,21.8400,1.000000,1.000000,0.500000
Some-Overshoot,21.8600,1.000000,1.000000,0.500000
Some-Overshoot,21.8800,1.000000,1.000000,0.500000
Some-Overshoot,21.9000,1.000000,1.000000,0.500000
Some-Overshoot,21.9200,1.000000,1.000000,0.500000
Some-Overshoot,21.9400,1.000000,1.000000,0.500000
Some-Overshoot,21.9600,1.000000,1.000000,0.500000
Some-Overshoot,21.9800,1.000000,1.000000,0.500000
Some-Overshoot,22.0000,1.000000,1.000000,0.500000
Some-Overshoot,22.0200,1.000000,1.000000,0.500000
Some-Overshoot,22.0400,1.000000,1.000000,0.500000
Some-Overshoot,22.0600,1.000000,1.000000,0.500000
Some-Overshoot,22.0800,1.000000,1.000000,0.500000
Some-Overshoot,22.1000,1.000000,1.000000,0.500000
Some-Overshoot,22.1200,1.000000,1.000000,0.500000
Some-Overshoot,22.1400,1.000000,1.000000,0.500000
Some-Overshoot,22.1600,1.000000,1.000000,0.500000
Some-Overshoot,22.1800,1.000000,1.000000,0.500000
Some-Overshoot,22.2000,1.000000,1.000000,0.500000
Some-Overshoot,22.2200,1.000000,1.000000,0.500000
Some-Overshoot,22.2400,1.000000,1.000000,0.500000
Some-Overshoot,22.2600,1.000000,1.000000,0.500000
Some-Overshoot,22.2800,1.000000,1.000000,0.500000
Some-Overshoot,22.3000,1.000000,1.000000,0.500000
Some-Overshoot,22.3200,1.000000,1.000000,0.500000
Some-Overshoot,22.3400,1.000000,1.000000,0.500000
Some-Overshoot,22.3600,1.000000,1.000000,0.500000
Some-Overshoot,22.3800,1.000000,1.000000,0.500000
Some-Overshoot,22.4000,1.000000,1.000000,0.500000
Some-Overshoot,22.4200,1.000000,1.000000,0.500000
Some-Overshoot,22.4400,1.000000,1.000000,0.500000
Some-Overshoot,22.4600,1.000000,1.000000,0.500000
Some-Overshoot,22.4800,1.000000,1.000000,0.500000
Some-Overshoot,22.5000,1.000000,1.000000,0.500000
Some-Overshoot,22.5200,1.000000,1.000000,0.500000
Some-Overshoot,22.5400,1.000000,1.000000,0.500000
Some-Overshoot,22.5600,1.000000,1.000000,0.500000
Some-Overshoot,22.5800,1.000000,1.000000,0.500000
Some-Overshoot,22.6000,1.000000,1.000000,0.500000
Some-Overshoot,22.6200,1.000000,1.000000,0.500000
Some-Overshoot,22.6400,1.000000,1.000000,0.500000
Some-Overshoot,22.6600,1.000000,1.000000,0.500000
Some-Overshoot,22.6800,1.000000,1.000000,0.500000
Some-Overshoot,22.7000,1.000000,1.000000,0.500000
Some-Overshoot,22.7200,1.000000,1.000000,0.500000
Some-Overshoot,22.7400,1.000000,1.000000,0.500000
Some-Overshoot,22.7600,1.000000,1.000000,0.500000
Some-Overshoot,22.7800,1.000000,1.000000,0.500000
Some-Overshoot,22.8000,1.000000,1.000000,0.500000
Some-Overshoot,22.8200,1.000000,1.000000,0.500000
Some-Overshoot,22.8400,1.000000,1.000000,0.500000
Some-Overshoot,22.8600,1.000000,1.000000,0.500000
Some-Overshoot,22.8800,1.000000,1.000000,0.500000
Some-Overshoot,22.9000,1.000000,1.000000,0.500000
Some-Overshoot,22.9200,1.000000,1.000000,0.500000
Some-Overshoot,22.9400,1.000000,1.000000,0.500000
Some-Overshoot,22.9600,1.000000,1.000000,0.500000
Some-Overshoot,22.9800,1.000000,1.000000,0.500000
Some-Overshoot,23.0000,1.000000,1.000000,0.500000
Some-Overshoot,23.0200,1.000000,1.000000,0.500000
Some-Overshoot,23.0400,1.000000,1.000000,0.500000
Some-Overshoot,23.0600,1.000000,1.000000,0.500000
Some-Overshoot,23.0800,1.000000,1.000000,0.500000
Some-Overshoot,23.1000,1.000000,1.000000,0.500000
Some-Overshoot,23.1200,1.000000,1.000000,0.500000
Some-Overshoot,23.1400,1.000000,1.000000,0.500000
Some-Overshoot,23.1600,1.000000,1.000000,0.500000
Some-Overshoot,23.1800,1.000000,1.000000,0.500000
Some-Overshoot,23.2000,1.000000,1.000000,0.500000
Some-Overshoot,23.2200,1.000000,1.000000,0.500000
Some-Overshoot,23.2400,1.000000,1.000000,0.500000
Some-Overshoot,23.2600,1.000000,1.000000,0.500000
Some-Overshoot,23.2800,1.000000,1.000000,0.500000
Some-Overshoot,23.3000,1.000000,1.000000,0.500000
Some-Overshoot,23.3200,1.000000,1.000000,0.500000
Some-Overshoot,23.3400,1.000000,1.000000,0.500000
Some-Overshoot,23.3600,1.000000,1.000000,0.500000
Some-Overshoot,23.3800,1.000000,1.000000,0.500000
Some-Overshoot,23.4000,1.000000,1.000000,0.500000
Some-Overshoot,23.4200,1.000000,1.000000,0.500000
Some-Overshoot,23.4400,1.000000,1.000000,0.500000
Some-Overshoot,23.4600,1.000000,1.000000,0.500000
Some-Overshoot,23.4800,1.000000,1.000000,0.500000
Some-Overshoot,23.5000,1.000000,1.000000,0.500000
Some-Overshoot,23.5200,1.000000,1.000000,0.500000
Some-Overshoot,23.5400,1.000000,1.000000,0.500000
Some-Overshoot,23.5600,1.000000,1.000000,0.500000
Some-Overshoot,23.5800,1.000000,1.000000,0.500000
Some-Overshoot,23.6000,1.000000,1.000000,0.500000
Some-Overshoot,23.6200,1.000000,1.000000,0.500000
Some-Overshoot,23.6400,1.000000,1.000000,0.500000
Some-Overshoot,23.6600,1.000000,1.000000,0.500000
Some-Overshoot,23.6800,1.000000,1.000000,0.500000
Some-Overshoot,23.7000,1.000000,1.000000,0.500000
Some-Overshoot,23.7200,1.000000,1.000000,0.500000
Some-Overshoot,23.7400,1.000000,1.000000,0.500000
Some-Overshoot,23.7600,1.000000,1.000000,0.500000
Some-Overshoot,23.7800,1.000000,1.000000,0.500000
Some-Overshoot,23.8000,1.000000,1.000000,0.500000
Some-Overshoot,23.8200,1.000000,1.000000,0.500000
Some-Overshoot,23.8400,1.000000,1.000000,0.500000
Some-Overshoot,23.8600,1.000000,1.000000,0.500000
Some-Overshoot,23.8800,1.000000,1.000000,0.500000
Some-Overshoot,23.9000,1.000000,1.000000,0.500000
Some-Overshoot,23.9200,1.000000,1.000000,0.500000
Some-Overshoot,23.9400,1.000000,1.000000,0.500000
Some-Overshoot,23.9600,1.000000,1.000000,0.500000
Some-Overshoot,23.9800,1.000000,1.000000,0.500000
Some-Overshoot,24.0000,1.000000,1.000000,0.500000
Some-Overshoot,24.0200,1.000000,1.000000,0.500000
Some-Overshoot,24.0400,1.000000,1.000000,0.500000
Some-Overshoot,24.0600,1.000000,1.000000,0.500000
Some-Overshoot,24.0800,1.000000,1.000000,0.500000
Some-Overshoot,24.1000,1.000000,1.000000,0.500000
Some-Overshoot,24.1200,1.000000,1.000000,0.500000
Some-Overshoot,24.1400,1.000000,1.000000,0.500000
Some-Overshoot,24.1600,1.000000,1.000000,0.500000
Some-Overshoot,24.1800,1.000000,1.000000,0.500000
Some-Overshoot,24.2000,1.000000,1.000000,0.500000
Some-Overshoot,24.2200,1.000000,1.000000,0.500000
Some-Overshoot,24.2400,1.000000,1.000000,0.500000
Some-Overshoot,24.2600,1.000000,1.000000,0.500000
Some-Overshoot,24.2800,1.000000,1.000000,0.500000
Some-Overshoot,24.3000,1.000000,1.000000,0.500000
Some-Overshoot,24.3200,1.000000,1.000000,0.500000
Some-Overshoot,24.3400,1.000000,1.000000,0.500000
Some-Overshoot,24.3600,1.000000,1.000000,0.500000
Some-Overshoot,24.3800,1.000000,1.000000,0.500000
Some-Overshoot,24.4000,1.000000,1.000000,0.500000
Some-Overshoot,24.4200,1.000000,1.000000,0.500000
Some-Overshoot,24.4400,1.000000,1.000000,0.500000
Some-Overshoot,24.4600,1.000000,1.000000,0.500000
Some-Overshoot,24.4800,1.000000,1.000000,0.500000
Some-Overshoot,24.5000,1.000000,1.000000,0.500000
Some-Overshoot,24.5200,1.000000,1.000000,0.500000
Some-Overshoot,24.5400,1.000000,1.000000,0.500000
Some-Overshoot,24.5600,1.000000,1.000000,0.500000
Some-Overshoot,24.5800,1.000000,1.000000,0.500000
Some-Overshoot,24.6000,1.000000,1.000000,0.500000
Some-Overshoot,24.6200,1.000000,1.000000,0.500000
Some-Overshoot,24.6400,1.000000,1.000000,0.500000
Some-Overshoot,24.6600,1.000000,1.000000,0.500000
Some-Overshoot,24.6800,1.000000,1.000000,0.500000
Some-Overshoot,24.7000,1.000000,1.000000,0.500000
Some-Overshoot,24.7200,1.000000,1.000000,0.500000
Some-Overshoot,24.7400,1.000000,1.000000,0.500000
Some-Overshoot,24.7600,1.000000,1.000000,0.500000
Some-Overshoot,24.7800,1.000000,1.000000,0.500000
Some-Overshoot,24.8000,1.000000,1.000000,0.500000
Some-Overshoot,24.8200,1.000000,1.000000,0.500000
Some-Overshoot,24.8400,1.000000,1.000000,0.500000
Some-Overshoot,24.8600,1.000000,1.000000,0.500000
Some-Overshoot,24.8800,1.000000,1.000000,0.500000
Some-Overshoot,24.9000,1.000000,1.000000,0.500000
Some-Overshoot,24.9200,1.000000,1.000000,0.500000
Some-Overshoot,24.9400,1.000000,1.000000,0.500000
Some-Overshoot,24.9600,1.000000,1.000000,0.500000
Some-Overshoot,24.9800,1.000000,1.000000,0.500000
No-Overshoot,0.0000,1.000000,0.000000,0.599900
No-Overshoot,0.0200,1.000000,0.000000,0.621666
No-Overshoot,0.0400,1.000000,0.000000,0.643432
No-Overshoot,0.0600,1.000000,0.000000,0.665199
No-Overshoot,0.0800,1.000000,0.000000,0.686965
No-Overshoot,0.1000,1.000000,0.000000,0.708731
No-Overshoot,0.1200,1.000000,0.000000,0.730497
No-Overshoot,0.1400,1.000000,0.000000,0.752264
No-Overshoot,0.1600,1.000000,0.000000,0.774030
No-Overshoot,0.1800,1.000000,0.000000,0.795796
No-Overshoot,0.2000,1.000000,0.000000,0.817562
No-Overshoot,0.2200,1.000000,0.000000,0.839329
No-Overshoot,0.2400,1.000000,0.000000,0.861095
No-Overshoot,0.2600,1.000000,0.000000,0.882861
No-Overshoot,0.2800,1.000000,0.000000,0.904628
No-Overshoot,0.3000,1.000000,0.011938,0.926394
No-Overshoot,0.3200,1.000000,0.036107,0.835028
No-Overshoot,0.3400,1.000000,0.060659,0.779474
No-Overshoot,0.3600,1.000000,0.085587,0.745608
No-Overshoot,0.3800,1.000000,0.110884,0.724774
No-Overshoot,0.4000,1.000000,0.136541,0.711659
No-Overshoot,0.4200,1.000000,0.162553,0.703007
No-Overshoot,0.4400,1.000000,0.188911,0.696817
No-Overshoot,0.4600,1.000000,0.215610,0.691863
No-Overshoot,0.4800,1.000000,0.242642,0.687389
No-Overshoot,0.5000,1.000000,0.270000,0.682932
No-Overshoot,0.5200,1.000000,0.297679,0.678206
No-Overshoot,0.5400,1.000000,0.325672,0.673032
No-Overshoot,0.5600,1.000000,0.353972,0.667302
No-Overshoot,0.5800,1.000000,0.382575,0.660944
No-Overshoot,0.6000,1.000000,0.411472,0.653916
No-Overshoot,0.6200,1.000000,0.437183,0.652641
No-Overshoot,0.6400,1.000000,0.459875,0.667384
No-Overshoot,0.6600,1.000000,0.480589,0.686463
No-Overshoot,0.6800,1.000000,0.499957,0.704847
No-Overshoot,0.7000,1.000000,0.518356,0.720764
No-Overshoot,0.7200,1.000000,0.536010,0.733933
No-Overshoot,0.7400,1.000000,0.553048,0.744679
No-Overshoot,0.7600,1.000000,0.569544,0.753508
No-Overshoot,0.7800,1.000000,0.585532,0.760922
No-Overshoot,0.8000,1.000000,0.601028,0.767350
No-Overshoot,0.8200,1.000000,0.616033,0.773131
No-Overshoot,0.8400,1.000000,0.630541,0.778524
No-Overshoot,0.8600,1.000000,0.644540,0.783719
No-Overshoot,0.8800,1.000000,0.658017,0.788860
No-Overshoot,0.9000,1.000000,0.670955,0.794050
No-Overshoot,0.9200,1.000000,0.683466,0.799368
No-Overshoot,0.9400,1.000000,0.696197,0.802585
No-Overshoot,0.9600,1.000000,0.709406,0.802159
No-Overshoot,0.9800,1.000000,0.723097,0.798838
No-Overshoot,1.0000,1.000000,0.737173,0.793802
No-Overshoot,1.0200,1.000000,0.751518,0.788018
No-Overshoot,1.0400,1.000000,0.766028,0.782104
No-Overshoot,1.0600,1.000000,0.780618,0.776384
No-Overshoot,1.0800,1.000000,0.795225,0.770972
No-Overshoot,1.1000,1.000000,0.809806,0.765859
No-Overshoot,1.1200,1.000000,0.824333,0.760974
No-Overshoot,1.1400,1.000000,0.838789,0.756219
No-Overshoot,1.1600,1.000000,0.853167,0.751492
No-Overshoot,1.1800,1.000000,0.867463,0.746702
No-Overshoot,1.2000,1.000000,0.881681,0.741770
No-Overshoot,1.2200,1.000000,0.895827,0.736629
No-Overshoot,1.2400,1.000000,0.909850,0.731294
No-Overshoot,1.2600,1.000000,0.923614,0.726258
No-Overshoot,1.2800,1.000000,0.937000,0.721970
No-Overshoot,1.3000,1.000000,0.949935,0.718556
No-Overshoot,1.3200,1.000000,0.962391,0.715897
No-Overshoot,1.3400,1.000000,0.974366,0.713770
No-Overshoot,1.3600,1.000000,0.985875,0.711944
No-Overshoot,1.3800,1.000000,0.996938,0.710234
No-Overshoot,1.4000,1.000000,1.007577,0.708511
No-Overshoot,1.4200,1.000000,1.017810,0.706704
No-Overshoot,1.4400,1.000000,1.027651,0.704784
No-Overshoot,1.4600,1.000000,1.037110,0.702752
No-Overshoot,1.4800,1.000000,1.046192,0.700629
No-Overshoot,1.5000,1.000000,1.054902,0.698448
No-Overshoot,1.5200,1.000000,1.063237,0.696243
No-Overshoot,1.5400,1.000000,1.071197,0.694052
No-Overshoot,1.5600,1.000000,1.078796,0.691874
No-Overshoot,1.5800,1.000000,1.086066,0.689612
No-Overshoot,1.6000,1.000000,1.093049,0.687140
No-Overshoot,1.6200,1.000000,1.099781,0.684368
No-Overshoot,1.6400,1.000000,1.106291,0.681264
No-Overshoot,1.6600,1.000000,1.112598,0.677851
No-Overshoot,1.6800,1.000000,1.118711,0.674182
No-Overshoot,1.7000,1.000000,1.124635,0.670319
No-Overshoot,1.7200,1.000000,1.130371,0.666324
No-Overshoot,1.7400,1.000000,1.135918,0.662244
No-Overshoot,1.7600,1.000000,1.141277,0.658115
No-Overshoot,1.7800,1.000000,1.146446,0.653960
No-Overshoot,1.8000,1.000000,1.151427,0.649789
No-Overshoot,1.8200,1.000000,1.156222,0.645603
No-Overshoot,1.8400,1.000000,1.160835,0.641399
No-Overshoot,1.8600,1.000000,1.165270,0.637169
No-Overshoot,1.8800,1.000000,1.169530,0.632913
No-Overshoot,1.9000,1.000000,1.173609,0.628655
No-Overshoot,1.9200,1.000000,1.177501,0.624433
No-Overshoot,1.9400,1.000000,1.181196,0.620286
No-Overshoot,1.9600,1.000000,1.184686,0.616243
No-Overshoot,1.9800,1.000000,1.187963,0.612321
No-Overshoot,2.0000,1.000000,1.191025,0.608520
No-Overshoot,2.0200,1.000000,1.193869,0.604834
No-Overshoot,2.0400,1.000000,1.196496,0.601248
No-Overshoot,2.0600,1.000000,1.198907,0.597749
No-Overshoot,2.0800,1.000000,1.201107,0.594322
No-Overshoot,2.1000,1.000000,1.203098,0.590958
No-Overshoot,2.1200,1.000000,1.204884,0.587650
No-Overshoot,2.1400,1.000000,1.206468,0.584394
No-Overshoot,2.1600,1.000000,1.207854,0.581192
No-Overshoot,2.1800,1.000000,1.209044,0.578046
No-Overshoot,2.2000,1.000000,1.210041,0.574958
No-Overshoot,2.2200,1.000000,1.210852,0.571925
No-Overshoot,2.2400,1.000000,1.211481,0.568938
No-Overshoot,2.2600,1.000000,1.211936,0.565987
No-Overshoot,2.2800,1.000000,1.212226,0.563060
No-Overshoot,2.3000,1.000000,1.212359,0.560147
No-Overshoot,2.3200,1.000000,1.212341,0.557244
No-Overshoot,2.3400,1.000000,1.212182,0.554350
No-Overshoot,2.3600,1.000000,1.211885,0.551466
No-Overshoot,2.3800,1.000000,1.211459,0.548597
No-Overshoot,2.4000,1.000000,1.210907,0.545748
No-Overshoot,2.4200,1.000000,1.210234,0.542923
No-Overshoot,2.4400,1.000000,1.209445,0.540127
No-Overshoot,2.4600,1.000000,1.208545,0.537363
No-Overshoot,2.4800,1.000000,1.207537,0.534634
No-Overshoot,2.5000,1.000000,1.206426,0.531939
No-Overshoot,2.5200,1.000000,1.205217,0.529281
No-Overshoot,2.5400,1.000000,1.203913,0.526661
No-Overshoot,2.5600,1.000000,1.202518,0.524081
No-Overshoot,2.5800,1.000000,1.201034,0.521546
No-Overshoot,2.6000,1.000000,1.199463,0.519060
No-Overshoot,2.6200,1.000000,1.197809,0.516628
No-Overshoot,2.6400,1.000000,1.196073,0.514254
No-Overshoot,2.6600,1.000000,1.194257,0.511941
No-Overshoot,2.6800,1.000000,1.192364,0.509691
No-Overshoot,2.7000,1.000000,1.190394,0.507504
No-Overshoot,2.7200,1.000000,1.188352,0.505380
No-Overshoot,2.7400,1.000000,1.186239,0.503318
No-Overshoot,2.7600,1.000000,1.184058,0.501317
No-Overshoot,2.7800,1.000000,1.181812,0.499377
No-Overshoot,2.8000,1.000000,1.179503,0.497496
No-Overshoot,2.8200,1.000000,1.177134,0.495673
No-Overshoot,2.8400,1.000000,1.174708,0.493909
No-Overshoot,2.8600,1.000000,1.172228,0.492203
No-Overshoot,2.8800,1.000000,1.169696,0.490554
No-Overshoot,2.9000,1.000000,1.167115,0.488960
No-Overshoot,2.9200,1.000000,1.164488,0.487420
No-Overshoot,2.9400,1.000000,1.161819,0.485933
No-Overshoot,2.9600,1.000000,1.159110,0.484495
No-Overshoot,2.9800,1.000000,1.156365,0.483105
No-Overshoot,3.0000,1.000000,1.153587,0.481763
No-Overshoot,3.0200,1.000000,1.150780,0.480464
No-Overshoot,3.0400,1.000000,1.147946,0.479211
No-Overshoot,3.0600,1.000000,1.145088,0.478002
No-Overshoot,3.0800,1.000000,1.142209,0.476835
No-Overshoot,3.1000,1.000000,1.139313,0.475713
No-Overshoot,3.1200,1.000000,1.136401,0.474631
No-Overshoot,3.1400,1.000000,1.133476,0.473593
No-Overshoot,3.1600,1.000000,1.130541,0.472597
No-Overshoot,3.1800,1.000000,1.127598,0.471642
No-Overshoot,3.2000,1.000000,1.124649,0.470728
No-Overshoot,3.2200,1.000000,1.121698,0.469854
No-Overshoot,3.2400,1.000000,1.118746,0.469021
No-Overshoot,3.2600,1.000000,1.115794,0.468227
No-Overshoot,3.2800,1.000000,1.112846,0.467475
No-Overshoot,3.3000,1.000000,1.109902,0.466762
No-Overshoot,3.3200,1.000000,1.106965,0.466090
No-Overshoot,3.3400,1.000000,1.104036,0.465459
No-Overshoot,3.3600,1.000000,1.101117,0.464867
No-Overshoot,3.3800,1.000000,1.098208,0.464315
No-Overshoot,3.4000,1.000000,1.095313,0.463802
No-Overshoot,3.4200,1.000000,1.092431,0.463328
No-Overshoot,3.4400,1.000000,1.089565,0.462892
No-Overshoot,3.4600,1.000000,1.086716,0.462492
No-Overshoot,3.4800,1.000000,1.083886,0.462130
No-Overshoot,3.5000,1.000000,1.081074,0.461804
No-Overshoot,3.5200,1.000000,1.078283,0.461513
No-Overshoot,3.5400,1.000000,1.075515,0.461257
No-Overshoot,3.5600,1.000000,1.072769,0.461034
No-Overshoot,3.5800,1.000000,1.070047,0.460844
No-Overshoot,3.6000,1.000000,1.067351,0.460687
No-Overshoot,3.6200,1.000000,1.064681,0.460560
No-Overshoot,3.6400,1.000000,1.062038,0.460464
No-Overshoot,3.6600,1.000000,1.059424,0.460397
No-Overshoot,3.6800,1.000000,1.056839,0.460358
No-Overshoot,3.7000,1.000000,1.054285,0.460347
No-Overshoot,3.7200,1.000000,1.051763,0.460362
No-Overshoot,3.7400,1.000000,1.049272,0.460403
No-Overshoot,3.7600,1.000000,1.046815,0.460468
No-Overshoot,3.7800,1.000000,1.044392,0.460558
No-Overshoot,3.8000,1.000000,1.042003,0.460671
No-Overshoot,3.8200,1.000000,1.039650,0.460807
No-Overshoot,3.8400,1.000000,1.037333,0.460965
No-Overshoot,3.8600,1.000000,1.035053,0.461143
No-Overshoot,3.8800,1.000000,1.032810,0.461342
No-Overshoot,3.9000,1.000000,1.030605,0.461561
No-Overshoot,3.9200,1.000000,1.028438,0.461800
No-Overshoot,3.9400,1.000000,1.026310,0.462056
No-Overshoot,3.9600,1.000000,1.024221,0.462330
No-Overshoot,3.9800,1.000000,1.022172,0.462622
No-Overshoot,4.0000,1.000000,1.020163,0.462930
No-Overshoot,4.0200,1.000000,1.018193,0.463255
No-Overshoot,4.0400,1.000000,1.016265,0.463595
No-Overshoot,4.0600,1.000000,1.014376,0.463950
No-Overshoot,4.0800,1.000000,1.012529,0.464320
No-Overshoot,4.1000,1.000000,1.010722,0.464703
No-Overshoot,4.1200,1.000000,1.008956,0.465100
No-Overshoot,4.1400,1.000000,1.007231,0.465510
No-Overshoot,4.1600,1.000000,1.005547,0.465931
No-Overshoot,4.1800,1.000000,1.003905,0.466364
No-Overshoot,4.2000,1.000000,1.002303,0.466808
No-Overshoot,4.2200,1.000000,1.000742,0.467262
No-Overshoot,4.2400,1.000000,0.999222,0.467727
No-Overshoot,4.2600,1.000000,0.997743,0.468200
No-Overshoot,4.2800,1.000000,0.996304,0.468683
No-Overshoot,4.3000,1.000000,0.994906,0.469173
No-Overshoot,4.3200,1.000000,0.993549,0.469671
No-Overshoot,4.3400,1.000000,0.992231,0.470176
No-Overshoot,4.3600,1.000000,0.990954,0.470688
No-Overshoot,4.3800,1.000000,0.989716,0.471205
No-Overshoot,4.4000,1.000000,0.988518,0.471728
No-Overshoot,4.4200,1.000000,0.987360,0.472256
No-Overshoot,4.4400,1.000000,0.986240,0.472788
No-Overshoot,4.4600,1.000000,0.985159,0.473324
No-Overshoot,4.4800,1.000000,0.984117,0.473864
No-Overshoot,4.5000,1.000000,0.983112,0.474406
No-Overshoot,4.5200,1.000000,0.982146,0.474952
No-Overshoot,4.5400,1.000000,0.981216,0.475499
No-Overshoot,4.5600,1.000000,0.980324,0.476047
No-Overshoot,4.5800,1.000000,0.979469,0.476597
No-Overshoot,4.6000,1.000000,0.978650,0.477148
No-Overshoot,4.6200,1.000000,0.977867,0.477699
No-Overshoot,4.6400,1.000000,0.977119,0.478251
No-Overshoot,4.6600,1.000000,0.976406,0.478802
No-Overshoot,4.6800,1.000000,0.975728,0.479352
No-Overshoot,4.7000,1.000000,0.975083,0.479901
No-Overshoot,4.7200,1.000000,0.974473,0.480449
No-Overshoot,4.7400,1.000000,0.973895,0.480996
No-Overshoot,4.7600,1.000000,0.973351,0.481540
No-Overshoot,4.7800,1.000000,0.972838,0.482083
No-Overshoot,4.8000,1.000000,0.972357,0.482622
No-Overshoot,4.8200,1.000000,0.971907,0.483159
No-Overshoot,4.8400,1.000000,0.971487,0.483693
No-Overshoot,4.8600,1.000000,0.971098,0.484224
No-Overshoot,4.8800,1.000000,0.970738,0.484751
No-Overshoot,4.9000,1.000000,0.970407,0.485274
No-Overshoot,4.9200,1.000000,0.970105,0.485793
No-Overshoot,4.9400,1.000000,0.969830,0.486307
No-Overshoot,4.9600,1.000000,0.969582,0.486817
No-Overshoot,4.9800,1.000000,0.969361,0.487322
No-Overshoot,5.0000,1.000000,0.969167,0.487823
No-Overshoot,5.0200,1.000000,0.968998,0.488318
No-Overshoot,5.0400,1.000000,0.968854,0.488808
No-Overshoot,5.0600,1.000000,0.968734,0.489292
No-Overshoot,5.0800,1.000000,0.968638,0.489771
No-Overshoot,5.1000,1.000000,0.968566,0.490243
No-Overshoot,5.1200,1.000000,0.968516,0.490710
No-Overshoot,5.1400,1.000000,0.968488,0.491170
No-Overshoot,5.1600,1.000000,0.968482,0.491624
No-Overshoot,5.1800,1.000000,0.968497,0.492072
No-Overshoot,5.2000,1.000000,0.968533,0.492512
No-Overshoot,5.2200,1.000000,0.968588,0.492947
No-Overshoot,5.2400,1.000000,0.968663,0.493374
No-Overshoot,5.2600,1.000000,0.968756,0.493794
No-Overshoot,5.2800,1.000000,0.968868,0.494208
No-Overshoot,5.3000,1.000000,0.968997,0.494614
No-Overshoot,5.3200,1.000000,0.969143,0.495013
No-Overshoot,5.3400,1.000000,0.969306,0.495404
No-Overshoot,5.3600,1.000000,0.969485,0.495789
No-Overshoot,5.3800,1.000000,0.969680,0.496166
No-Overshoot,5.4000,1.000000,0.969889,0.496535
No-Overshoot,5.4200,1.000000,0.970113,0.496897
No-Overshoot,5.4400,1.000000,0.970350,0.497251
No-Overshoot,5.4600,1.000000,0.970601,0.497598
No-Overshoot,5.4800,1.000000,0.970865,0.497937
No-Overshoot,5.5000,1.000000,0.971141,0.498269
No-Overshoot,5.5200,1.000000,0.971429,0.498593
No-Overshoot,5.5400,1.000000,0.971728,0.498909
No-Overshoot,5.5600,1.000000,0.972038,0.499217
No-Overshoot,5.5800,1.000000,0.972358,0.499518
No-Overshoot,5.6000,1.000000,0.972688,0.499812
No-Overshoot,5.6200,1.000000,0.973028,0.500097
No-Overshoot,5.6400,1.000000,0.973376,0.500375
No-Overshoot,5.6600,1.000000,0.973733,0.500645
No-Overshoot,5.6800,1.000000,0.974097,0.500908
No-Overshoot,5.7000,1.000000,0.974469,0.501163
No-Overshoot,5.7200,1.000000,0.974848,0.501411
No-Overshoot,5.7400,1.000000,0.975234,0.501651
No-Overshoot,5.7600,1.000000,0.975626,0.501884
No-Overshoot,5.7800,1.000000,0.976024,0.502109
No-Overshoot,5.8000,1.000000,0.976427,0.502327
No-Overshoot,5.8200,1.000000,0.976834,0.502538
No-Overshoot,5.8400,1.000000,0.977247,0.502741
No-Overshoot,5.8600,1.000000,0.977663,0.502937
No-Overshoot,5.8800,1.000000,0.978084,0.503126
No-Overshoot,5.9000,1.000000,0.978507,0.503308
No-Overshoot,5.9200,1.000000,0.978934,0.503483
No-Overshoot,5.9400,1.000000,0.979363,0.503651
No-Overshoot,5.9600,1.000000,0.979795,0.503812
No-Overshoot,5.9800,1.000000,0.980228,0.503966
No-Overshoot,6.0000,1.000000,0.980663,0.504114
No-Overshoot,6.0200,1.000000,0.981100,0.504255
No-Overshoot,6.0400,1.000000,0.981537,0.504389
No-Overshoot,6.0600,1.000000,0.981975,0.504517
No-Overshoot,6.0800,1.000000,0.982413,0.504638
No-Overshoot,6.1000,1.000000,0.982851,0.504753
No-Overshoot,6.1200,1.000000,0.983289,0.504862
No-Overshoot,6.1400,1.000000,0.983727,0.504965
No-Overshoot,6.1600,1.000000,0.984163,0.505062
No-Overshoot,6.1800,1.000000,0.984599,0.505153
No-Overshoot,6.2000,1.000000,0.985033,0.505238
No-Overshoot,6.2200,1.000000,0.985466,0.505318
No-Overshoot,6.2400,1.000000,0.985896,0.505392
No-Overshoot,6.2600,1.000000,0.986325,0.505460
No-Overshoot,6.2800,1.000000,0.986751,0.505522
No-Overshoot,6.3000,1.000000,0.987175,0.505580
No-Overshoot,6.3200,1.000000,0.987596,0.505632
No-Overshoot,6.3400,1.000000,0.988014,0.505679
No-Overshoot,6.3600,1.000000,0.988429,0.505721
No-Overshoot,6.3800,1.000000,0.988841,0.505759
No-Overshoot,6.4000,1.000000,0.989249,0.505791
No-Overshoot,6.4200,1.000000,0.989654,0.505819
No-Overshoot,6.4400,1.000000,0.990054,0.505842
No-Overshoot,6.4600,1.000000,0.990451,0.505861
No-Overshoot,6.4800,1.000000,0.990843,0.505875
No-Overshoot,6.5000,1.000000,0.991231,0.505885
No-Overshoot,6.5200,1.000000,0.991614,0.505891
No-Overshoot,6.5400,1.000000,0.991993,0.505893
No-Overshoot,6.5600,1.000000,0.992367,0.505891
No-Overshoot,6.5800,1.000000,0.992736,0.505885
No-Overshoot,6.6000,1.000000,0.993101,0.505875
No-Overshoot,6.6200,1.000000,0.993460,0.505862
No-Overshoot,6.6400,1.000000,0.993814,0.505845
No-Overshoot,6.6600,1.000000,0.994162,0.505825
No-Overshoot,6.6800,1.000000,0.994506,0.505801
No-Overshoot,6.7000,1.000000,0.994844,0.505774
No-Overshoot,6.7200,1.000000,0.995176,0.505744
No-Overshoot,6.7400,1.000000,0.995503,0.505711
No-Overshoot,6.7600,1.000000,0.995824,0.505675
No-Overshoot,6.7800,1.000000,0.996139,0.505637
No-Overshoot,6.8000,1.000000,0.996448,0.505596
No-Overshoot,6.8200,1.000000,0.996752,0.505551
No-Overshoot,6.8400,1.000000,0.997050,0.505505
No-Overshoot,6.8600,1.000000,0.997341,0.505456
No-Overshoot,6.8800,1.000000,0.997627,0.505405
No-Overshoot,6.9000,1.000000,0.997907,0.505351
No-Overshoot,6.9200,1.000000,0.998181,0.505296
No-Overshoot,6.9400,1.000000,0.998448,0.505238
No-Overshoot,6.9600,1.000000,0.998710,0.505179
No-Overshoot,6.9800,1.000000,0.998965,0.505117
No-Overshoot,7.0000,1.000000,0.999215,0.505054
No-Overshoot,7.0200,1.000000,0.999458,0.504989
No-Overshoot,7.0400,1.000000,0.999695,0.504923
No-Overshoot,7.0600,1.000000,0.999927,0.504855
No-Overshoot,7.0800,1.000000,1.000152,0.504786
No-Overshoot,7.1000,1.000000,1.000371,0.504715
No-Overshoot,7.1200,1.000000,1.000584,0.504643
No-Overshoot,7.1400,1.000000,1.000790,0.504570
No-Overshoot,7.1600,1.000000,1.000991,0.504496
No-Overshoot,7.1800,1.000000,1.001186,0.504421
No-Overshoot,7.2000,1.000000,1.001375,0.504344
No-Overshoot,7.2200,1.000000,1.001558,0.504267
No-Overshoot,7.2400,1.000000,1.001735,0.504189
No-Overshoot,7.2600,1.000000,1.001907,0.504111
No-Overshoot,7.2800,1.000000,1.002072,0.504032
No-Overshoot,7.3000,1.000000,1.002232,0.503952
No-Overshoot,7.3200,1.000000,1.002386,0.503872
No-Overshoot,7.3400,1.000000,1.002534,0.503792
No-Overshoot,7.3600,1.000000,1.002677,0.503711
No-Overshoot,7.3800,1.000000,1.002814,0.503630
No-Overshoot,7.4000,1.000000,1.002946,0.503548
No-Overshoot,7.4200,1.000000,1.003072,0.503466
No-Overshoot,7.4400,1.000000,1.003193,0.503384
No-Overshoot,7.4600,1.000000,1.003309,0.503302
No-Overshoot,7.4800,1.000000,1.003419,0.503220
No-Overshoot,7.5000,1.000000,1.003524,0.503139
No-Overshoot,7.5200,1.000000,1.003624,0.503057
No-Overshoot,7.5400,1.000000,1.003719,0.502975
No-Overshoot,7.5600,1.000000,1.003809,0.502894
No-Overshoot,7.5800,1.000000,1.003894,0.502812
No-Overshoot,7.6000,1.000000,1.003974,0.502731
No-Overshoot,7.6200,1.000000,1.004050,0.502650
No-Overshoot,7.6400,1.000000,1.004120,0.502570
No-Overshoot,7.6600,1.000000,1.004187,0.502491
No-Overshoot,7.6800,1.000000,1.004248,0.502412
No-Overshoot,7.7000,1.000000,1.004305,0.502333
No-Overshoot,7.7200,1.000000,1.004358,0.502255
No-Overshoot,7.7400,1.000000,1.004407,0.502177
No-Overshoot,7.7600,1.000000,1.004451,0.502100
No-Overshoot,7.7800,1.000000,1.004491,0.502023
No-Overshoot,7.8000,1.000000,1.004527,0.501948
No-Overshoot,7.8200,1.000000,1.004560,0.501873
No-Overshoot,7.8400,1.000000,1.004588,0.501798
No-Overshoot,7.8600,1.000000,1.004613,0.501724
No-Overshoot,7.8800,1.000000,1.004633,0.501652
No-Overshoot,7.9000,1.000000,1.004651,0.501580
No-Overshoot,7.9200,1.000000,1.004664,0.501509
No-Overshoot,7.9400,1.000000,1.004675,0.501439
No-Overshoot,7.9600,1.000000,1.004681,0.501370
No-Overshoot,7.9800,1.000000,1.004685,0.501301
No-Overshoot,8.0000,1.000000,1.004685,0.501234
No-Overshoot,8.0200,1.000000,1.004683,0.501168
No-Overshoot,8.0400,1.000000,1.004677,0.501102
No-Overshoot,8.0600,1.000000,1.004668,0.501038
No-Overshoot,8.0800,1.000000,1.004657,0.500975
No-Overshoot,8.1000,1.000000,1.004642,0.500913
No-Overshoot,8.1200,1.000000,1.004625,0.500851
No-Overshoot,8.1400,1.000000,1.004606,0.500791
No-Overshoot,8.1600,1.000000,1.004583,0.500732
No-Overshoot,8.1800,1.000000,1.004559,0.500674
No-Overshoot,8.2000,1.000000,1.004532,0.500617
No-Overshoot,8.2200,1.000000,1.004503,0.500561
No-Overshoot,8.2400,1.000000,1.004471,0.500507
No-Overshoot,8.2600,1.000000,1.004437,0.500453
No-Overshoot,8.2800,1.000000,1.004402,0.500400
No-Overshoot,8.3000,1.000000,1.004364,0.500349
No-Overshoot,8.3200,1.000000,1.004325,0.500299
No-Overshoot,8.3400,1.000000,1.004283,0.500249
No-Overshoot,8.3600,1.000000,1.004240,0.500201
No-Overshoot,8.3800,1.000000,1.004196,0.500155
No-Overshoot,8.4000,1.000000,1.004149,0.500109
No-Overshoot,8.4200,1.000000,1.004101,0.500065
No-Overshoot,8.4400,1.000000,1.004052,0.500021
No-Overshoot,8.4600,1.000000,1.004001,0.499979
No-Overshoot,8.4800,1.000000,1.003949,0.499937
No-Overshoot,8.5000,1.000000,1.003896,0.499898
No-Overshoot,8.5200,1.000000,1.003842,0.499859
No-Overshoot,8.5400,1.000000,1.003786,0.499821
No-Overshoot,8.5600,1.000000,1.003730,0.499785
No-Overshoot,8.5800,1.000000,1.003672,0.499749
No-Overshoot,8.6000,1.000000,1.003614,0.499715
No-Overshoot,8.6200,1.000000,1.003555,0.499681
No-Overshoot,8.6400,1.000000,1.003495,0.499649
No-Overshoot,8.6600,1.000000,1.003434,0.499618
No-Overshoot,8.6800,1.000000,1.003373,0.499588
No-Overshoot,8.7000,1.000000,1.003311,0.499559
No-Overshoot,8.7200,1.000000,1.003248,0.499531
No-Overshoot,8.7400,1.000000,1.003185,0.499504
No-Overshoot,8.7600,1.000000,1.003121,0.499478
No-Overshoot,8.7800,1.000000,1.003058,0.499454
No-Overshoot,8.8000,1.000000,1.002993,0.499430
No-Overshoot,8.8200,1.000000,1.002929,0.499407
No-Overshoot,8.8400,1.000000,1.002864,0.499385
No-Overshoot,8.8600,1.000000,1.002799,0.499364
No-Overshoot,8.8800,1.000000,1.002734,0.499344
No-Overshoot,8.9000,1.000000,1.002669,0.499326
No-Overshoot,8.9200,1.000000,1.002604,0.499308
No-Overshoot,8.9400,1.000000,1.002539,0.499291
No-Overshoot,8.9600,1.000000,1.002474,0.499275
No-Overshoot,8.9800,1.000000,1.002409,0.499260
No-Overshoot,9.0000,1.000000,1.002344,0.499245
No-Overshoot,9.0200,1.000000,1.002279,0.499232
No-Overshoot,9.0400,1.000000,1.002215,0.499220
No-Overshoot,9.0600,1.000000,1.002150,0.499208
No-Overshoot,9.0800,1.000000,1.002086,0.499197
No-Overshoot,9.1000,1.000000,1.002023,0.499187
No-Overshoot,9.1200,1.000000,1.001959,0.499178
No-Overshoot,9.1400,1.000000,1.001897,0.499169
No-Overshoot,9.1600,1.000000,1.001834,0.499162
No-Overshoot,9.1800,1.000000,1.001772,0.499154
No-Overshoot,9.2000,1.000000,1.001710,0.499148
No-Overshoot,9.2200,1.000000,1.001649,0.499143
No-Overshoot,9.2400,1.000000,1.001589,0.499138
No-Overshoot,9.2600,1.000000,1.001529,0.499134
No-Overshoot,9.2800,1.000000,1.001469,0.499131
No-Overshoot,9.3000,1.000000,1.001410,0.499128
No-Overshoot,9.3200,1.000000,1.001352,0.499126
No-Overshoot,9.3400,1.000000,1.001295,0.499125
No-Overshoot,9.3600,1.000000,1.001238,0.499124
No-Overshoot,9.3800,1.000000,1.001181,0.499124
No-Overshoot,9.4000,1.000000,1.001126,0.499124
No-Overshoot,9.4200,1.000000,1.001071,0.499126
No-Overshoot,9.4400,1.000000,1.001017,0.499127
No-Overshoot,9.4600,1.000000,1.000964,0.499129
No-Overshoot,9.4800,1.000000,1.000911,0.499132
No-Overshoot,9.5000,1.000000,1.000860,0.499135
No-Overshoot,9.5200,1.000000,1.000809,0.499138
No-Overshoot,9.5400,1.000000,1.000759,0.499142
No-Overshoot,9.5600,1.000000,1.000709,0.499147
No-Overshoot,9.5800,1.000000,1.000661,0.499152
No-Overshoot,9.6000,1.000000,1.000613,0.499157
No-Overshoot,9.6200,1.000000,1.000567,0.499163
No-Overshoot,9.6400,1.000000,1.000521,0.499169
No-Overshoot,9.6600,1.000000,1.000476,0.499176
No-Overshoot,9.6800,1.000000,1.000432,0.499183
No-Overshoot,9.7000,1.000000,1.000388,0.499190
No-Overshoot,9.7200,1.000000,1.000346,0.499198
No-Overshoot,9.7400,1.000000,1.000305,0.499206
No-Overshoot,9.7600,1.000000,1.000264,0.499214
No-Overshoot,9.7800,1.000000,1.000224,0.499223
No-Overshoot,9.8000,1.000000,1.000186,0.499232
No-Overshoot,9.8200,1.000000,1.000148,0.499241
No-Overshoot,9.8400,1.000000,1.000111,0.499250
No-Overshoot,9.8600,1.000000,1.000075,0.499260
No-Overshoot,9.8800,1.000000,1.000040,0.499270
No-Overshoot,9.9000,1.000000,1.000006,0.499280
No-Overshoot,9.9200,1.000000,0.999972,0.499290
No-Overshoot,9.9400,1.000000,0.999940,0.499301
No-Overshoot,9.9600,1.000000,0.999908,0.499311
No-Overshoot,9.9800,1.000000,0.999878,0.499322
No-Overshoot,10.0000,1.000000,0.999848,0.499334
No-Overshoot,10.0200,1.000000,0.999819,0.499345
No-Overshoot,10.0400,1.000000,0.999791,0.499356
No-Overshoot,10.0600,1.000000,0.999764,0.499367
No-Overshoot,10.0800,1.000000,0.999738,0.499379
No-Overshoot,10.1000,1.000000,0.999713,0.499391
No-Overshoot,10.1200,1.000000,0.999688,0.499403
No-Overshoot,10.1400,1.000000,0.999665,0.499414
No-Overshoot,10.1600,1.000000,0.999642,0.499426
No-Overshoot,10.1800,1.000000,0.999620,0.499438
No-Overshoot,10.2000,1.000000,0.999599,0.499450
No-Overshoot,10.2200,1.000000,0.999578,0.499462
No-Overshoot,10.2400,1.000000,0.999559,0.499475
No-Overshoot,10.2600,1.000000,0.999540,0.499487
No-Overshoot,10.2800,1.000000,0.999523,0.499499
No-Overshoot,10.3000,1.000000,0.999506,0.499511
No-Overshoot,10.3200,1.000000,0.999489,0.499523
No-Overshoot,10.3400,1.000000,0.999474,0.499536
No-Overshoot,10.3600,1.000000,0.999459,0.499548
No-Overshoot,10.3800,1.000000,0.999445,0.499560
No-Overshoot,10.4000,1.000000,0.999432,0.499572
No-Overshoot,10.4200,1.000000,0.999419,0.499584
No-Overshoot,10.4400,1.000000,0.999407,0.499596
No-Overshoot,10.4600,1.000000,0.999396,0.499608
No-Overshoot,10.4800,1.000000,0.999386,0.499620
No-Overshoot,10.5000,1.000000,0.999376,0.499632
No-Overshoot,10.5200,1.000000,0.999367,0.499644
No-Overshoot,10.5400,1.000000,0.999359,0.499655
No-Overshoot,10.5600,1.000000,0.999351,0.499667
No-Overshoot,10.5800,1.000000,0.999344,0.499678
No-Overshoot,10.6000,1.000000,0.999337,0.499690
No-Overshoot,10.6200,1.000000,0.999331,0.499701
No-Overshoot,10.6400,1.000000,0.999326,0.499712
No-Overshoot,10.6600,1.000000,0.999321,0.499723
No-Overshoot,10.6800,1.000000,0.999317,0.499734
No-Overshoot,10.7000,1.000000,0.999314,0.499746
No-Overshoot,10.7200,1.000000,0.999311,0.499756
No-Overshoot,10.7400,1.000000,0.999308,0.499767
No-Overshoot,10.7600,1.000000,0.999306,0.499777
No-Overshoot,10.7800,1.000000,0.999305,0.499788
No-Overshoot,10.8000,1.000000,0.999304,0.499798
No-Overshoot,10.8200,1.000000,0.999304,0.499808
No-Overshoot,10.8400,1.000000,0.999304,0.499818
No-Overshoot,10.8600,1.000000,0.999304,0.499828
No-Overshoot,10.8800,1.000000,0.999305,0.499838
No-Overshoot,10.9000,1.000000,0.999306,0.499847
No-Overshoot,10.9200,1.000000,0.999308,0.499857
No-Overshoot,10.9400,1.000000,0.999310,0.499866
No-Overshoot,10.9600,1.000000,0.999313,0.499875
No-Overshoot,10.9800,1.000000,0.999316,0.499884
No-Overshoot,11.0000,1.000000,0.999319,0.499893
No-Overshoot,11.0200,1.000000,0.999323,0.499901
No-Overshoot,11.0400,1.000000,0.999327,0.499909
No-Overshoot,11.0600,1.000000,0.999331,0.499918
No-Overshoot,11.0800,1.000000,0.999336,0.499926
No-Overshoot,11.1000,1.000000,0.999341,0.499934
No-Overshoot,11.1200,1.000000,0.999347,0.499942
No-Overshoot,11.1400,1.000000,0.999352,0.499949
No-Overshoot,11.1600,1.000000,0.999358,0.499957
No-Overshoot,11.1800,1.000000,0.999364,0.499964
No-Overshoot,11.2000,1.000000,0.999371,0.499971
No-Overshoot,11.2200,1.000000,0.999377,0.499978
No-Overshoot,11.2400,1.000000,0.999384,0.499985
No-Overshoot,11.2600,1.000000,0.999391,0.499991
No-Overshoot,11.2800,1.000000,0.999399,0.499998
No-Overshoot,11.3000,1.000000,0.999406,0.500004
No-Overshoot,11.3200,1.000000,0.999414,0.500010
No-Overshoot,11.3400,1.000000,0.999422,0.500016
No-Overshoot,11.3600,1.000000,0.999430,0.500022
No-Overshoot,11.3800,1.000000,0.999438,0.500027
No-Overshoot,11.4000,1.000000,0.999447,0.500033
No-Overshoot,11.4200,1.000000,0.999455,0.500038
No-Overshoot,11.4400,1.000000,0.999464,0.500044
No-Overshoot,11.4600,1.000000,0.999473,0.500048
No-Overshoot,11.4800,1.000000,0.999482,0.500053
No-Overshoot,11.5000,1.000000,0.999491,0.500058
No-Overshoot,11.5200,1.000000,0.999500,0.500062
No-Overshoot,11.5400,1.000000,0.999509,0.500066
No-Overshoot,11.5600,1.000000,0.999519,0.500070
No-Overshoot,11.5800,1.000000,0.999528,0.500074
No-Overshoot,11.6000,1.000000,0.999538,0.500078
No-Overshoot,11.6200,1.000000,0.999547,0.500082
No-Overshoot,11.6400,1.000000,0.999557,0.500085
No-Overshoot,11.6600,1.000000,0.999566,0.500089
No-Overshoot,11.6800,1.000000,0.999576,0.500092
No-Overshoot,11.7000,1.000000,0.999585,0.500095
No-Overshoot,11.7200,1.000000,0.999595,0.500098
No-Overshoot,11.7400,1.000000,0.999605,0.500101
No-Overshoot,11.7600,1.000000,0.999615,0.500103
No-Overshoot,11.7800,1.000000,0.999624,0.500106
No-Overshoot,11.8000,1.000000,0.999634,0.500108
No-Overshoot,11.8200,1.000000,0.999644,0.500111
No-Overshoot,11.8400,1.000000,0.999653,0.500113
No-Overshoot,11.8600,1.000000,0.999663,0.500114
No-Overshoot,11.8800,1.000000,0.999672,0.500116
No-Overshoot,11.9000,1.000000,0.999682,0.500118
No-Overshoot,11.9200,1.000000,0.999691,0.500120
No-Overshoot,11.9400,1.000000,0.999701,0.500121
No-Overshoot,11.9600,1.000000,0.999710,0.500122
No-Overshoot,11.9800,1.000000,0.999720,0.500124
No-Overshoot,12.0000,1.000000,0.999729,0.500125
No-Overshoot,12.0200,1.000000,0.999738,0.500126
No-Overshoot,12.0400,1.000000,0.999747,0.500127
No-Overshoot,12.0600,1.000000,0.999756,0.500128
No-Overshoot,12.0800,1.000000,0.999765,0.500128
No-Overshoot,12.1000,1.000000,0.999774,0.500129
No-Overshoot,12.1200,1.000000,0.999783,0.500129
No-Overshoot,12.1400,1.000000,0.999792,0.500130
No-Overshoot,12.1600,1.000000,0.999800,0.500130
No-Overshoot,12.1800,1.000000,0.999809,0.500130
No-Overshoot,12.2000,1.000000,0.999817,0.500130
No-Overshoot,12.2200,1.000000,0.999826,0.500130
No-Overshoot,12.2400,1.000000,0.999834,0.500130
No-Overshoot,12.2600,1.000000,0.999842,0.500130
No-Overshoot,12.2800,1.000000,0.999850,0.500130
No-Overshoot,12.3000,1.000000,0.999858,0.500129
No-Overshoot,12.3200,1.000000,0.999866,0.500129
No-Overshoot,12.3400,1.000000,0.999873,0.500129
No-Overshoot,12.3600,1.000000,0.999881,0.500128
No-Overshoot,12.3800,1.000000,0.999888,0.500127
No-Overshoot,12.4000,1.000000,0.999896,0.500127
No-Overshoot,12.4200,1.000000,0.999903,0.500126
No-Overshoot,12.4400,1.000000,0.999910,0.500125
No-Overshoot,12.4600,1.000000,0.999917,0.500124
No-Overshoot,12.4800,1.000000,0.999924,0.500123
No-Overshoot,12.5000,1.000000,0.999930,0.500122
No-Overshoot,12.5200,1.000000,0.999937,0.500121
No-Overshoot,12.5400,1.000000,0.999943,0.500120
No-Overshoot,12.5600,1.000000,0.999950,0.500119
No-Overshoot,12.5800,1.000000,0.999956,0.500118
No-Overshoot,12.6000,1.000000,0.999962,0.500117
No-Overshoot,12.6200,1.000000,0.999968,0.500115
No-Overshoot,12.6400,1.000000,0.999973,0.500114
No-Overshoot,12.6600,1.000000,0.999979,0.500113
No-Overshoot,12.6800,1.000000,0.999984,0.500111
No-Overshoot,12.7000,1.000000,0.999990,0.500110
No-Overshoot,12.7200,1.000000,0.999995,0.500108
No-Overshoot,12.7400,1.000000,1.000000,0.500107
No-Overshoot,12.7600,1.000000,1.000005,0.500105
No-Overshoot,12.7800,1.000000,1.000010,0.500104
No-Overshoot,12.8000,1.000000,1.000014,0.500102
No-Overshoot,12.8200,1.000000,1.000019,0.500101
No-Overshoot,12.8400,1.000000,1.000023,0.500098
No-Overshoot,12.8600,1.000000,1.000028,0.500097
No-Overshoot,12.8800,1.000000,1.000032,0.500096
No-Overshoot,12.9000,1.000000,1.000036,0.500094
No-Overshoot,12.9200,1.000000,1.000040,0.500092
No-Overshoot,12.9400,1.000000,1.000043,0.500090
No-Overshoot,12.9600,1.000000,1.000047,0.500089
No-Overshoot,12.9800,1.000000,1.000050,0.500087
No-Overshoot,13.0000,1.000000,1.000054,0.500085
No-Overshoot,13.0200,1.000000,1.000057,0.500083
No-Overshoot,13.0400,1.000000,1.000060,0.500081
No-Overshoot,13.0600,1.000000,1.000063,0.500079
No-Overshoot,13.0800,1.000000,1.000066,0.500078
No-Overshoot,13.1000,1.000000,1.000069,0.500076
No-Overshoot,13.1200,1.000000,1.000071,0.500074
No-Overshoot,13.1400,1.000000,1.000074,0.500072
No-Overshoot,13.1600,1.000000,1.000076,0.500070
No-Overshoot,13.1800,1.000000,1.000079,0.500069
No-Overshoot,13.2000,1.000000,1.000081,0.500067
No-Overshoot,13.2200,1.000000,1.000083,0.500065
No-Overshoot,13.2400,1.000000,1.000085,0.500064
No-Overshoot,13.2600,1.000000,1.000087,0.500062
No-Overshoot,13.2800,1.000000,1.000088,0.500060
No-Overshoot,13.3000,1.000000,1.000090,0.500058
No-Overshoot,13.3200,1.000000,1.000091,0.500056
No-Overshoot,13.3400,1.000000,1.000093,0.500054
No-Overshoot,13.3600,1.000000,1.000094,0.500052
No-Overshoot,13.3800,1.000000,1.000095,0.500051
No-Overshoot,13.4000,1.000000,1.000097,0.500049
No-Overshoot,13.4200,1.000000,1.000098,0.500048
No-Overshoot,13.4400,1.000000,1.000099,0.500045
No-Overshoot,13.4600,1.000000,1.000099,0.500044
No-Overshoot,13.4800,1.000000,1.000100,0.500042
No-Overshoot,13.5000,1.000000,1.000101,0.500041
No-Overshoot,13.5200,1.000000,1.000101,0.500040
No-Overshoot,13.5400,1.000000,1.000102,0.500038
No-Overshoot,13.5600,1.000000,1.000102,0.500036
No-Overshoot,13.5800,1.000000,1.000103,0.500035
No-Overshoot,13.6000,1.000000,1.000103,0.500033
No-Overshoot,13.6200,1.000000,1.000103,0.500031
No-Overshoot,13.6400,1.000000,1.000103,0.500030
No-Overshoot,13.6600,1.000000,1.000103,0.500028
No-Overshoot,13.6800,1.000000,1.000103,0.500027
No-Overshoot,13.7000,1.000000,1.000103,0.500025
No-Overshoot,13.7200,1.000000,1.000103,0.500024
No-Overshoot,13.7400,1.000000,1.000103,0.500022
No-Overshoot,13.7600,1.000000,1.000103,0.500021
No-Overshoot,13.7800,1.000000,1.000102,0.500019
No-Overshoot,13.8000,1.000000,1.000102,0.500018
No-Overshoot,13.8200,1.000000,1.000101,0.500017
No-Overshoot,13.8400,1.000000,1.000101,0.500015
No-Overshoot,13.8600,1.000000,1.000100,0.500014
No-Overshoot,13.8800,1.000000,1.000100,0.500013
No-Overshoot,13.9000,1.000000,1.000099,0.500012
No-Overshoot,13.9200,1.000000,1.000098,0.500010
No-Overshoot,13.9400,1.000000,1.000098,0.500010
No-Overshoot,13.9600,1.000000,1.000097,0.500008
No-Overshoot,13.9800,1.000000,1.000096,0.500007
No-Overshoot,14.0000,1.000000,1.000095,0.500006
No-Overshoot,14.0200,1.000000,1.000094,0.500005
No-Overshoot,14.0400,1.000000,1.000093,0.500004
No-Overshoot,14.0600,1.000000,1.000092,0.500003
No-Overshoot,14.0800,1.000000,1.000091,0.500002
No-Overshoot,14.1000,1.000000,1.000090,0.500001
No-Overshoot,14.1200,1.000000,1.000089,0.500000
No-Overshoot,14.1400,1.000000,1.000088,0.499999
No-Overshoot,14.1600,1.000000,1.000087,0.499998
No-Overshoot,14.1800,1.000000,1.000085,0.499997
No-Overshoot,14.2000,1.000000,1.000084,0.499996
No-Overshoot,14.2200,1.000000,1.000083,0.499996
No-Overshoot,14.2400,1.000000,1.000082,0.499995
No-Overshoot,14.2600,1.000000,1.000080,0.499994
No-Overshoot,14.2800,1.000000,1.000079,0.499993
No-Overshoot,14.3000,1.000000,1.000078,0.499992
No-Overshoot,14.3200,1.000000,1.000077,0.499992
No-Overshoot,14.3400,1.000000,1.000075,0.499991
No-Overshoot,14.3600,1.000000,1.000074,0.499991
No-Overshoot,14.3800,1.000000,1.000072,0.499990
No-Overshoot,14.4000,1.000000,1.000071,0.499989
No-Overshoot,14.4200,1.000000,1.000070,0.499989
No-Overshoot,14.4400,1.000000,1.000068,0.499988
No-Overshoot,14.4600,1.000000,1.000067,0.499988
No-Overshoot,14.4800,1.000000,1.000065,0.499987
No-Overshoot,14.5000,1.000000,1.000064,0.499987
No-Overshoot,14.5200,1.000000,1.000063,0.499986
No-Overshoot,14.5400,1.000000,1.000061,0.499986
No-Overshoot,14.5600,1.000000,1.000060,0.499985
No-Overshoot,14.5800,1.000000,1.000058,0.499985
No-Overshoot,14.6000,1.000000,1.000057,0.499984
No-Overshoot,14.6200,1.000000,1.000055,0.499985
No-Overshoot,14.6400,1.000000,1.000054,0.499984
No-Overshoot,14.6600,1.000000,1.000053,0.499984
No-Overshoot,14.6800,1.000000,1.000051,0.499983
No-Overshoot,14.7000,1.000000,1.000050,0.499983
No-Overshoot,14.7200,1.000000,1.000048,0.499982
No-Overshoot,14.7400,1.000000,1.000047,0.499982
No-Overshoot,14.7600,1.000000,1.000045,0.499982
No-Overshoot,14.7800,1.000000,1.000044,0.499982
No-Overshoot,14.8000,1.000000,1.000043,0.499982
No-Overshoot,14.8200,1.000000,1.000041,0.499981
No-Overshoot,14.8400,1.000000,1.000040,0.499981
No-Overshoot,14.8600,1.000000,1.000038,0.499981
No-Overshoot,14.8800,1.000000,1.000037,0.499981
No-Overshoot,14.9000,1.000000,1.000036,0.499981
No-Overshoot,14.9200,1.000000,1.000034,0.499981
No-Overshoot,14.9400,1.000000,1.000033,0.499981
No-Overshoot,14.9600,1.000000,1.000032,0.499981
No-Overshoot,14.9800,1.000000,1.000031,0.499980
No-Overshoot,15.0000,1.000000,1.000029,0.499981
No-Overshoot,15.0200,1.000000,1.000028,0.499981
No-Overshoot,15.0400,1.000000,1.000027,0.499980
No-Overshoot,15.0600,1.000000,1.000026,0.499981
No-Overshoot,15.0800,1.000000,1.000024,0.499981
No-Overshoot,15.1000,1.000000,1.000023,0.499981
No-Overshoot,15.1200,1.000000,1.000022,0.499981
No-Overshoot,15.1400,1.000000,1.000021,0.499981
No-Overshoot,15.1600,1.000000,1.000020,0.499981
No-Overshoot,15.1800,1.000000,1.000018,0.499981
No-Overshoot,15.2000,1.000000,1.000017,0.499981
No-Overshoot,15.2200,1.000000,1.000016,0.499981
No-Overshoot,15.2400,1.000000,1.000015,0.499981
No-Overshoot,15.2600,1.000000,1.000014,0.499981
No-Overshoot,15.2800,1.000000,1.000013,0.499981
No-Overshoot,15.3000,1.000000,1.000012,0.499982
No-Overshoot,15.3200,1.000000,1.000011,0.499982
No-Overshoot,15.3400,1.000000,1.000010,0.499982
No-Overshoot,15.3600,1.000000,1.000009,0.499982
No-Overshoot,15.3800,1.000000,1.000008,0.499982
No-Overshoot,15.4000,1.000000,1.000007,0.499982
No-Overshoot,15.4200,1.000000,1.000006,0.499982
No-Overshoot,15.4400,1.000000,1.000005,0.499983
No-Overshoot,15.4600,1.000000,1.000005,0.499983
No-Overshoot,15.4800,1.000000,1.000004,0.499983
No-Overshoot,15.5000,1.000000,1.000003,0.499983
No-Overshoot,15.5200,1.000000,1.000002,0.499983
No-Overshoot,15.5400,1.000000,1.000001,0.499984
No-Overshoot,15.5600,1.000000,1.000001,0.499984
No-Overshoot,15.5800,1.000000,1.000000,0.499984
No-Overshoot,15.6000,1.000000,0.999999,0.499984
No-Overshoot,15.6200,1.000000,0.999998,0.499985
No-Overshoot,15.6400,1.000000,0.999998,0.499985
No-Overshoot,15.6600,1.000000,0.999997,0.499985
No-Overshoot,15.6800,1.000000,0.999996,0.499985
No-Overshoot,15.7000,1.000000,0.999996,0.499986
No-Overshoot,15.7200,1.000000,0.999995,0.499986
No-Overshoot,15.7400,1.000000,0.999995,0.499986
No-Overshoot,15.7600,1.000000,0.999994,0.499986
No-Overshoot,15.7800,1.000000,0.999993,0.499987
No-Overshoot,15.8000,1.000000,0.999993,0.499987
No-Overshoot,15.8200,1.000000,0.999992,0.499987
No-Overshoot,15.8400,1.000000,0.999992,0.499988
No-Overshoot,15.8600,1.000000,0.999991,0.499988
No-Overshoot,15.8800,1.000000,0.999991,0.499988
No-Overshoot,15.9000,1.000000,0.999990,0.499988
No-Overshoot,15.9200,1.000000,0.999990,0.499988
No-Overshoot,15.9400,1.000000,0.999990,0.499989
No-Overshoot,15.9600,1.000000,0.999989,0.499989
No-Overshoot,15.9800,1.000000,0.999989,0.499989
No-Overshoot,16.0000,1.000000,0.999989,0.499990
No-Overshoot,16.0200,1.000000,0.999988,0.499990
No-Overshoot,16.0400,1.000000,0.999988,0.499990
No-Overshoot,16.0600,1.000000,0.999988,0.499990
No-Overshoot,16.0800,1.000000,0.999987,0.499991
No-Overshoot,16.1000,1.000000,0.999987,0.499991
No-Overshoot,16.1200,1.000000,0.999987,0.499991
No-Overshoot,16.1400,1.000000,0.999987,0.499992
No-Overshoot,16.1600,1.000000,0.999986,0.499992
No-Overshoot,16.1800,1.000000,0.999986,0.499992
No-Overshoot,16.2000,1.000000,0.999986,0.499992
No-Overshoot,16.2200,1.000000,0.999986,0.499993
No-Overshoot,16.2400,1.000000,0.999986,0.499993
No-Overshoot,16.2600,1.000000,0.999985,0.499993
No-Overshoot,16.2800,1.000000,0.999985,0.499993
No-Overshoot,16.3000,1.000000,0.999985,0.499993
No-Overshoot,16.3200,1.000000,0.999985,0.499994
No-Overshoot,16.3400,1.000000,0.999985,0.499994
No-Overshoot,16.3600,1.000000,0.999985,0.499994
No-Overshoot,16.3800,1.000000,0.999985,0.499994
No-Overshoot,16.4000,1.000000,0.999985,0.499995
No-Overshoot,16.4200,1.000000,0.999985,0.499995
No-Overshoot,16.4400,1.000000,0.999985,0.499995
No-Overshoot,16.4600,1.000000,0.999985,0.499996
No-Overshoot,16.4800,1.000000,0.999985,0.499996
No-Overshoot,16.5000,1.000000,0.999985,0.499996
No-Overshoot,16.5200,1.000000,0.999985,0.499996
No-Overshoot,16.5400,1.000000,0.999985,0.499996
No-Overshoot,16.5600,1.000000,0.999985,0.499997
No-Overshoot,16.5800,1.000000,0.999985,0.499997
No-Overshoot,16.6000,1.000000,0.999985,0.499997
No-Overshoot,16.6200,1.000000,0.999985,0.499997
No-Overshoot,16.6400,1.000000,0.999985,0.499998
No-Overshoot,16.6600,1.000000,0.999985,0.499998
No-Overshoot,16.6800,1.000000,0.999985,0.499998
No-Overshoot,16.7000,1.000000,0.999985,0.499998
No-Overshoot,16.7200,1.000000,0.999985,0.499998
No-Overshoot,16.7400,1.000000,0.999985,0.499998
No-Overshoot,16.7600,1.000000,0.999985,0.499999
No-Overshoot,16.7800,1.000000,0.999985,0.499999
No-Overshoot,16.8000,1.000000,0.999986,0.499999
No-Overshoot,16.8200,1.000000,0.999986,0.499999
No-Overshoot,16.8400,1.000000,0.999986,0.499999
No-Overshoot,16.8600,1.000000,0.999986,0.499999
No-Overshoot,16.8800,1.000000,0.999986,0.500000
No-Overshoot,16.9000,1.000000,0.999986,0.500000
No-Overshoot,16.9200,1.000000,0.999986,0.500000
No-Overshoot,16.9400,1.000000,0.999987,0.500000
No-Overshoot,16.9600,1.000000,0.999987,0.500000
No-Overshoot,16.9800,1.000000,0.999987,0.500000
No-Overshoot,17.0000,1.000000,0.999987,0.500000
No-Overshoot,17.0200,1.000000,0.999987,0.500000
No-Overshoot,17.0400,1.000000,0.999988,0.500001
No-Overshoot,17.0600,1.000000,0.999988,0.500001
No-Overshoot,17.0800,1.000000,0.999988,0.500001
No-Overshoot,17.1000,1.000000,0.999988,0.500001
No-Overshoot,17.1200,1.000000,0.999988,0.500001
No-Overshoot,17.1400,1.000000,0.999989,0.500001
No-Overshoot,17.1600,1.000000,0.999989,0.500001
No-Overshoot,17.1800,1.000000,0.999989,0.500001
No-Overshoot,17.2000,1.000000,0.999989,0.500002
No-Overshoot,17.2200,1.000000,0.999989,0.500001
No-Overshoot,17.2400,1.000000,0.999990,0.500002
No-Overshoot,17.2600,1.000000,0.999990,0.500002
No-Overshoot,17.2800,1.000000,0.999990,0.500002
No-Overshoot,17.3000,1.000000,0.999990,0.500002
No-Overshoot,17.3200,1.000000,0.999990,0.500002
No-Overshoot,17.3400,1.000000,0.999991,0.500002
No-Overshoot,17.3600,1.000000,0.999991,0.500002
No-Overshoot,17.3800,1.000000,0.999991,0.500002
No-Overshoot,17.4000,1.000000,0.999991,0.500002
No-Overshoot,17.4200,1.000000,0.999991,0.500002
No-Overshoot,17.4400,1.000000,0.999992,0.500003
No-Overshoot,17.4600,1.000000,0.999992,0.500002
No-Overshoot,17.4800,1.000000,0.999992,0.500002
No-Overshoot,17.5000,1.000000,0.999992,0.500003
No-Overshoot,17.5200,1.000000,0.999993,0.500002
No-Overshoot,17.5400,1.000000,0.999993,0.500003
No-Overshoot,17.5600,1.000000,0.999993,0.500002
No-Overshoot,17.5800,1.000000,0.999993,0.500003
No-Overshoot,17.6000,1.000000,0.999993,0.500002
No-Overshoot,17.6200,1.000000,0.999994,0.500002
No-Overshoot,17.6400,1.000000,0.999994,0.500002
No-Overshoot,17.6600,1.000000,0.999994,0.500002
No-Overshoot,17.6800,1.000000,0.999994,0.500002
No-Overshoot,17.7000,1.000000,0.999994,0.500003
No-Overshoot,17.7200,1.000000,0.999995,0.500002
No-Overshoot,17.7400,1.000000,0.999995,0.500003
No-Overshoot,17.7600,1.000000,0.999995,0.500002
No-Overshoot,17.7800,1.000000,0.999995,0.500003
No-Overshoot,17.8000,1.000000,0.999995,0.500003
No-Overshoot,17.8200,1.000000,0.999996,0.500003
No-Overshoot,17.8400,1.000000,0.999996,0.500003
No-Overshoot,17.8600,1.000000,0.999996,0.500003
No-Overshoot,17.8800,1.000000,0.999996,0.500003
No-Overshoot,17.9000,1.000000,0.999996,0.500003
No-Overshoot,17.9200,1.000000,0.999996,0.500003
No-Overshoot,17.9400,1.000000,0.999997,0.500003
No-Overshoot,17.9600,1.000000,0.999997,0.500003
No-Overshoot,17.9800,1.000000,0.999997,0.500003
No-Overshoot,18.0000,1.000000,0.999997,0.500003
No-Overshoot,18.0200,1.000000,0.999997,0.500003
No-Overshoot,18.0400,1.000000,0.999997,0.500003
No-Overshoot,18.0600,1.000000,0.999998,0.500003
No-Overshoot,18.0800,1.000000,0.999998,0.500003
No-Overshoot,18.1000,1.000000,0.999998,0.500003
No-Overshoot,18.1200,1.000000,0.999998,0.500003
No-Overshoot,18.1400,1.000000,0.999998,0.500003
No-Overshoot,18.1600,1.000000,0.999998,0.500003
No-Overshoot,18.1800,1.000000,0.999998,0.500003
No-Overshoot,18.2000,1.000000,0.999999,0.500003
No-Overshoot,18.2200,1.000000,0.999999,0.500003
No-Overshoot,18.2400,1.000000,0.999999,0.500002
No-Overshoot,18.2600,1.000000,0.999999,0.500003
No-Overshoot,18.2800,1.000000,0.999999,0.500002
No-Overshoot,18.3000,1.000000,0.999999,0.500002
No-Overshoot,18.3200,1.000000,0.999999,0.500002
No-Overshoot,18.3400,1.000000,1.000000,0.500002
No-Overshoot,18.3600,1.000000,1.000000,0.500002
No-Overshoot,18.3800,1.000000,1.000000,0.500002
No-Overshoot,18.4000,1.000000,1.000000,0.500002
No-Overshoot,18.4200,1.000000,1.000000,0.500002
No-Overshoot,18.4400,1.000000,1.000000,0.500002
No-Overshoot,18.4600,1.000000,1.000000,0.500002
No-Overshoot,18.4800,1.000000,1.000000,0.500002
No-Overshoot,18.5000,1.000000,1.000000,0.500002
No-Overshoot,18.5200,1.000000,1.000001,0.500002
No-Overshoot,18.5400,1.000000,1.000001,0.500002
No-Overshoot,18.5600,1.000000,1.000001,0.500002
No-Overshoot,18.5800,1.000000,1.000001,0.500002
No-Overshoot,18.6000,1.000000,1.000001,0.500002
No-Overshoot,18.6200,1.000000,1.000001,0.500002
No-Overshoot,18.6400,1.000000,1.000001,0.500002
No-Overshoot,18.6600,1.000000,1.000001,0.500002
No-Overshoot,18.6800,1.000000,1.000001,0.500002
No-Overshoot,18.7000,1.000000,1.000001,0.500002
No-Overshoot,18.7200,1.000000,1.000001,0.500002
No-Overshoot,18.7400,1.000000,1.000001,0.500002
No-Overshoot,18.7600,1.000000,1.000001,0.500002
No-Overshoot,18.7800,1.000000,1.000001,0.500002
No-Overshoot,18.8000,1.000000,1.000001,0.500002
No-Overshoot,18.8200,1.000000,1.000001,0.500002
No-Overshoot,18.8400,1.000000,1.000002,0.500002
No-Overshoot,18.8600,1.000000,1.000002,0.500002
No-Overshoot,18.8800,1.000000,1.000002,0.500002
No-Overshoot,18.9000,1.000000,1.000002,0.500002
No-Overshoot,18.9200,1.000000,1.000002,0.500002
No-Overshoot,18.9400,1.000000,1.000002,0.500001
No-Overshoot,18.9600,1.000000,1.000002,0.500002
No-Overshoot,18.9800,1.000000,1.000002,0.500002
No-Overshoot,19.0000,1.000000,1.000002,0.500001
No-Overshoot,19.0200,1.000000,1.000002,0.500002
No-Overshoot,19.0400,1.000000,1.000002,0.500002
No-Overshoot,19.0600,1.000000,1.000002,0.500002
No-Overshoot,19.0800,1.000000,1.000002,0.500002
No-Overshoot,19.1000,1.000000,1.000002,0.500002
No-Overshoot,19.1200,1.000000,1.000002,0.500002
No-Overshoot,19.1400,1.000000,1.000002,0.500001
No-Overshoot,19.1600,1.000000,1.000002,0.500002
No-Overshoot,19.1800,1.000000,1.000002,0.500002
No-Overshoot,19.2000,1.000000,1.000002,0.500001
No-Overshoot,19.2200,1.000000,1.000002,0.500002
No-Overshoot,19.2400,1.000000,1.000002,0.500002
No-Overshoot,19.2600,1.000000,1.000002,0.500002
No-Overshoot,19.2800,1.000000,1.000002,0.500002
No-Overshoot,19.3000,1.000000,1.000002,0.500001
No-Overshoot,19.3200,1.000000,1.000002,0.500002
No-Overshoot,19.3400,1.000000,1.000002,0.500002
No-Overshoot,19.3600,1.000000,1.000002,0.500002
No-Overshoot,19.3800,1.000000,1.000002,0.500002
No-Overshoot,19.4000,1.000000,1.000002,0.500002
No-Overshoot,19.4200,1.000000,1.000002,0.500001
No-Overshoot,19.4400,1.000000,1.000002,0.500001
No-Overshoot,19.4600,1.000000,1.000003,0.500002
No-Overshoot,19.4800,1.000000,1.000003,0.500002
No-Overshoot,19.5000,1.000000,1.000003,0.500002
No-Overshoot,19.5200,1.000000,1.000003,0.500002
No-Overshoot,19.5400,1.000000,1.000003,0.500002
No-Overshoot,19.5600,1.000000,1.000003,0.500001
No-Overshoot,19.5800,1.000000,1.000003,0.500001
No-Overshoot,19.6000,1.000000,1.000003,0.500001
No-Overshoot,19.6200,1.000000,1.000003,0.500002
No-Overshoot,19.6400,1.000000,1.000003,0.500002
No-Overshoot,19.6600,1.000000,1.000003,0.500002
No-Overshoot,19.6800,1.000000,1.000003,0.500002
No-Overshoot,19.7000,1.000000,1.000003,0.500002
No-Overshoot,19.7200,1.000000,1.000003,0.500002
No-Overshoot,19.7400,1.000000,1.000003,0.500002
No-Overshoot,19.7600,1.000000,1.000003,0.500001
No-Overshoot,19.7800,1.000000,1.000003,0.500001
No-Overshoot,19.8000,1.000000,1.000003,0.500001
No-Overshoot,19.8200,1.000000,1.000003,0.500001
No-Overshoot,19.8400,1.000000,1.000003,0.500001
No-Overshoot,19.8600,1.000000,1.000003,0.500001
No-Overshoot,19.8800,1.000000,1.000003,0.500001
No-Overshoot,19.9000,1.000000,1.000003,0.500001
No-Overshoot,19.9200,1.000000,1.000003,0.500001
No-Overshoot,19.9400,1.000000,1.000003,0.500001
No-Overshoot,19.9600,1.000000,1.000003,0.500000
No-Overshoot,19.9800,1.000000,1.000003,0.500000
No-Overshoot,20.0000,1.000000,1.000003,0.500000
No-Overshoot,20.0200,1.000000,1.000003,0.500000
No-Overshoot,20.0400,1.000000,1.000003,0.500000
No-Overshoot,20.0600,1.000000,1.000003,0.500000
No-Overshoot,20.0800,1.000000,1.000003,0.500000
No-Overshoot,20.1000,1.000000,1.000003,0.499999
No-Overshoot,20.1200,1.000000,1.000003,0.499999
No-Overshoot,20.1400,1.000000,1.000003,0.500000
No-Overshoot,20.1600,1.000000,1.000003,0.500000
No-Overshoot,20.1800,1.000000,1.000003,0.499999
No-Overshoot,20.2000,1.000000,1.000003,0.499999
No-Overshoot,20.2200,1.000000,1.000003,0.499999
No-Overshoot,20.2400,1.000000,1.000003,0.499999
No-Overshoot,20.2600,1.000000,1.000003,0.499999
No-Overshoot,20.2800,1.000000,1.000003,0.499999
No-Overshoot,20.3000,1.000000,1.000003,0.499999
No-Overshoot,20.3200,1.000000,1.000002,0.499999
No-Overshoot,20.3400,1.000000,1.000002,0.499999
No-Overshoot,20.3600,1.000000,1.000002,0.500000
No-Overshoot,20.3800,1.000000,1.000002,0.500000
No-Overshoot,20.4000,1.000000,1.000002,0.500000
No-Overshoot,20.4200,1.000000,1.000002,0.500000
No-Overshoot,20.4400,1.000000,1.000002,0.500000
No-Overshoot,20.4600,1.000000,1.000002,0.500000
No-Overshoot,20.4800,1.000000,1.000002,0.500000
No-Overshoot,20.5000,1.000000,1.000002,0.500000
No-Overshoot,20.5200,1.000000,1.000002,0.500000
No-Overshoot,20.5400,1.000000,1.000002,0.500000
No-Overshoot,20.5600,1.000000,1.000002,0.500000
No-Overshoot,20.5800,1.000000,1.000002,0.500000
No-Overshoot,20.6000,1.000000,1.000002,0.500000
No-Overshoot,20.6200,1.000000,1.000001,0.500000
No-Overshoot,20.6400,1.000000,1.000001,0.500000
No-Overshoot,20.6600,1.000000,1.000001,0.500000
No-Overshoot,20.6800,1.000000,1.000001,0.500000
No-Overshoot,20.7000,1.000000,1.000001,0.500000
No-Overshoot,20.7200,1.000000,1.000001,0.500000
No-Overshoot,20.7400,1.000000,1.000001,0.500000
No-Overshoot,20.7600,1.000000,1.000001,0.500000
No-Overshoot,20.7800,1.000000,1.000001,0.500000
No-Overshoot,20.8000,1.000000,1.000001,0.500000
No-Overshoot,20.8200,1.000000,1.000001,0.500000
No-Overshoot,20.8400,1.000000,1.000001,0.500000
No-Overshoot,20.8600,1.000000,1.000001,0.500000
No-Overshoot,20.8800,1.000000,1.000001,0.500000
No-Overshoot,20.9000,1.000000,1.000001,0.500000
No-Overshoot,20.9200,1.000000,1.000001,0.500000
No-Overshoot,20.9400,1.000000,1.000001,0.500000
No-Overshoot,20.9600,1.000000,1.000001,0.500000
No-Overshoot,20.9800,1.000000,1.000001,0.500000
No-Overshoot,21.0000,1.000000,1.000001,0.500000
No-Overshoot,21.0200,1.000000,1.000001,0.500000
No-Overshoot,21.0400,1.000000,1.000001,0.500000
No-Overshoot,21.0600,1.000000,1.000001,0.500000
No-Overshoot,21.0800,1.000000,1.000001,0.500000
No-Overshoot,21.1000,1.000000,1.000001,0.500000
No-Overshoot,21.1200,1.000000,1.000001,0.500000
No-Overshoot,21.1400,1.000000,1.000001,0.500000
No-Overshoot,21.1600,1.000000,1.000001,0.500000
No-Overshoot,21.1800,1.000000,1.000001,0.500000
No-Overshoot,21.2000,1.000000,1.000001,0.500000
No-Overshoot,21.2200,1.000000,1.000001,0.500000
No-Overshoot,21.2400,1.000000,1.000001,0.500001
No-Overshoot,21.2600,1.000000,1.000001,0.500000
No-Overshoot,21.2800,1.000000,1.000001,0.500000
No-Overshoot,21.3000,1.000000,1.000001,0.500000
No-Overshoot,21.3200,1.000000,1.000001,0.500000
No-Overshoot,21.3400,1.000000,1.000001,0.500000
No-Overshoot,21.3600,1.000000,1.000001,0.500000
No-Overshoot,21.3800,1.000000,1.000001,0.500000
No-Overshoot,21.4000,1.000000,1.000001,0.500000
No-Overshoot,21.4200,1.000000,1.000001,0.500000
No-Overshoot,21.4400,1.000000,1.000001,0.500000
No-Overshoot,21.4600,1.000000,1.000001,0.500000
No-Overshoot,21.4800,1.000000,1.000001,0.500000
No-Overshoot,21.5000,1.000000,1.000001,0.500000
No-Overshoot,21.5200,1.000000,1.000001,0.500000
No-Overshoot,21.5400,1.000000,1.000001,0.500000
No-Overshoot,21.5600,1.000000,1.000001,0.500000
No-Overshoot,21.5800,1.000000,1.000001,0.500000
No-Overshoot,21.6000,1.000000,1.000001,0.500000
No-Overshoot,21.6200,1.000000,1.000001,0.500000
No-Overshoot,21.6400,1.000000,1.000001,0.500000
No-Overshoot,21.6600,1.000000,1.000001,0.500000
No-Overshoot,21.6800,1.000000,1.000001,0.500000
No-Overshoot,21.7000,1.000000,1.000001,0.500000
No-Overshoot,21.7200,1.000000,1.000001,0.500000
No-Overshoot,21.7400,1.000000,1.000001,0.500000
No-Overshoot,21.7600,1.000000,1.000001,0.500000
No-Overshoot,21.7800,1.000000,1.000001,0.500000
No-Overshoot,21.8000,1.000000,1.000001,0.500000
No-Overshoot,21.8200,1.000000,1.000000,0.500000
No-Overshoot,21.8400,1.000000,1.000000,0.500000
No-Overshoot,21.8600,1.000000,1.000000,0.500000
No-Overshoot,21.8800,1.000000,1.000000,0.500000
No-Overshoot,21.9000,1.000000,1.000000,0.500000
No-Overshoot,21.9200,1.000000,1.000000,0.500000
No-Overshoot,21.9400,1.000000,1.000000,0.500000
No-Overshoot,21.9600,1.000000,1.000000,0.500000
No-Overshoot,21.9800,1.000000,1.000000,0.500000
No-Overshoot,22.0000,1.000000,1.000000,0.500000
No-Overshoot,22.0200,1.000000,1.000000,0.500000
No-Overshoot,22.0400,1.000000,1.000000,0.500000
No-Overshoot,22.0600,1.000000,1.000000,0.500000
No-Overshoot,22.0800,1.000000,1.000000,0.500000
No-Overshoot,22.1000,1.000000,1.000000,0.500000
No-Overshoot,22.1200,1.000000,1.000000,0.500000
No-Overshoot,22.1400,1.000000,1.000000,0.500000
No-Overshoot,22.1600,1.000000,1.000000,0.500000
No-Overshoot,22.1800,1.000000,1.000000,0.500001
No-Overshoot,22.2000,1.000000,1.000000,0.500000
No-Overshoot,22.2200,1.000000,1.000000,0.500000
No-Overshoot,22.2400,1.000000,1.000000,0.500000
No-Overshoot,22.2600,1.000000,1.000000,0.500000
No-Overshoot,22.2800,1.000000,1.000000,0.500000
No-Overshoot,22.3000,1.000000,1.000000,0.500000
No-Overshoot,22.3200,1.000000,1.000000,0.500000
No-Overshoot,22.3400,1.000000,1.000000,0.500000
No-Overshoot,22.3600,1.000000,1.000000,0.500000
No-Overshoot,22.3800,1.000000,1.000000,0.500000
No-Overshoot,22.4000,1.000000,1.000000,0.500000
No-Overshoot,22.4200,1.000000,1.000000,0.500000
No-Overshoot,22.4400,1.000000,1.000000,0.500000
No-Overshoot,22.4600,1.000000,1.000000,0.500000
No-Overshoot,22.4800,1.000000,1.000000,0.500000
No-Overshoot,22.5000,1.000000,1.000000,0.500000
No-Overshoot,22.5200,1.000000,1.000000,0.500000
No-Overshoot,22.5400,1.000000,1.000000,0.500000
No-Overshoot,22.5600,1.000000,1.000000,0.500000
No-Overshoot,22.5800,1.000000,1.000000,0.500000
No-Overshoot,22.6000,1.000000,1.000000,0.500000
No-Overshoot,22.6200,1.000000,1.000000,0.500000
No-Overshoot,22.6400,1.000000,1.000000,0.500000
No-Overshoot,22.6600,1.000000,1.000000,0.500000
No-Overshoot,22.6800,1.000000,1.000000,0.500000
No-Overshoot,22.7000,1.000000,1.000000,0.500000
No-Overshoot,22.7200,1.000000,1.000000,0.500000
No-Overshoot,22.7400,1.000000,1.000000,0.500000
No-Overshoot,22.7600,1.000000,1.000000,0.500000
No-Overshoot,22.7800,1.000000,1.000000,0.500000
No-Overshoot,22.8000,1.000000,1.000000,0.500000
No-Overshoot,22.8200,1.000000,1.000000,0.500000
No-Overshoot,22.8400,1.000000,1.000000,0.500000
No-Overshoot,22.8600,1.000000,1.000000,0.500000
No-Overshoot,22.8800,1.000000,1.000000,0.500000
No-Overshoot,22.9000,1.000000,1.000000,0.500000
No-Overshoot,22.9200,1.000000,1.000000,0.500000
No-Overshoot,22.9400,1.000000,1.000000,0.500000
No-Overshoot,22.9600,1.000000,1.000000,0.500000
No-Overshoot,22.9800,1.000000,1.000000,0.500000
No-Overshoot,23.0000,1.000000,1.000000,0.500000
No-Overshoot,23.0200,1.000000,1.000000,0.500000
No-Overshoot,23.0400,1.000000,1.000000,0.500000
No-Overshoot,23.0600,1.000000,1.000000,0.500000
No-Overshoot,23.0800,1.000000,1.000000,0.500000
No-Overshoot,23.1000,1.000000,1.000000,0.500000
No-Overshoot,23.1200,1.000000,1.000000,0.500000
No-Overshoot,23.1400,1.000000,1.000000,0.500000
No-Overshoot,23.1600,1.000000,1.000000,0.500000
No-Overshoot,23.1800,1.000000,1.000000,0.500000
No-Overshoot,23.2000,1.000000,1.000000,0.500000
No-Overshoot,23.2200,1.000000,1.000000,0.500000
No-Overshoot,23.2400,1.000000,1.000000,0.500000
No-Overshoot,23.2600,1.000000,1.000000,0.500000
No-Overshoot,23.2800,1.000000,1.000000,0.500000
No-Overshoot,23.3000,1.000000,1.000000,0.500000
No-Overshoot,23.3200,1.000000,1.000000,0.500000
No-Overshoot,23.3400,1.000000,1.000000,0.500000
No-Overshoot,23.3600,1.000000,1.000000,0.500000
No-Overshoot,23.3800,1.000000,1.000000,0.500000
No-Overshoot,23.4000,1.000000,1.000000,0.500001
No-Overshoot,23.4200,1.000000,1.000000,0.500001
No-Overshoot,23.4400,1.000000,1.000000,0.500000
No-Overshoot,23.4600,1.000000,1.000000,0.500000
No-Overshoot,23.4800,1.000000,1.000000,0.500000
No-Overshoot,23.5000,1.000000,1.000000,0.500000
No-Overshoot,23.5200,1.000000,1.000000,0.500000
No-Overshoot,23.5400,1.000000,1.000000,0.500000
No-Overshoot,23.5600,1.000000,1.000000,0.500000
No-Overshoot,23.5800,1.000000,1.000000,0.500000
No-Overshoot,23.6000,1.000000,1.000000,0.500000
No-Overshoot,23.6200,1.000000,1.000000,0.500000
No-Overshoot,23.6400,1.000000,1.000000,0.500000
No-Overshoot,23.6600,1.000000,1.000000,0.500000
No-Overshoot,23.6800,1.000000,1.000000,0.500000
No-Overshoot,23.7000,1.000000,1.000000,0.500000
No-Overshoot,23.7200,1.000000,1.000000,0.500000
No-Overshoot,23.7400,1.000000,1.000000,0.500000
No-Overshoot,23.7600,1.000000,1.000000,0.500000
No-Overshoot,23.7800,1.000000,1.000000,0.500000
No-Overshoot,23.8000,1.000000,1.000000,0.500000
No-Overshoot,23.8200,1.000000,1.000000,0.500000
No-Overshoot,23.8400,1.000000,1.000000,0.500000
No-Overshoot,23.8600,1.000000,1.000000,0.500000
No-Overshoot,23.8800,1.000000,1.000000,0.500000
No-Overshoot,23.9000,1.000000,1.000000,0.500000
No-Overshoot,23.9200,1.000000,1.000000,0.500000
No-Overshoot,23.9400,1.000000,1.000000,0.500000
No-Overshoot,23.9600,1.000000,1.000000,0.500000
No-Overshoot,23.9800,1.000000,1.000000,0.500000
No-Overshoot,24.0000,1.000000,1.000000,0.500000
No-Overshoot,24.0200,1.000000,1.000000,0.500000
No-Overshoot,24.0400,1.000000,1.000000,0.500000
No-Overshoot,24.0600,1.000000,1.000000,0.500000
No-Overshoot,24.0800,1.000000,1.000000,0.500000
No-Overshoot,24.1000,1.000000,1.000000,0.500000
No-Overshoot,24.1200,1.000000,1.000000,0.500000
No-Overshoot,24.1400,1.000000,1.000000,0.500000
No-Overshoot,24.1600,1.000000,1.000000,0.500000
No-Overshoot,24.1800,1.000000,1.000000,0.500000
No-Overshoot,24.2000,1.000000,1.000000,0.500000
No-Overshoot,24.2200,1.000000,1.000000,0.500000
No-Overshoot,24.2400,1.000000,1.000000,0.500000
No-Overshoot,24.2600,1.000000,1.000000,0.500000
No-Overshoot,24.2800,1.000000,1.000000,0.500000
No-Overshoot,24.3000,1.000000,1.000000,0.500000
No-Overshoot,24.3200,1.000000,1.000000,0.500000
No-Overshoot,24.3400,1.000000,1.000000,0.500000
No-Overshoot,24.3600,1.000000,1.000000,0.500001
No-Overshoot,24.3800,1.000000,1.000000,0.500001
No-Overshoot,24.4000,1.000000,1.000000,0.500000
No-Overshoot,24.4200,1.000000,1.000000,0.500000
No-Overshoot,24.4400,1.000000,1.000000,0.500000
No-Overshoot,24.4600,1.000000,1.000000,0.500000
No-Overshoot,24.4800,1.000000,1.000000,0.500000
No-Overshoot,24.5000,1.000000,1.000000,0.500000
No-Overshoot,24.5200,1.000000,1.000000,0.500000
No-Overshoot,24.5400,1.000000,1.000000,0.500000
No-Overshoot,24.5600,1.000000,1.000000,0.500000
No-Overshoot,24.5800,1.000000,1.000000,0.500000
No-Overshoot,24.6000,1.000000,1.000000,0.500000
No-Overshoot,24.6200,1.000000,1.000000,0.500000
No-Overshoot,24.6400,1.000000,1.000000,0.500000
No-Overshoot,24.6600,1.000000,1.000000,0.500000
No-Overshoot,24.6800,1.000000,1.000000,0.500000
No-Overshoot,24.7000,1.000000,1.000000,0.500000
No-Overshoot,24.7200,1.000000,1.000000,0.500000
No-Overshoot,24.7400,1.000000,1.000000,0.500000
No-Overshoot,24.7600,1.000000,1.000000,0.500000
No-Overshoot,24.7800,1.000000,1.000000,0.500000
No-Overshoot,24.8000,1.000000,1.000000,0.500000
No-Overshoot,24.8200,1.000000,1.000000,0.500000
No-Overshoot,24.8400,1.000000,1.000000,0.500000
No-Overshoot,24.8600,1.000000,1.000000,0.500000
No-Overshoot,24.8800,1.000000,1.000000,0.500000
No-Overshoot,24.9000,1.000000,1.000000,0.500000
No-Overshoot,24.9200,1.000000,1.000000,0.500000
No-Overshoot,24.9400,1.000000,1.000000,0.500000
No-Overshoot,24.9600,1.000000,1.000000,0.500000
No-Overshoot,24.9800,1.000000,1.000000,0.500000
AMIGO-freq,0.0000,1.000000,0.000000,0.480677
AMIGO-freq,0.0200,1.000000,0.000000,0.499604
AMIGO-freq,0.0400,1.000000,0.000000,0.518531
AMIGO-freq,0.0600,1.000000,0.000000,0.537458
AMIGO-freq,0.0800,1.000000,0.000000,0.556386
AMIGO-freq,0.1000,1.000000,0.000000,0.575313
AMIGO-freq,0.1200,1.000000,0.000000,0.594240
AMIGO-freq,0.1400,1.000000,0.000000,0.613167
AMIGO-freq,0.1600,1.000000,0.000000,0.632094
AMIGO-freq,0.1800,1.000000,0.000000,0.651022
AMIGO-freq,0.2000,1.000000,0.000000,0.669949
AMIGO-freq,0.2200,1.000000,0.000000,0.688876
AMIGO-freq,0.2400,1.000000,0.000000,0.707803
AMIGO-freq,0.2600,1.000000,0.000000,0.726730
AMIGO-freq,0.2800,1.000000,0.000000,0.745658
AMIGO-freq,0.3000,1.000000,0.009566,0.764585
AMIGO-freq,0.3200,1.000000,0.028975,0.738345
AMIGO-freq,0.3400,1.000000,0.048750,0.737030
AMIGO-freq,0.3600,1.000000,0.068883,0.742063
AMIGO-freq,0.3800,1.000000,0.089367,0.748423
AMIGO-freq,0.4000,1.000000,0.110195,0.754750
AMIGO-freq,0.4200,1.000000,0.131360,0.760673
AMIGO-freq,0.4400,1.000000,0.152856,0.766092
AMIGO-freq,0.4600,1.000000,0.174675,0.770974
AMIGO-freq,0.4800,1.000000,0.196812,0.775310
AMIGO-freq,0.5000,1.000000,0.219260,0.779095
AMIGO-freq,0.5200,1.000000,0.242013,0.782324
AMIGO-freq,0.5400,1.000000,0.265066,0.784995
AMIGO-freq,0.5600,1.000000,0.288411,0.787103
AMIGO-freq,0.5800,1.000000,0.312044,0.788647
AMIGO-freq,0.6000,1.000000,0.335958,0.789623
AMIGO-freq,0.6200,1.000000,0.358697,0.791662
AMIGO-freq,0.6400,1.000000,0.380768,0.795346
AMIGO-freq,0.6600,1.000000,0.402559,0.797935
AMIGO-freq,0.6800,1.000000,0.424164,0.799658
AMIGO-freq,0.7000,1.000000,0.445594,0.800843
AMIGO-freq,0.7200,1.000000,0.466838,0.801657
AMIGO-freq,0.7400,1.000000,0.487881,0.802175
AMIGO-freq,0.7600,1.000000,0.508706,0.802428
AMIGO-freq,0.7800,1.000000,0.529296,0.802437
AMIGO-freq,0.8000,1.000000,0.549634,0.802215
AMIGO-freq,0.8200,1.000000,0.569702,0.801776
AMIGO-freq,0.8400,1.000000,0.589484,0.801132
AMIGO-freq,0.8600,1.000000,0.608963,0.800296
AMIGO-freq,0.8800,1.000000,0.628124,0.799282
AMIGO-freq,0.9000,1.000000,0.646949,0.798103
AMIGO-freq,0.9200,1.000000,0.665456,0.796772
AMIGO-freq,0.9400,1.000000,0.683743,0.795036
AMIGO-freq,0.9600,1.000000,0.701781,0.792992
AMIGO-freq,0.9800,1.000000,0.719538,0.790785
AMIGO-freq,1.0000,1.000000,0.736995,0.788440
AMIGO-freq,1.0200,1.000000,0.754142,0.785950
AMIGO-freq,1.0400,1.000000,0.770973,0.783309
AMIGO-freq,1.0600,1.000000,0.787483,0.780518
AMIGO-freq,1.0800,1.000000,0.803669,0.777578
AMIGO-freq,1.1000,1.000000,0.819528,0.774497
AMIGO-freq,1.1200,1.000000,0.835058,0.771278
AMIGO-freq,1.1400,1.000000,0.850256,0.767929
AMIGO-freq,1.1600,1.000000,0.865123,0.764453
AMIGO-freq,1.1800,1.000000,0.879656,0.760857
AMIGO-freq,1.2000,1.000000,0.893857,0.757146
AMIGO-freq,1.2200,1.000000,0.907725,0.753325
AMIGO-freq,1.2400,1.000000,0.921254,0.749402
AMIGO-freq,1.2600,1.000000,0.934438,0.745407
AMIGO-freq,1.2800,1.000000,0.947274,0.741338
AMIGO-freq,1.3000,1.000000,0.959764,0.737192
AMIGO-freq,1.3200,1.000000,0.971910,0.732972
AMIGO-freq,1.3400,1.000000,0.983713,0.728683
AMIGO-freq,1.3600,1.000000,0.995172,0.724332
AMIGO-freq,1.3800,1.000000,1.006290,0.719925
AMIGO-freq,1.4000,1.000000,1.017067,0.715467
AMIGO-freq,1.4200,1.000000,1.027504,0.710965
AMIGO-freq,1.4400,1.000000,1.037604,0.706422
AMIGO-freq,1.4600,1.000000,1.047367,0.701845
AMIGO-freq,1.4800,1.000000,1.056795,0.697239
AMIGO-freq,1.5000,1.000000,1.065891,0.692608
AMIGO-freq,1.5200,1.000000,1.074657,0.687958
AMIGO-freq,1.5400,1.000000,1.083094,0.683293
AMIGO-freq,1.5600,1.000000,1.091207,0.678617
AMIGO-freq,1.5800,1.000000,1.098999,0.673932
AMIGO-freq,1.6000,1.000000,1.106473,0.669243
AMIGO-freq,1.6200,1.000000,1.113633,0.664554
AMIGO-freq,1.6400,1.000000,1.120482,0.659870
AMIGO-freq,1.6600,1.000000,1.127023,0.655195
AMIGO-freq,1.6800,1.000000,1.133261,0.650532
AMIGO-freq,1.7000,1.000000,1.139199,0.645885
AMIGO-freq,1.7200,1.000000,1.144842,0.641256
AMIGO-freq,1.7400,1.000000,1.150194,0.636650
AMIGO-freq,1.7600,1.000000,1.155259,0.632070
AMIGO-freq,1.7800,1.000000,1.160041,0.627518
AMIGO-freq,1.8000,1.000000,1.164545,0.622997
AMIGO-freq,1.8200,1.000000,1.168777,0.618510
AMIGO-freq,1.8400,1.000000,1.172740,0.614061
AMIGO-freq,1.8600,1.000000,1.176439,0.609650
AMIGO-freq,1.8800,1.000000,1.179880,0.605282
AMIGO-freq,1.9000,1.000000,1.183066,0.600958
AMIGO-freq,1.9200,1.000000,1.186004,0.596681
AMIGO-freq,1.9400,1.000000,1.188699,0.592452
AMIGO-freq,1.9600,1.000000,1.191154,0.588275
AMIGO-freq,1.9800,1.000000,1.193377,0.584149
AMIGO-freq,2.0000,1.000000,1.195371,0.580079
AMIGO-freq,2.0200,1.000000,1.197142,0.576065
AMIGO-freq,2.0400,1.000000,1.198695,0.572109
AMIGO-freq,2.0600,1.000000,1.200036,0.568213
AMIGO-freq,2.0800,1.000000,1.201170,0.564377
AMIGO-freq,2.1000,1.000000,1.202102,0.560604
AMIGO-freq,2.1200,1.000000,1.202837,0.556894
AMIGO-freq,2.1400,1.000000,1.203382,0.553249
AMIGO-freq,2.1600,1.000000,1.203740,0.549670
AMIGO-freq,2.1800,1.000000,1.203918,0.546157
AMIGO-freq,2.2000,1.000000,1.203921,0.542713
AMIGO-freq,2.2200,1.000000,1.203754,0.539337
AMIGO-freq,2.2400,1.000000,1.203422,0.536030
AMIGO-freq,2.2600,1.000000,1.202931,0.532793
AMIGO-freq,2.2800,1.000000,1.202286,0.529627
AMIGO-freq,2.3000,1.000000,1.201492,0.526532
AMIGO-freq,2.3200,1.000000,1.200554,0.523508
AMIGO-freq,2.3400,1.000000,1.199477,0.520556
AMIGO-freq,2.3600,1.000000,1.198267,0.517676
AMIGO-freq,2.3800,1.000000,1.196928,0.514868
AMIGO-freq,2.4000,1.000000,1.195466,0.512134
AMIGO-freq,2.4200,1.000000,1.193885,0.509471
AMIGO-freq,2.4400,1.000000,1.192190,0.506881
AMIGO-freq,2.4600,1.000000,1.190387,0.504363
AMIGO-freq,2.4800,1.000000,1.188479,0.501919
AMIGO-freq,2.5000,1.000000,1.186472,0.499546
AMIGO-freq,2.5200,1.000000,1.184371,0.497246
AMIGO-freq,2.5400,1.000000,1.182179,0.495017
AMIGO-freq,2.5600,1.000000,1.179902,0.492860
AMIGO-freq,2.5800,1.000000,1.177544,0.490773
AMIGO-freq,2.6000,1.000000,1.175110,0.488758
AMIGO-freq,2.6200,1.000000,1.172603,0.486813
AMIGO-freq,2.6400,1.000000,1.170028,0.484938
AMIGO-freq,2.6600,1.000000,1.167390,0.483132
AMIGO-freq,2.6800,1.000000,1.164691,0.481394
AMIGO-freq,2.7000,1.000000,1.161938,0.479725
AMIGO-freq,2.7200,1.000000,1.159132,0.478123
AMIGO-freq,2.7400,1.000000,1.156279,0.476587
AMIGO-freq,2.7600,1.000000,1.153382,0.475118
AMIGO-freq,2.7800,1.000000,1.150445,0.473714
AMIGO-freq,2.8000,1.000000,1.147471,0.472373
AMIGO-freq,2.8200,1.000000,1.144464,0.471097
AMIGO-freq,2.8400,1.000000,1.141428,0.469883
AMIGO-freq,2.8600,1.000000,1.138366,0.468731
AMIGO-freq,2.8800,1.000000,1.135281,0.467640
AMIGO-freq,2.9000,1.000000,1.132177,0.466608
AMIGO-freq,2.9200,1.000000,1.129056,0.465636
AMIGO-freq,2.9400,1.000000,1.125922,0.464722
AMIGO-freq,2.9600,1.000000,1.122779,0.463865
AMIGO-freq,2.9800,1.000000,1.119628,0.463063
AMIGO-freq,3.0000,1.000000,1.116472,0.462317
AMIGO-freq,3.0200,1.000000,1.113315,0.461624
AMIGO-freq,3.0400,1.000000,1.110159,0.460985
AMIGO-freq,3.0600,1.000000,1.107007,0.460397
AMIGO-freq,3.0800,1.000000,1.103860,0.459861
AMIGO-freq,3.1000,1.000000,1.100723,0.459373
AMIGO-freq,3.1200,1.000000,1.097596,0.458935
AMIGO-freq,3.1400,1.000000,1.094483,0.458543
AMIGO-freq,3.1600,1.000000,1.091385,0.458198
AMIGO-freq,3.1800,1.000000,1.088304,0.457899
AMIGO-freq,3.2000,1.000000,1.085243,0.457643
AMIGO-freq,3.2200,1.000000,1.082204,0.457431
AMIGO-freq,3.2400,1.000000,1.079188,0.457260
AMIGO-freq,3.2600,1.000000,1.076197,0.457130
AMIGO-freq,3.2800,1.000000,1.073233,0.457040
AMIGO-freq,3.3000,1.000000,1.070298,0.456988
AMIGO-freq,3.3200,1.000000,1.067393,0.456974
AMIGO-freq,3.3400,1.000000,1.064520,0.456996
AMIGO-freq,3.3600,1.000000,1.061679,0.457052
AMIGO-freq,3.3800,1.000000,1.058873,0.457144
AMIGO-freq,3.4000,1.000000,1.056103,0.457268
AMIGO-freq,3.4200,1.000000,1.053370,0.457424
AMIGO-freq,3.4400,1.000000,1.050676,0.457610
AMIGO-freq,3.4600,1.000000,1.048020,0.457827
AMIGO-freq,3.4800,1.000000,1.045405,0.458071
AMIGO-freq,3.5000,1.000000,1.042831,0.458344
AMIGO-freq,3.5200,1.000000,1.040299,0.458643
AMIGO-freq,3.5400,1.000000,1.037810,0.458967
AMIGO-freq,3.5600,1.000000,1.035364,0.459315
AMIGO-freq,3.5800,1.000000,1.032963,0.459687
AMIGO-freq,3.6000,1.000000,1.030608,0.460082
AMIGO-freq,3.6200,1.000000,1.028298,0.460497
AMIGO-freq,3.6400,1.000000,1.026034,0.460933
AMIGO-freq,3.6600,1.000000,1.023817,0.461388
AMIGO-freq,3.6800,1.000000,1.021647,0.461862
AMIGO-freq,3.7000,1.000000,1.019525,0.462353
AMIGO-freq,3.7200,1.000000,1.017451,0.462861
AMIGO-freq,3.7400,1.000000,1.015424,0.463384
AMIGO-freq,3.7600,1.000000,1.013447,0.463922
AMIGO-freq,3.7800,1.000000,1.011517,0.464474
AMIGO-freq,3.8000,1.000000,1.009637,0.465038
AMIGO-freq,3.8200,1.000000,1.007805,0.465615
AMIGO-freq,3.8400,1.000000,1.006022,0.466203
AMIGO-freq,3.8600,1.000000,1.004288,0.466801
AMIGO-freq,3.8800,1.000000,1.002603,0.467409
AMIGO-freq,3.9000,1.000000,1.000967,0.468026
AMIGO-freq,3.9200,1.000000,0.999379,0.468650
AMIGO-freq,3.9400,1.000000,0.997840,0.469282
AMIGO-freq,3.9600,1.000000,0.996349,0.469920
AMIGO-freq,3.9800,1.000000,0.994906,0.470564
AMIGO-freq,4.0000,1.000000,0.993511,0.471213
AMIGO-freq,4.0200,1.000000,0.992164,0.471867
AMIGO-freq,4.0400,1.000000,0.990864,0.472524
AMIGO-freq,4.0600,1.000000,0.989611,0.473184
AMIGO-freq,4.0800,1.000000,0.988404,0.473847
AMIGO-freq,4.1000,1.000000,0.987243,0.474511
AMIGO-freq,4.1200,1.000000,0.986129,0.475176
AMIGO-freq,4.1400,1.000000,0.985059,0.475842
AMIGO-freq,4.1600,1.000000,0.984034,0.476509
AMIGO-freq,4.1800,1.000000,0.983054,0.477174
AMIGO-freq,4.2000,1.000000,0.982117,0.477838
AMIGO-freq,4.2200,1.000000,0.981223,0.478501
AMIGO-freq,4.2400,1.000000,0.980372,0.479161
AMIGO-freq,4.2600,1.000000,0.979563,0.479820
AMIGO-freq,4.2800,1.000000,0.978796,0.480474
AMIGO-freq,4.3000,1.000000,0.978069,0.481126
AMIGO-freq,4.3200,1.000000,0.977383,0.481773
AMIGO-freq,4.3400,1.000000,0.976736,0.482416
AMIGO-freq,4.3600,1.000000,0.976129,0.483054
AMIGO-freq,4.3800,1.000000,0.975559,0.483687
AMIGO-freq,4.4000,1.000000,0.975027,0.484315
AMIGO-freq,4.4200,1.000000,0.974532,0.484936
AMIGO-freq,4.4400,1.000000,0.974073,0.485552
AMIGO-freq,4.4600,1.000000,0.973649,0.486161
AMIGO-freq,4.4800,1.000000,0.973261,0.486762
AMIGO-freq,4.5000,1.000000,0.972906,0.487357
AMIGO-freq,4.5200,1.000000,0.972584,0.487944
AMIGO-freq,4.5400,1.000000,0.972296,0.488524
AMIGO-freq,4.5600,1.000000,0.972038,0.489095
AMIGO-freq,4.5800,1.000000,0.971812,0.489659
AMIGO-freq,4.6000,1.000000,0.971617,0.490214
AMIGO-freq,4.6200,1.000000,0.971451,0.490760
AMIGO-freq,4.6400,1.000000,0.971313,0.491298
AMIGO-freq,4.6600,1.000000,0.971204,0.491826
AMIGO-freq,4.6800,1.000000,0.971122,0.492346
AMIGO-freq,4.7000,1.000000,0.971066,0.492856
AMIGO-freq,4.7200,1.000000,0.971036,0.493356
AMIGO-freq,4.7400,1.000000,0.971032,0.493847
AMIGO-freq,4.7600,1.000000,0.971051,0.494329
AMIGO-freq,4.7800,1.000000,0.971094,0.494800
AMIGO-freq,4.8000,1.000000,0.971160,0.495262
AMIGO-freq,4.8200,1.000000,0.971248,0.495713
AMIGO-freq,4.8400,1.000000,0.971357,0.496155
AMIGO-freq,4.8600,1.000000,0.971487,0.496586
AMIGO-freq,4.8800,1.000000,0.971636,0.497007
AMIGO-freq,4.9000,1.000000,0.971805,0.497418
AMIGO-freq,4.9200,1.000000,0.971992,0.497819
AMIGO-freq,4.9400,1.000000,0.972197,0.498209
AMIGO-freq,4.9600,1.000000,0.972418,0.498589
AMIGO-freq,4.9800,1.000000,0.972656,0.498959
AMIGO-freq,5.0000,1.000000,0.972910,0.499318
AMIGO-freq,5.0200,1.000000,0.973178,0.499667
AMIGO-freq,5.0400,1.000000,0.973461,0.500006
AMIGO-freq,5.0600,1.000000,0.973757,0.500335
AMIGO-freq,5.0800,1.000000,0.974066,0.500653
AMIGO-freq,5.1000,1.000000,0.974388,0.500961
AMIGO-freq,5.1200,1.000000,0.974721,0.501259
AMIGO-freq,5.1400,1.000000,0.975065,0.501547
AMIGO-freq,5.1600,1.000000,0.975419,0.501825
AMIGO-freq,5.1800,1.000000,0.975783,0.502094
AMIGO-freq,5.2000,1.000000,0.976156,0.502352
AMIGO-freq,5.2200,1.000000,0.976538,0.502600
AMIGO-freq,5.2400,1.000000,0.976928,0.502839
AMIGO-freq,5.2600,1.000000,0.977325,0.503068
AMIGO-freq,5.2800,1.000000,0.977729,0.503288
AMIGO-freq,5.3000,1.000000,0.978140,0.503498
AMIGO-freq,5.3200,1.000000,0.978556,0.503700
AMIGO-freq,5.3400,1.000000,0.978978,0.503891
AMIGO-freq,5.3600,1.000000,0.979404,0.504074
AMIGO-freq,5.3800,1.000000,0.979834,0.504248
AMIGO-freq,5.4000,1.000000,0.980269,0.504414
AMIGO-freq,5.4200,1.000000,0.980706,0.504570
AMIGO-freq,5.4400,1.000000,0.981147,0.504718
AMIGO-freq,5.4600,1.000000,0.981590,0.504858
AMIGO-freq,5.4800,1.000000,0.982035,0.504989
AMIGO-freq,5.5000,1.000000,0.982481,0.505112
AMIGO-freq,5.5200,1.000000,0.982928,0.505227
AMIGO-freq,5.5400,1.000000,0.983377,0.505335
AMIGO-freq,5.5600,1.000000,0.983825,0.505434
AMIGO-freq,5.5800,1.000000,0.984273,0.505527
AMIGO-freq,5.6000,1.000000,0.984721,0.505611
AMIGO-freq,5.6200,1.000000,0.985168,0.505689
AMIGO-freq,5.6400,1.000000,0.985614,0.505759
AMIGO-freq,5.6600,1.000000,0.986059,0.505823
AMIGO-freq,5.6800,1.000000,0.986501,0.505880
AMIGO-freq,5.7000,1.000000,0.986942,0.505930
AMIGO-freq,5.7200,1.000000,0.987380,0.505973
AMIGO-freq,5.7400,1.000000,0.987815,0.506011
AMIGO-freq,5.7600,1.000000,0.988247,0.506042
AMIGO-freq,5.7800,1.000000,0.988677,0.506067
AMIGO-freq,5.8000,1.000000,0.989102,0.506087
AMIGO-freq,5.8200,1.000000,0.989524,0.506101
AMIGO-freq,5.8400,1.000000,0.989941,0.506109
AMIGO-freq,5.8600,1.000000,0.990355,0.506112
AMIGO-freq,5.8800,1.000000,0.990764,0.506110
AMIGO-freq,5.9000,1.000000,0.991168,0.506102
AMIGO-freq,5.9200,1.000000,0.991567,0.506090
AMIGO-freq,5.9400,1.000000,0.991962,0.506073
AMIGO-freq,5.9600,1.000000,0.992351,0.506052
AMIGO-freq,5.9800,1.000000,0.992735,0.506026
AMIGO-freq,6.0000,1.000000,0.993113,0.505996
AMIGO-freq,6.0200,1.000000,0.993485,0.505962
AMIGO-freq,6.0400,1.000000,0.993852,0.505924
AMIGO-freq,6.0600,1.000000,0.994213,0.505882
AMIGO-freq,6.0800,1.000000,0.994568,0.505837
AMIGO-freq,6.1000,1.000000,0.994916,0.505788
AMIGO-freq,6.1200,1.000000,0.995258,0.505736
AMIGO-freq,6.1400,1.000000,0.995594,0.505680
AMIGO-freq,6.1600,1.000000,0.995923,0.505622
AMIGO-freq,6.1800,1.000000,0.996246,0.505560
AMIGO-freq,6.2000,1.000000,0.996562,0.505496
AMIGO-freq,6.2200,1.000000,0.996871,0.505429
AMIGO-freq,6.2400,1.000000,0.997174,0.505360
AMIGO-freq,6.2600,1.000000,0.997470,0.505288
AMIGO-freq,6.2800,1.000000,0.997759,0.505214
AMIGO-freq,6.3000,1.000000,0.998041,0.505138
AMIGO-freq,6.3200,1.000000,0.998316,0.505060
AMIGO-freq,6.3400,1.000000,0.998585,0.504980
AMIGO-freq,6.3600,1.000000,0.998846,0.504899
AMIGO-freq,6.3800,1.000000,0.999100,0.504816
AMIGO-freq,6.4000,1.000000,0.999348,0.504731
AMIGO-freq,6.4200,1.000000,0.999589,0.504645
AMIGO-freq,6.4400,1.000000,0.999822,0.504557
AMIGO-freq,6.4600,1.000000,1.000049,0.504469
AMIGO-freq,6.4800,1.000000,1.000269,0.504379
AMIGO-freq,6.5000,1.000000,1.000482,0.504288
AMIGO-freq,6.5200,1.000000,1.000688,0.504197
AMIGO-freq,6.5400,1.000000,1.000887,0.504105
AMIGO-freq,6.5600,1.000000,1.001080,0.504012
AMIGO-freq,6.5800,1.000000,1.001266,0.503919
AMIGO-freq,6.6000,1.000000,1.001445,0.503826
AMIGO-freq,6.6200,1.000000,1.001617,0.503732
AMIGO-freq,6.6400,1.000000,1.001783,0.503637
AMIGO-freq,6.6600,1.000000,1.001943,0.503543
AMIGO-freq,6.6800,1.000000,1.002096,0.503448
AMIGO-freq,6.7000,1.000000,1.002243,0.503353
AMIGO-freq,6.7200,1.000000,1.002383,0.503259
AMIGO-freq,6.7400,1.000000,1.002517,0.503165
AMIGO-freq,6.7600,1.000000,1.002645,0.503070
AMIGO-freq,6.7800,1.000000,1.002767,0.502977
AMIGO-freq,6.8000,1.000000,1.002883,0.502883
AMIGO-freq,6.8200,1.000000,1.002993,0.502790
AMIGO-freq,6.8400,1.000000,1.003097,0.502697
AMIGO-freq,6.8600,1.000000,1.003196,0.502605
AMIGO-freq,6.8800,1.000000,1.003289,0.502514
AMIGO-freq,6.9000,1.000000,1.003376,0.502423
AMIGO-freq,6.9200,1.000000,1.003458,0.502333
AMIGO-freq,6.9400,1.000000,1.003534,0.502243
AMIGO-freq,6.9600,1.000000,1.003606,0.502155
AMIGO-freq,6.9800,1.000000,1.003672,0.502068
AMIGO-freq,7.0000,1.000000,1.003733,0.501981
AMIGO-freq,7.0200,1.000000,1.003789,0.501895
AMIGO-freq,7.0400,1.000000,1.003840,0.501811
AMIGO-freq,7.0600,1.000000,1.003887,0.501727
AMIGO-freq,7.0800,1.000000,1.003928,0.501644
AMIGO-freq,7.1000,1.000000,1.003966,0.501563
AMIGO-freq,7.1200,1.000000,1.003999,0.501483
AMIGO-freq,7.1400,1.000000,1.004027,0.501404
AMIGO-freq,7.1600,1.000000,1.004051,0.501326
AMIGO-freq,7.1800,1.000000,1.004072,0.501250
AMIGO-freq,7.2000,1.000000,1.004088,0.501174
AMIGO-freq,7.2200,1.000000,1.004100,0.501100
AMIGO-freq,7.2400,1.000000,1.004109,0.501028
AMIGO-freq,7.2600,1.000000,1.004114,0.500956
AMIGO-freq,7.2800,1.000000,1.004115,0.500886
AMIGO-freq,7.3000,1.000000,1.004113,0.500818
AMIGO-freq,7.3200,1.000000,1.004107,0.500750
AMIGO-freq,7.3400,1.000000,1.004098,0.500685
AMIGO-freq,7.3600,1.000000,1.004086,0.500620
AMIGO-freq,7.3800,1.000000,1.004072,0.500557
AMIGO-freq,7.4000,1.000000,1.004054,0.500496
AMIGO-freq,7.4200,1.000000,1.004033,0.500436
AMIGO-freq,7.4400,1.000000,1.004009,0.500377
AMIGO-freq,7.4600,1.000000,1.003983,0.500320
AMIGO-freq,7.4800,1.000000,1.003955,0.500264
AMIGO-freq,7.5000,1.000000,1.003924,0.500210
AMIGO-freq,7.5200,1.000000,1.003890,0.500157
AMIGO-freq,7.5400,1.000000,1.003855,0.500106
AMIGO-freq,7.5600,1.000000,1.003817,0.500056
AMIGO-freq,7.5800,1.000000,1.003777,0.500007
AMIGO-freq,7.6000,1.000000,1.003735,0.499961
AMIGO-freq,7.6200,1.000000,1.003692,0.499915
AMIGO-freq,7.6400,1.000000,1.003646,0.499871
AMIGO-freq,7.6600,1.000000,1.003599,0.499828
AMIGO-freq,7.6800,1.000000,1.003551,0.499787
AMIGO-freq,7.7000,1.000000,1.003501,0.499748
AMIGO-freq,7.7200,1.000000,1.003449,0.499709
AMIGO-freq,7.7400,1.000000,1.003396,0.499672
AMIGO-freq,7.7600,1.000000,1.003342,0.499637
AMIGO-freq,7.7800,1.000000,1.003287,0.499603
AMIGO-freq,7.8000,1.000000,1.003231,0.499570
AMIGO-freq,7.8200,1.000000,1.003174,0.499538
AMIGO-freq,7.8400,1.000000,1.003116,0.499508
AMIGO-freq,7.8600,1.000000,1.003057,0.499479
AMIGO-freq,7.8800,1.000000,1.002997,0.499452
AMIGO-freq,7.9000,1.000000,1.002936,0.499426
AMIGO-freq,7.9200,1.000000,1.002875,0.499401
AMIGO-freq,7.9400,1.000000,1.002814,0.499377
AMIGO-freq,7.9600,1.000000,1.002752,0.499355
AMIGO-freq,7.9800,1.000000,1.002689,0.499333
AMIGO-freq,8.0000,1.000000,1.002626,0.499313
AMIGO-freq,8.0200,1.000000,1.002563,0.499295
AMIGO-freq,8.0400,1.000000,1.002500,0.499277
AMIGO-freq,8.0600,1.000000,1.002436,0.499260
AMIGO-freq,8.0800,1.000000,1.002373,0.499245
AMIGO-freq,8.1000,1.000000,1.002309,0.499230
AMIGO-freq,8.1200,1.000000,1.002245,0.499217
AMIGO-freq,8.1400,1.000000,1.002182,0.499205
AMIGO-freq,8.1600,1.000000,1.002118,0.499194
AMIGO-freq,8.1800,1.000000,1.002055,0.499184
AMIGO-freq,8.2000,1.000000,1.001991,0.499174
AMIGO-freq,8.2200,1.000000,1.001929,0.499166
AMIGO-freq,8.2400,1.000000,1.001866,0.499159
AMIGO-freq,8.2600,1.000000,1.001804,0.499153
AMIGO-freq,8.2800,1.000000,1.001742,0.499147
AMIGO-freq,8.3000,1.000000,1.001680,0.499142
AMIGO-freq,8.3200,1.000000,1.001619,0.499139
AMIGO-freq,8.3400,1.000000,1.001559,0.499136
AMIGO-freq,8.3600,1.000000,1.001499,0.499134
AMIGO-freq,8.3800,1.000000,1.001439,0.499132
AMIGO-freq,8.4000,1.000000,1.001380,0.499132
AMIGO-freq,8.4200,1.000000,1.001322,0.499132
AMIGO-freq,8.4400,1.000000,1.001265,0.499133
AMIGO-freq,8.4600,1.000000,1.001208,0.499134
AMIGO-freq,8.4800,1.000000,1.001152,0.499137
AMIGO-freq,8.5000,1.000000,1.001096,0.499140
AMIGO-freq,8.5200,1.000000,1.001042,0.499143
AMIGO-freq,8.5400,1.000000,1.000988,0.499147
AMIGO-freq,8.5600,1.000000,1.000935,0.499152
AMIGO-freq,8.5800,1.000000,1.000882,0.499157
AMIGO-freq,8.6000,1.000000,1.000831,0.499163
AMIGO-freq,8.6200,1.000000,1.000781,0.499170
AMIGO-freq,8.6400,1.000000,1.000731,0.499177
AMIGO-freq,8.6600,1.000000,1.000682,0.499184
AMIGO-freq,8.6800,1.000000,1.000634,0.499192
AMIGO-freq,8.7000,1.000000,1.000587,0.499200
AMIGO-freq,8.7200,1.000000,1.000541,0.499209
AMIGO-freq,8.7400,1.000000,1.000496,0.499218
AMIGO-freq,8.7600,1.000000,1.000452,0.499227
AMIGO-freq,8.7800,1.000000,1.000409,0.499237
AMIGO-freq,8.8000,1.000000,1.000367,0.499247
AMIGO-freq,8.8200,1.000000,1.000326,0.499257
AMIGO-freq,8.8400,1.000000,1.000285,0.499268
AMIGO-freq,8.8600,1.000000,1.000246,0.499279
AMIGO-freq,8.8800,1.000000,1.000208,0.499290
AMIGO-freq,8.9000,1.000000,1.000170,0.499302
AMIGO-freq,8.9200,1.000000,1.000134,0.499314
AMIGO-freq,8.9400,1.000000,1.000099,0.499326
AMIGO-freq,8.9600,1.000000,1.000064,0.499338
AMIGO-freq,8.9800,1.000000,1.000031,0.499350
AMIGO-freq,9.0000,1.000000,0.999999,0.499363
AMIGO-freq,9.0200,1.000000,0.999967,0.499375
AMIGO-freq,9.0400,1.000000,0.999937,0.499388
AMIGO-freq,9.0600,1.000000,0.999907,0.499401
AMIGO-freq,9.0800,1.000000,0.999879,0.499414
AMIGO-freq,9.1000,1.000000,0.999851,0.499428
AMIGO-freq,9.1200,1.000000,0.999825,0.499441
AMIGO-freq,9.1400,1.000000,0.999799,0.499454
AMIGO-freq,9.1600,1.000000,0.999774,0.499467
AMIGO-freq,9.1800,1.000000,0.999751,0.499481
AMIGO-freq,9.2000,1.000000,0.999728,0.499494
AMIGO-freq,9.2200,1.000000,0.999706,0.499508
AMIGO-freq,9.2400,1.000000,0.999685,0.499521
AMIGO-freq,9.2600,1.000000,0.999665,0.499535
AMIGO-freq,9.2800,1.000000,0.999646,0.499548
AMIGO-freq,9.3000,1.000000,0.999627,0.499561
AMIGO-freq,9.3200,1.000000,0.999610,0.499575
AMIGO-freq,9.3400,1.000000,0.999593,0.499588
AMIGO-freq,9.3600,1.000000,0.999577,0.499601
AMIGO-freq,9.3800,1.000000,0.999563,0.499614
AMIGO-freq,9.4000,1.000000,0.999548,0.499628
AMIGO-freq,9.4200,1.000000,0.999535,0.499640
AMIGO-freq,9.4400,1.000000,0.999523,0.499653
AMIGO-freq,9.4600,1.000000,0.999511,0.499666
AMIGO-freq,9.4800,1.000000,0.999500,0.499679
AMIGO-freq,9.5000,1.000000,0.999489,0.499692
AMIGO-freq,9.5200,1.000000,0.999480,0.499704
AMIGO-freq,9.5400,1.000000,0.999471,0.499716
AMIGO-freq,9.5600,1.000000,0.999463,0.499729
AMIGO-freq,9.5800,1.000000,0.999456,0.499741
AMIGO-freq,9.6000,1.000000,0.999449,0.499753
AMIGO-freq,9.6200,1.000000,0.999443,0.499764
AMIGO-freq,9.6400,1.000000,0.999437,0.499776
AMIGO-freq,9.6600,1.000000,0.999433,0.499787
AMIGO-freq,9.6800,1.000000,0.999429,0.499799
AMIGO-freq,9.7000,1.000000,0.999425,0.499810
AMIGO-freq,9.7200,1.000000,0.999422,0.499821
AMIGO-freq,9.7400,1.000000,0.999420,0.499831
AMIGO-freq,9.7600,1.000000,0.999418,0.499842
AMIGO-freq,9.7800,1.000000,0.999416,0.499852
AMIGO-freq,9.8000,1.000000,0.999416,0.499862
AMIGO-freq,9.8200,1.000000,0.999415,0.499872
AMIGO-freq,9.8400,1.000000,0.999416,0.499882
AMIGO-freq,9.8600,1.000000,0.999416,0.499892
AMIGO-freq,9.8800,1.000000,0.999417,0.499901
AMIGO-freq,9.9000,1.000000,0.999419,0.499910
AMIGO-freq,9.9200,1.000000,0.999421,0.499919
AMIGO-freq,9.9400,1.000000,0.999424,0.499928
AMIGO-freq,9.9600,1.000000,0.999426,0.499937
AMIGO-freq,9.9800,1.000000,0.999430,0.499945
AMIGO-freq,10.0000,1.000000,0.999433,0.499953
AMIGO-freq,10.0200,1.000000,0.999437,0.499961
AMIGO-freq,10.0400,1.000000,0.999442,0.499969
AMIGO-freq,10.0600,1.000000,0.999446,0.499976
AMIGO-freq,10.0800,1.000000,0.999451,0.499984
AMIGO-freq,10.1000,1.000000,0.999457,0.499991
AMIGO-freq,10.1200,1.000000,0.999462,0.499998
AMIGO-freq,10.1400,1.000000,0.999468,0.500005
AMIGO-freq,10.1600,1.000000,0.999474,0.500011
AMIGO-freq,10.1800,1.000000,0.999481,0.500017
AMIGO-freq,10.2000,1.000000,0.999487,0.500023
AMIGO-freq,10.2200,1.000000,0.999494,0.500029
AMIGO-freq,10.2400,1.000000,0.999501,0.500035
AMIGO-freq,10.2600,1.000000,0.999509,0.500040
AMIGO-freq,10.2800,1.000000,0.999516,0.500046
AMIGO-freq,10.3000,1.000000,0.999524,0.500051
AMIGO-freq,10.3200,1.000000,0.999532,0.500056
AMIGO-freq,10.3400,1.000000,0.999540,0.500060
AMIGO-freq,10.3600,1.000000,0.999548,0.500065
AMIGO-freq,10.3800,1.000000,0.999556,0.500069
AMIGO-freq,10.4000,1.000000,0.999564,0.500073
AMIGO-freq,10.4200,1.000000,0.999573,0.500077
AMIGO-freq,10.4400,1.000000,0.999581,0.500081
AMIGO-freq,10.4600,1.000000,0.999590,0.500085
AMIGO-freq,10.4800,1.000000,0.999599,0.500088
AMIGO-freq,10.5000,1.000000,0.999608,0.500091
AMIGO-freq,10.5200,1.000000,0.999616,0.500094
AMIGO-freq,10.5400,1.000000,0.999625,0.500097
AMIGO-freq,10.5600,1.000000,0.999634,0.500100
AMIGO-freq,10.5800,1.000000,0.999643,0.500102
AMIGO-freq,10.6000,1.000000,0.999652,0.500105
AMIGO-freq,10.6200,1.000000,0.999661,0.500107
AMIGO-freq,10.6400,1.000000,0.999670,0.500109
AMIGO-freq,10.6600,1.000000,0.999680,0.500111
AMIGO-freq,10.6800,1.000000,0.999689,0.500113
AMIGO-freq,10.7000,1.000000,0.999698,0.500114
AMIGO-freq,10.7200,1.000000,0.999707,0.500116
AMIGO-freq,10.7400,1.000000,0.999716,0.500117
AMIGO-freq,10.7600,1.000000,0.999725,0.500118
AMIGO-freq,10.7800,1.000000,0.999733,0.500119
AMIGO-freq,10.8000,1.000000,0.999742,0.500120
AMIGO-freq,10.8200,1.000000,0.999751,0.500121
AMIGO-freq,10.8400,1.000000,0.999760,0.500122
AMIGO-freq,10.8600,1.000000,0.999769,0.500122
AMIGO-freq,10.8800,1.000000,0.999777,0.500123
AMIGO-freq,10.9000,1.000000,0.999786,0.500123
AMIGO-freq,10.9200,1.000000,0.999794,0.500123
AMIGO-freq,10.9400,1.000000,0.999803,0.500123
AMIGO-freq,10.9600,1.000000,0.999811,0.500124
AMIGO-freq,10.9800,1.000000,0.999819,0.500123
AMIGO-freq,11.0000,1.000000,0.999827,0.500123
AMIGO-freq,11.0200,1.000000,0.999835,0.500123
AMIGO-freq,11.0400,1.000000,0.999843,0.500122
AMIGO-freq,11.0600,1.000000,0.999851,0.500122
AMIGO-freq,11.0800,1.000000,0.999858,0.500121
AMIGO-freq,11.1000,1.000000,0.999866,0.500121
AMIGO-freq,11.1200,1.000000,0.999873,0.500120
AMIGO-freq,11.1400,1.000000,0.999881,0.500119
AMIGO-freq,11.1600,1.000000,0.999888,0.500118
AMIGO-freq,11.1800,1.000000,0.999895,0.500117
AMIGO-freq,11.2000,1.000000,0.999902,0.500116
AMIGO-freq,11.2200,1.000000,0.999909,0.500115
AMIGO-freq,11.2400,1.000000,0.999916,0.500114
AMIGO-freq,11.2600,1.000000,0.999922,0.500113
AMIGO-freq,11.2800,1.000000,0.999928,0.500111
AMIGO-freq,11.3000,1.000000,0.999935,0.500110
AMIGO-freq,11.3200,1.000000,0.999941,0.500109
AMIGO-freq,11.3400,1.000000,0.999947,0.500107
AMIGO-freq,11.3600,1.000000,0.999953,0.500106
AMIGO-freq,11.3800,1.000000,0.999959,0.500104
AMIGO-freq,11.4000,1.000000,0.999964,0.500103
AMIGO-freq,11.4200,1.000000,0.999970,0.500101
AMIGO-freq,11.4400,1.000000,0.999975,0.500099
AMIGO-freq,11.4600,1.000000,0.999980,0.500098
AMIGO-freq,11.4800,1.000000,0.999985,0.500096
AMIGO-freq,11.5000,1.000000,0.999990,0.500094
AMIGO-freq,11.5200,1.000000,0.999995,0.500093
AMIGO-freq,11.5400,1.000000,0.999999,0.500091
AMIGO-freq,11.5600,1.000000,1.000004,0.500089
AMIGO-freq,11.5800,1.000000,1.000008,0.500087
AMIGO-freq,11.6000,1.000000,1.000013,0.500085
AMIGO-freq,11.6200,1.000000,1.000017,0.500083
AMIGO-freq,11.6400,1.000000,1.000021,0.500081
AMIGO-freq,11.6600,1.000000,1.000024,0.500080
AMIGO-freq,11.6800,1.000000,1.000028,0.500078
AMIGO-freq,11.7000,1.000000,1.000031,0.500076
AMIGO-freq,11.7200,1.000000,1.000035,0.500074
AMIGO-freq,11.7400,1.000000,1.000038,0.500072
AMIGO-freq,11.7600,1.000000,1.000041,0.500070
AMIGO-freq,11.7800,1.000000,1.000044,0.500068
AMIGO-freq,11.8000,1.000000,1.000047,0.500066
AMIGO-freq,11.8200,1.000000,1.000050,0.500064
AMIGO-freq,11.8400,1.000000,1.000052,0.500062
AMIGO-freq,11.8600,1.000000,1.000055,0.500061
AMIGO-freq,11.8800,1.000000,1.000057,0.500059
AMIGO-freq,11.9000,1.000000,1.000060,0.500057
AMIGO-freq,11.9200,1.000000,1.000062,0.500055
AMIGO-freq,11.9400,1.000000,1.000064,0.500053
AMIGO-freq,11.9600,1.000000,1.000066,0.500051
AMIGO-freq,11.9800,1.000000,1.000068,0.500049
AMIGO-freq,12.0000,1.000000,1.000069,0.500048
AMIGO-freq,12.0200,1.000000,1.000071,0.500046
AMIGO-freq,12.0400,1.000000,1.000072,0.500044
AMIGO-freq,12.0600,1.000000,1.000074,0.500042
AMIGO-freq,12.0800,1.000000,1.000075,0.500040
AMIGO-freq,12.1000,1.000000,1.000076,0.500039
AMIGO-freq,12.1200,1.000000,1.000077,0.500037
AMIGO-freq,12.1400,1.000000,1.000078,0.500035
AMIGO-freq,12.1600,1.000000,1.000079,0.500034
AMIGO-freq,12.1800,1.000000,1.000080,0.500032
AMIGO-freq,12.2000,1.000000,1.000080,0.500030
AMIGO-freq,12.2200,1.000000,1.000081,0.500029
AMIGO-freq,12.2400,1.000000,1.000082,0.500027
AMIGO-freq,12.2600,1.000000,1.000082,0.500026
AMIGO-freq,12.2800,1.000000,1.000082,0.500024
AMIGO-freq,12.3000,1.000000,1.000083,0.500023
AMIGO-freq,12.3200,1.000000,1.000083,0.500021
AMIGO-freq,12.3400,1.000000,1.000083,0.500020
AMIGO-freq,12.3600,1.000000,1.000083,0.500018
AMIGO-freq,12.3800,1.000000,1.000083,0.500017
AMIGO-freq,12.4000,1.000000,1.000083,0.500016
AMIGO-freq,12.4200,1.000000,1.000083,0.500014
AMIGO-freq,12.4400,1.000000,1.000082,0.500013
AMIGO-freq,12.4600,1.000000,1.000082,0.500012
AMIGO-freq,12.4800,1.000000,1.000082,0.500010
AMIGO-freq,12.5000,1.000000,1.000081,0.500009
AMIGO-freq,12.5200,1.000000,1.000081,0.500008
AMIGO-freq,12.5400,1.000000,1.000080,0.500007
AMIGO-freq,12.5600,1.000000,1.000080,0.500006
AMIGO-freq,12.5800,1.000000,1.000079,0.500004
AMIGO-freq,12.6000,1.000000,1.000079,0.500003
AMIGO-freq,12.6200,1.000000,1.000078,0.500003
AMIGO-freq,12.6400,1.000000,1.000077,0.500001
AMIGO-freq,12.6600,1.000000,1.000076,0.500001
AMIGO-freq,12.6800,1.000000,1.000076,0.500000
AMIGO-freq,12.7000,1.000000,1.000075,0.499999
AMIGO-freq,12.7200,1.000000,1.000074,0.499998
AMIGO-freq,12.7400,1.000000,1.000073,0.499997
AMIGO-freq,12.7600,1.000000,1.000072,0.499996
AMIGO-freq,12.7800,1.000000,1.000071,0.499995
AMIGO-freq,12.8000,1.000000,1.000070,0.499994
AMIGO-freq,12.8200,1.000000,1.000069,0.499994
AMIGO-freq,12.8400,1.000000,1.000068,0.499993
AMIGO-freq,12.8600,1.000000,1.000067,0.499992
AMIGO-freq,12.8800,1.000000,1.000066,0.499991
AMIGO-freq,12.9000,1.000000,1.000064,0.499991
AMIGO-freq,12.9200,1.000000,1.000063,0.499990
AMIGO-freq,12.9400,1.000000,1.000062,0.499990
AMIGO-freq,12.9600,1.000000,1.000061,0.499989
AMIGO-freq,12.9800,1.000000,1.000060,0.499989
AMIGO-freq,13.0000,1.000000,1.000058,0.499988
AMIGO-freq,13.0200,1.000000,1.000057,0.499988
AMIGO-freq,13.0400,1.000000,1.000056,0.499987
AMIGO-freq,13.0600,1.000000,1.000055,0.499987
AMIGO-freq,13.0800,1.000000,1.000053,0.499986
AMIGO-freq,13.1000,1.000000,1.000052,0.499986
AMIGO-freq,13.1200,1.000000,1.000051,0.499986
AMIGO-freq,13.1400,1.000000,1.000050,0.499985
AMIGO-freq,13.1600,1.000000,1.000048,0.499985
AMIGO-freq,13.1800,1.000000,1.000047,0.499985
AMIGO-freq,13.2000,1.000000,1.000046,0.499984
AMIGO-freq,13.2200,1.000000,1.000044,0.499984
AMIGO-freq,13.2400,1.000000,1.000043,0.499984
AMIGO-freq,13.2600,1.000000,1.000042,0.499984
AMIGO-freq,13.2800,1.000000,1.000041,0.499983
AMIGO-freq,13.3000,1.000000,1.000039,0.499983
AMIGO-freq,13.3200,1.000000,1.000038,0.499983
AMIGO-freq,13.3400,1.000000,1.000037,0.499983
AMIGO-freq,13.3600,1.000000,1.000036,0.499983
AMIGO-freq,13.3800,1.000000,1.000034,0.499983
AMIGO-freq,13.4000,1.000000,1.000033,0.499983
AMIGO-freq,13.4200,1.000000,1.000032,0.499983
AMIGO-freq,13.4400,1.000000,1.000031,0.499983
AMIGO-freq,13.4600,1.000000,1.000029,0.499982
AMIGO-freq,13.4800,1.000000,1.000028,0.499982
AMIGO-freq,13.5000,1.000000,1.000027,0.499983
AMIGO-freq,13.5200,1.000000,1.000026,0.499983
AMIGO-freq,13.5400,1.000000,1.000025,0.499982
AMIGO-freq,13.5600,1.000000,1.000024,0.499983
AMIGO-freq,13.5800,1.000000,1.000023,0.499982
AMIGO-freq,13.6000,1.000000,1.000021,0.499983
AMIGO-freq,13.6200,1.000000,1.000020,0.499983
AMIGO-freq,13.6400,1.000000,1.000019,0.499983
AMIGO-freq,13.6600,1.000000,1.000018,0.499983
AMIGO-freq,13.6800,1.000000,1.000017,0.499983
AMIGO-freq,13.7000,1.000000,1.000016,0.499983
AMIGO-freq,13.7200,1.000000,1.000015,0.499983
AMIGO-freq,13.7400,1.000000,1.000014,0.499983
AMIGO-freq,13.7600,1.000000,1.000013,0.499984
AMIGO-freq,13.7800,1.000000,1.000012,0.499984
AMIGO-freq,13.8000,1.000000,1.000011,0.499984
AMIGO-freq,13.8200,1.000000,1.000010,0.499984
AMIGO-freq,13.8400,1.000000,1.000009,0.499984
AMIGO-freq,13.8600,1.000000,1.000009,0.499984
AMIGO-freq,13.8800,1.000000,1.000008,0.499985
AMIGO-freq,13.9000,1.000000,1.000007,0.499985
AMIGO-freq,13.9200,1.000000,1.000006,0.499985
AMIGO-freq,13.9400,1.000000,1.000005,0.499986
AMIGO-freq,13.9600,1.000000,1.000004,0.499986
AMIGO-freq,13.9800,1.000000,1.000004,0.499986
AMIGO-freq,14.0000,1.000000,1.000003,0.499986
AMIGO-freq,14.0200,1.000000,1.000002,0.499986
AMIGO-freq,14.0400,1.000000,1.000002,0.499987
AMIGO-freq,14.0600,1.000000,1.000001,0.499987
AMIGO-freq,14.0800,1.000000,1.000000,0.499987
AMIGO-freq,14.1000,1.000000,1.000000,0.499987
AMIGO-freq,14.1200,1.000000,0.999999,0.499988
AMIGO-freq,14.1400,1.000000,0.999998,0.499988
AMIGO-freq,14.1600,1.000000,0.999998,0.499988
AMIGO-freq,14.1800,1.000000,0.999997,0.499988
AMIGO-freq,14.2000,1.000000,0.999997,0.499989
AMIGO-freq,14.2200,1.000000,0.999996,0.499989
AMIGO-freq,14.2400,1.000000,0.999996,0.499989
AMIGO-freq,14.2600,1.000000,0.999995,0.499989
AMIGO-freq,14.2800,1.000000,0.999995,0.499990
AMIGO-freq,14.3000,1.000000,0.999994,0.499990
AMIGO-freq,14.3200,1.000000,0.999994,0.499990
AMIGO-freq,14.3400,1.000000,0.999993,0.499991
AMIGO-freq,14.3600,1.000000,0.999993,0.499991
AMIGO-freq,14.3800,1.000000,0.999993,0.499991
AMIGO-freq,14.4000,1.000000,0.999992,0.499991
AMIGO-freq,14.4200,1.000000,0.999992,0.499991
AMIGO-freq,14.4400,1.000000,0.999992,0.499992
AMIGO-freq,14.4600,1.000000,0.999991,0.499992
AMIGO-freq,14.4800,1.000000,0.999991,0.499992
AMIGO-freq,14.5000,1.000000,0.999991,0.499993
AMIGO-freq,14.5200,1.000000,0.999990,0.499993
AMIGO-freq,14.5400,1.000000,0.999990,0.499993
AMIGO-freq,14.5600,1.000000,0.999990,0.499993
AMIGO-freq,14.5800,1.000000,0.999990,0.499994
AMIGO-freq,14.6000,1.000000,0.999990,0.499994
AMIGO-freq,14.6200,1.000000,0.999989,0.499994
AMIGO-freq,14.6400,1.000000,0.999989,0.499994
AMIGO-freq,14.6600,1.000000,0.999989,0.499995
AMIGO-freq,14.6800,1.000000,0.999989,0.499995
AMIGO-freq,14.7000,1.000000,0.999989,0.499995
AMIGO-freq,14.7200,1.000000,0.999989,0.499995
AMIGO-freq,14.7400,1.000000,0.999989,0.499996
AMIGO-freq,14.7600,1.000000,0.999989,0.499996
AMIGO-freq,14.7800,1.000000,0.999988,0.499996
AMIGO-freq,14.8000,1.000000,0.999988,0.499996
AMIGO-freq,14.8200,1.000000,0.999988,0.499997
AMIGO-freq,14.8400,1.000000,0.999988,0.499997
AMIGO-freq,14.8600,1.000000,0.999988,0.499997
AMIGO-freq,14.8800,1.000000,0.999988,0.499997
AMIGO-freq,14.9000,1.000000,0.999988,0.499997
AMIGO-freq,14.9200,1.000000,0.999988,0.499998
AMIGO-freq,14.9400,1.000000,0.999988,0.499998
AMIGO-freq,14.9600,1.000000,0.999988,0.499998
AMIGO-freq,14.9800,1.000000,0.999988,0.499998
AMIGO-freq,15.0000,1.000000,0.999988,0.499999
AMIGO-freq,15.0200,1.000000,0.999988,0.499999
AMIGO-freq,15.0400,1.000000,0.999988,0.499999
AMIGO-freq,15.0600,1.000000,0.999988,0.499999
AMIGO-freq,15.0800,1.000000,0.999989,0.499999
AMIGO-freq,15.1000,1.000000,0.999989,0.499999
AMIGO-freq,15.1200,1.000000,0.999989,0.500000
AMIGO-freq,15.1400,1.000000,0.999989,0.500000
AMIGO-freq,15.1600,1.000000,0.999989,0.500000
AMIGO-freq,15.1800,1.000000,0.999989,0.500000
AMIGO-freq,15.2000,1.000000,0.999989,0.500000
AMIGO-freq,15.2200,1.000000,0.999989,0.500000
AMIGO-freq,15.2400,1.000000,0.999989,0.500000
AMIGO-freq,15.2600,1.000000,0.999990,0.500001
AMIGO-freq,15.2800,1.000000,0.999990,0.500001
AMIGO-freq,15.3000,1.000000,0.999990,0.500001
AMIGO-freq,15.3200,1.000000,0.999990,0.500001
AMIGO-freq,15.3400,1.000000,0.999990,0.500001
AMIGO-freq,15.3600,1.000000,0.999990,0.500001
AMIGO-freq,15.3800,1.000000,0.999990,0.500001
AMIGO-freq,15.4000,1.000000,0.999991,0.500001
AMIGO-freq,15.4200,1.000000,0.999991,0.500001
AMIGO-freq,15.4400,1.000000,0.999991,0.500001
AMIGO-freq,15.4600,1.000000,0.999991,0.500001
AMIGO-freq,15.4800,1.000000,0.999991,0.500002
AMIGO-freq,15.5000,1.000000,0.999991,0.500002
AMIGO-freq,15.5200,1.000000,0.999992,0.500002
AMIGO-freq,15.5400,1.000000,0.999992,0.500002
AMIGO-freq,15.5600,1.000000,0.999992,0.500002
AMIGO-freq,15.5800,1.000000,0.999992,0.500002
AMIGO-freq,15.6000,1.000000,0.999992,0.500002
AMIGO-freq,15.6200,1.000000,0.999993,0.500002
AMIGO-freq,15.6400,1.000000,0.999993,0.500002
AMIGO-freq,15.6600,1.000000,0.999993,0.500002
AMIGO-freq,15.6800,1.000000,0.999993,0.500002
AMIGO-freq,15.7000,1.000000,0.999993,0.500002
AMIGO-freq,15.7200,1.000000,0.999994,0.500002
AMIGO-freq,15.7400,1.000000,0.999994,0.500002
AMIGO-freq,15.7600,1.000000,0.999994,0.500002
AMIGO-freq,15.7800,1.000000,0.999994,0.500002
AMIGO-freq,15.8000,1.000000,0.999994,0.500002
AMIGO-freq,15.8200,1.000000,0.999994,0.500002
AMIGO-freq,15.8400,1.000000,0.999995,0.500002
AMIGO-freq,15.8600,1.000000,0.999995,0.500003
AMIGO-freq,15.8800,1.000000,0.999995,0.500003
AMIGO-freq,15.9000,1.000000,0.999995,0.500003
AMIGO-freq,15.9200,1.000000,0.999995,0.500003
AMIGO-freq,15.9400,1.000000,0.999996,0.500003
AMIGO-freq,15.9600,1.000000,0.999996,0.500003
AMIGO-freq,15.9800,1.000000,0.999996,0.500003
AMIGO-freq,16.0000,1.000000,0.999996,0.500003
AMIGO-freq,16.0200,1.000000,0.999996,0.500003
AMIGO-freq,16.0400,1.000000,0.999996,0.500003
AMIGO-freq,16.0600,1.000000,0.999997,0.500003
AMIGO-freq,16.0800,1.000000,0.999997,0.500003
AMIGO-freq,16.1000,1.000000,0.999997,0.500003
AMIGO-freq,16.1200,1.000000,0.999997,0.500003
AMIGO-freq,16.1400,1.000000,0.999997,0.500003
AMIGO-freq,16.1600,1.000000,0.999997,0.500003
AMIGO-freq,16.1800,1.000000,0.999997,0.500003
AMIGO-freq,16.2000,1.000000,0.999998,0.500003
AMIGO-freq,16.2200,1.000000,0.999998,0.500003
AMIGO-freq,16.2400,1.000000,0.999998,0.500002
AMIGO-freq,16.2600,1.000000,0.999998,0.500003
AMIGO-freq,16.2800,1.000000,0.999998,0.500002
AMIGO-freq,16.3000,1.000000,0.999998,0.500002
AMIGO-freq,16.3200,1.000000,0.999998,0.500002
AMIGO-freq,16.3400,1.000000,0.999999,0.500002
AMIGO-freq,16.3600,1.000000,0.999999,0.500002
AMIGO-freq,16.3800,1.000000,0.999999,0.500002
AMIGO-freq,16.4000,1.000000,0.999999,0.500002
AMIGO-freq,16.4200,1.000000,0.999999,0.500002
AMIGO-freq,16.4400,1.000000,0.999999,0.500002
AMIGO-freq,16.4600,1.000000,0.999999,0.500002
AMIGO-freq,16.4800,1.000000,1.000000,0.500002
AMIGO-freq,16.5000,1.000000,1.000000,0.500002
AMIGO-freq,16.5200,1.000000,1.000000,0.500002
AMIGO-freq,16.5400,1.000000,1.000000,0.500002
AMIGO-freq,16.5600,1.000000,1.000000,0.500002
AMIGO-freq,16.5800,1.000000,1.000000,0.500002
AMIGO-freq,16.6000,1.000000,1.000000,0.500002
AMIGO-freq,16.6200,1.000000,1.000000,0.500001
AMIGO-freq,16.6400,1.000000,1.000000,0.500001
AMIGO-freq,16.6600,1.000000,1.000000,0.500002
AMIGO-freq,16.6800,1.000000,1.000001,0.500001
AMIGO-freq,16.7000,1.000000,1.000001,0.500001
AMIGO-freq,16.7200,1.000000,1.000001,0.500001
AMIGO-freq,16.7400,1.000000,1.000001,0.500001
AMIGO-freq,16.7600,1.000000,1.000001,0.500001
AMIGO-freq,16.7800,1.000000,1.000001,0.500001
AMIGO-freq,16.8000,1.000000,1.000001,0.500001
AMIGO-freq,16.8200,1.000000,1.000001,0.500001
AMIGO-freq,16.8400,1.000000,1.000001,0.500001
AMIGO-freq,16.8600,1.000000,1.000001,0.500001
AMIGO-freq,16.8800,1.000000,1.000001,0.500001
AMIGO-freq,16.9000,1.000000,1.000001,0.500001
AMIGO-freq,16.9200,1.000000,1.000001,0.500001
AMIGO-freq,16.9400,1.000000,1.000001,0.500001
AMIGO-freq,16.9600,1.000000,1.000001,0.500001
AMIGO-freq,16.9800,1.000000,1.000001,0.500001
AMIGO-freq,17.0000,1.000000,1.000001,0.500001
AMIGO-freq,17.0200,1.000000,1.000001,0.500001
AMIGO-freq,17.0400,1.000000,1.000001,0.500001
AMIGO-freq,17.0600,1.000000,1.000001,0.500001
AMIGO-freq,17.0800,1.000000,1.000001,0.500001
AMIGO-freq,17.1000,1.000000,1.000001,0.500001
AMIGO-freq,17.1200,1.000000,1.000001,0.500001
AMIGO-freq,17.1400,1.000000,1.000001,0.500001
AMIGO-freq,17.1600,1.000000,1.000002,0.500001
AMIGO-freq,17.1800,1.000000,1.000002,0.500001
AMIGO-freq,17.2000,1.000000,1.000002,0.500001
AMIGO-freq,17.2200,1.000000,1.000002,0.500001
AMIGO-freq,17.2400,1.000000,1.000002,0.500001
AMIGO-freq,17.2600,1.000000,1.000002,0.500001
AMIGO-freq,17.2800,1.000000,1.000002,0.500001
AMIGO-freq,17.3000,1.000000,1.000002,0.500001
AMIGO-freq,17.3200,1.000000,1.000002,0.500001
AMIGO-freq,17.3400,1.000000,1.000002,0.500001
AMIGO-freq,17.3600,1.000000,1.000002,0.500001
AMIGO-freq,17.3800,1.000000,1.000002,0.500001
AMIGO-freq,17.4000,1.000000,1.000002,0.500001
AMIGO-freq,17.4200,1.000000,1.000002,0.500001
AMIGO-freq,17.4400,1.000000,1.000002,0.500001
AMIGO-freq,17.4600,1.000000,1.000002,0.500001
AMIGO-freq,17.4800,1.000000,1.000002,0.500001
AMIGO-freq,17.5000,1.000000,1.000002,0.500001
AMIGO-freq,17.5200,1.000000,1.000002,0.500001
AMIGO-freq,17.5400,1.000000,1.000002,0.500001
AMIGO-freq,17.5600,1.000000,1.000002,0.500001
AMIGO-freq,17.5800,1.000000,1.000002,0.500001
AMIGO-freq,17.6000,1.000000,1.000002,0.500001
AMIGO-freq,17.6200,1.000000,1.000002,0.500001
AMIGO-freq,17.6400,1.000000,1.000002,0.500001
AMIGO-freq,17.6600,1.000000,1.000002,0.500001
AMIGO-freq,17.6800,1.000000,1.000002,0.500001
AMIGO-freq,17.7000,1.000000,1.000002,0.500001
AMIGO-freq,17.7200,1.000000,1.000002,0.500001
AMIGO-freq,17.7400,1.000000,1.000002,0.500001
AMIGO-freq,17.7600,1.000000,1.000002,0.500001
AMIGO-freq,17.7800,1.000000,1.000002,0.500001
AMIGO-freq,17.8000,1.000000,1.000002,0.500001
AMIGO-freq,17.8200,1.000000,1.000002,0.500001
AMIGO-freq,17.8400,1.000000,1.000002,0.500001
AMIGO-freq,17.8600,1.000000,1.000002,0.500001
AMIGO-freq,17.8800,1.000000,1.000002,0.500001
AMIGO-freq,17.9000,1.000000,1.000002,0.500001
AMIGO-freq,17.9200,1.000000,1.000002,0.500001
AMIGO-freq,17.9400,1.000000,1.000002,0.500001
AMIGO-freq,17.9600,1.000000,1.000002,0.500001
AMIGO-freq,17.9800,1.000000,1.000002,0.500001
AMIGO-freq,18.0000,1.000000,1.000002,0.500001
AMIGO-freq,18.0200,1.000000,1.000002,0.500001
AMIGO-freq,18.0400,1.000000,1.000002,0.500001
AMIGO-freq,18.0600,1.000000,1.000002,0.500001
AMIGO-freq,18.0800,1.000000,1.000002,0.500001
AMIGO-freq,18.1000,1.000000,1.000002,0.500001
AMIGO-freq,18.1200,1.000000,1.000002,0.500001
AMIGO-freq,18.1400,1.000000,1.000002,0.500001
AMIGO-freq,18.1600,1.000000,1.000002,0.500001
AMIGO-freq,18.1800,1.000000,1.000002,0.500001
AMIGO-freq,18.2000,1.000000,1.000002,0.500001
AMIGO-freq,18.2200,1.000000,1.000002,0.500001
AMIGO-freq,18.2400,1.000000,1.000002,0.500001
AMIGO-freq,18.2600,1.000000,1.000002,0.500001
AMIGO-freq,18.2800,1.000000,1.000002,0.500001
AMIGO-freq,18.3000,1.000000,1.000002,0.500001
AMIGO-freq,18.3200,1.000000,1.000002,0.500001
AMIGO-freq,18.3400,1.000000,1.000002,0.500001
AMIGO-freq,18.3600,1.000000,1.000002,0.500001
AMIGO-freq,18.3800,1.000000,1.000002,0.500001
AMIGO-freq,18.4000,1.000000,1.000002,0.500001
AMIGO-freq,18.4200,1.000000,1.000002,0.500001
AMIGO-freq,18.4400,1.000000,1.000002,0.500001
AMIGO-freq,18.4600,1.000000,1.000002,0.500001
AMIGO-freq,18.4800,1.000000,1.000002,0.500001
AMIGO-freq,18.5000,1.000000,1.000002,0.500001
AMIGO-freq,18.5200,1.000000,1.000002,0.500001
AMIGO-freq,18.5400,1.000000,1.000002,0.500001
AMIGO-freq,18.5600,1.000000,1.000002,0.500001
AMIGO-freq,18.5800,1.000000,1.000002,0.500001
AMIGO-freq,18.6000,1.000000,1.000002,0.500001
AMIGO-freq,18.6200,1.000000,1.000002,0.500001
AMIGO-freq,18.6400,1.000000,1.000002,0.500001
AMIGO-freq,18.6600,1.000000,1.000002,0.500001
AMIGO-freq,18.6800,1.000000,1.000002,0.500001
AMIGO-freq,18.7000,1.000000,1.000002,0.500001
AMIGO-freq,18.7200,1.000000,1.000002,0.500001
AMIGO-freq,18.7400,1.000000,1.000002,0.500001
AMIGO-freq,18.7600,1.000000,1.000002,0.500001
AMIGO-freq,18.7800,1.000000,1.000002,0.500001
AMIGO-freq,18.8000,1.000000,1.000002,0.500001
AMIGO-freq,18.8200,1.000000,1.000002,0.500001
AMIGO-freq,18.8400,1.000000,1.000002,0.500001
AMIGO-freq,18.8600,1.000000,1.000002,0.500001
AMIGO-freq,18.8800,1.000000,1.000002,0.500001
AMIGO-freq,18.9000,1.000000,1.000002,0.500001
AMIGO-freq,18.9200,1.000000,1.000002,0.500001
AMIGO-freq,18.9400,1.000000,1.000002,0.500001
AMIGO-freq,18.9600,1.000000,1.000002,0.500001
AMIGO-freq,18.9800,1.000000,1.000002,0.500001
AMIGO-freq,19.0000,1.000000,1.000002,0.500001
AMIGO-freq,19.0200,1.000000,1.000002,0.500001
AMIGO-freq,19.0400,1.000000,1.000002,0.500001
AMIGO-freq,19.0600,1.000000,1.000002,0.500001
AMIGO-freq,19.0800,1.000000,1.000002,0.500001
AMIGO-freq,19.1000,1.000000,1.000002,0.500001
AMIGO-freq,19.1200,1.000000,1.000002,0.500001
AMIGO-freq,19.1400,1.000000,1.000002,0.500001
AMIGO-freq,19.1600,1.000000,1.000002,0.500001
AMIGO-freq,19.1800,1.000000,1.000002,0.500001
AMIGO-freq,19.2000,1.000000,1.000002,0.500001
AMIGO-freq,19.2200,1.000000,1.000002,0.500001
AMIGO-freq,19.2400,1.000000,1.000002,0.500001
AMIGO-freq,19.2600,1.000000,1.000002,0.500001
AMIGO-freq,19.2800,1.000000,1.000002,0.500001
AMIGO-freq,19.3000,1.000000,1.000002,0.500001
AMIGO-freq,19.3200,1.000000,1.000002,0.500001
AMIGO-freq,19.3400,1.000000,1.000002,0.500001
AMIGO-freq,19.3600,1.000000,1.000002,0.500001
AMIGO-freq,19.3800,1.000000,1.000002,0.500001
AMIGO-freq,19.4000,1.000000,1.000002,0.500001
AMIGO-freq,19.4200,1.000000,1.000002,0.500001
AMIGO-freq,19.4400,1.000000,1.000002,0.500001
AMIGO-freq,19.4600,1.000000,1.000002,0.500001
AMIGO-freq,19.4800,1.000000,1.000002,0.500001
AMIGO-freq,19.5000,1.000000,1.000002,0.500001
AMIGO-freq,19.5200,1.000000,1.000002,0.500001
AMIGO-freq,19.5400,1.000000,1.000002,0.500001
AMIGO-freq,19.5600,1.000000,1.000002,0.500001
AMIGO-freq,19.5800,1.000000,1.000002,0.500001
AMIGO-freq,19.6000,1.000000,1.000002,0.500001
AMIGO-freq,19.6200,1.000000,1.000002,0.500001
AMIGO-freq,19.6400,1.000000,1.000002,0.500001
AMIGO-freq,19.6600,1.000000,1.000002,0.500001
AMIGO-freq,19.6800,1.000000,1.000002,0.500001
AMIGO-freq,19.7000,1.000000,1.000002,0.500001
AMIGO-freq,19.7200,1.000000,1.000002,0.500001
AMIGO-freq,19.7400,1.000000,1.000002,0.500001
AMIGO-freq,19.7600,1.000000,1.000002,0.500001
AMIGO-freq,19.7800,1.000000,1.000002,0.500001
AMIGO-freq,19.8000,1.000000,1.000002,0.500001
AMIGO-freq,19.8200,1.000000,1.000002,0.500001
AMIGO-freq,19.8400,1.000000,1.000002,0.500001
AMIGO-freq,19.8600,1.000000,1.000002,0.500001
AMIGO-freq,19.8800,1.000000,1.000002,0.500001
AMIGO-freq,19.9000,1.000000,1.000002,0.500001
AMIGO-freq,19.9200,1.000000,1.000002,0.500001
AMIGO-freq,19.9400,1.000000,1.000002,0.500001
AMIGO-freq,19.9600,1.000000,1.000002,0.500001
AMIGO-freq,19.9800,1.000000,1.000002,0.500001
AMIGO-freq,20.0000,1.000000,1.000002,0.500001
AMIGO-freq,20.0200,1.000000,1.000002,0.500001
AMIGO-freq,20.0400,1.000000,1.000002,0.500001
AMIGO-freq,20.0600,1.000000,1.000002,0.500001
AMIGO-freq,20.0800,1.000000,1.000002,0.500001
AMIGO-freq,20.1000,1.000000,1.000002,0.500001
AMIGO-freq,20.1200,1.000000,1.000002,0.500001
AMIGO-freq,20.1400,1.000000,1.000002,0.500001
AMIGO-freq,20.1600,1.000000,1.000002,0.500001
AMIGO-freq,20.1800,1.000000,1.000002,0.500001
AMIGO-freq,20.2000,1.000000,1.000002,0.500001
AMIGO-freq,20.2200,1.000000,1.000002,0.500001
AMIGO-freq,20.2400,1.000000,1.000002,0.500001
AMIGO-freq,20.2600,1.000000,1.000002,0.500001
AMIGO-freq,20.2800,1.000000,1.000002,0.500001
AMIGO-freq,20.3000,1.000000,1.000002,0.500001
AMIGO-freq,20.3200,1.000000,1.000002,0.500001
AMIGO-freq,20.3400,1.000000,1.000002,0.500001
AMIGO-freq,20.3600,1.000000,1.000002,0.500001
AMIGO-freq,20.3800,1.000000,1.000002,0.500001
AMIGO-freq,20.4000,1.000000,1.000002,0.500001
AMIGO-freq,20.4200,1.000000,1.000002,0.500001
AMIGO-freq,20.4400,1.000000,1.000002,0.500001
AMIGO-freq,20.4600,1.000000,1.000002,0.500001
AMIGO-freq,20.4800,1.000000,1.000002,0.500001
AMIGO-freq,20.5000,1.000000,1.000002,0.500001
AMIGO-freq,20.5200,1.000000,1.000002,0.500001
AMIGO-freq,20.5400,1.000000,1.000002,0.500001
AMIGO-freq,20.5600,1.000000,1.000002,0.500001
AMIGO-freq,20.5800,1.000000,1.000002,0.500001
AMIGO-freq,20.6000,1.000000,1.000002,0.500001
AMIGO-freq,20.6200,1.000000,1.000002,0.500001
AMIGO-freq,20.6400,1.000000,1.000002,0.500001
AMIGO-freq,20.6600,1.000000,1.000002,0.500001
AMIGO-freq,20.6800,1.000000,1.000002,0.500001
AMIGO-freq,20.7000,1.000000,1.000002,0.500001
AMIGO-freq,20.7200,1.000000,1.000002,0.500001
AMIGO-freq,20.7400,1.000000,1.000002,0.500001
AMIGO-freq,20.7600,1.000000,1.000002,0.500001
AMIGO-freq,20.7800,1.000000,1.000002,0.500001
AMIGO-freq,20.8000,1.000000,1.000002,0.500001
AMIGO-freq,20.8200,1.000000,1.000002,0.500001
AMIGO-freq,20.8400,1.000000,1.000002,0.500001
AMIGO-freq,20.8600,1.000000,1.000002,0.500001
AMIGO-freq,20.8800,1.000000,1.000002,0.500001
AMIGO-freq,20.9000,1.000000,1.000002,0.500001
AMIGO-freq,20.9200,1.000000,1.000002,0.500001
AMIGO-freq,20.9400,1.000000,1.000002,0.500001
AMIGO-freq,20.9600,1.000000,1.000002,0.500001
AMIGO-freq,20.9800,1.000000,1.000002,0.500001
AMIGO-freq,21.0000,1.000000,1.000002,0.500001
AMIGO-freq,21.0200,1.000000,1.000002,0.500001
AMIGO-freq,21.0400,1.000000,1.000002,0.500001
AMIGO-freq,21.0600,1.000000,1.000002,0.500001
AMIGO-freq,21.0800,1.000000,1.000002,0.500001
AMIGO-freq,21.1000,1.000000,1.000002,0.500001
AMIGO-freq,21.1200,1.000000,1.000002,0.500001
AMIGO-freq,21.1400,1.000000,1.000002,0.500001
AMIGO-freq,21.1600,1.000000,1.000002,0.500001
AMIGO-freq,21.1800,1.000000,1.000002,0.500001
AMIGO-freq,21.2000,1.000000,1.000002,0.500001
AMIGO-freq,21.2200,1.000000,1.000002,0.500001
AMIGO-freq,21.2400,1.000000,1.000002,0.500001
AMIGO-freq,21.2600,1.000000,1.000002,0.500001
AMIGO-freq,21.2800,1.000000,1.000002,0.500001
AMIGO-freq,21.3000,1.000000,1.000002,0.500001
AMIGO-freq,21.3200,1.000000,1.000002,0.500001
AMIGO-freq,21.3400,1.000000,1.000002,0.500001
AMIGO-freq,21.3600,1.000000,1.000002,0.500001
AMIGO-freq,21.3800,1.000000,1.000002,0.500001
AMIGO-freq,21.4000,1.000000,1.000002,0.500001
AMIGO-freq,21.4200,1.000000,1.000002,0.500001
AMIGO-freq,21.4400,1.000000,1.000002,0.500001
AMIGO-freq,21.4600,1.000000,1.000002,0.500001
AMIGO-freq,21.4800,1.000000,1.000002,0.500001
AMIGO-freq,21.5000,1.000000,1.000002,0.500001
AMIGO-freq,21.5200,1.000000,1.000002,0.500001
AMIGO-freq,21.5400,1.000000,1.000002,0.500001
AMIGO-freq,21.5600,1.000000,1.000002,0.500001
AMIGO-freq,21.5800,1.000000,1.000002,0.500001
AMIGO-freq,21.6000,1.000000,1.000002,0.500001
AMIGO-freq,21.6200,1.000000,1.000002,0.500001
AMIGO-freq,21.6400,1.000000,1.000002,0.500001
AMIGO-freq,21.6600,1.000000,1.000002,0.500001
AMIGO-freq,21.6800,1.000000,1.000002,0.500001
AMIGO-freq,21.7000,1.000000,1.000002,0.500001
AMIGO-freq,21.7200,1.000000,1.000002,0.500001
AMIGO-freq,21.7400,1.000000,1.000002,0.500001
AMIGO-freq,21.7600,1.000000,1.000002,0.500001
AMIGO-freq,21.7800,1.000000,1.000002,0.500001
AMIGO-freq,21.8000,1.000000,1.000002,0.500001
AMIGO-freq,21.8200,1.000000,1.000002,0.500001
AMIGO-freq,21.8400,1.000000,1.000002,0.500001
AMIGO-freq,21.8600,1.000000,1.000002,0.500001
AMIGO-freq,21.8800,1.000000,1.000002,0.500001
AMIGO-freq,21.9000,1.000000,1.000002,0.500001
AMIGO-freq,21.9200,1.000000,1.000002,0.500001
AMIGO-freq,21.9400,1.000000,1.000002,0.500001
AMIGO-freq,21.9600,1.000000,1.000002,0.500001
AMIGO-freq,21.9800,1.000000,1.000002,0.500001
AMIGO-freq,22.0000,1.000000,1.000002,0.500001
AMIGO-freq,22.0200,1.000000,1.000002,0.500001
AMIGO-freq,22.0400,1.000000,1.000002,0.500001
AMIGO-freq,22.0600,1.000000,1.000002,0.500001
AMIGO-freq,22.0800,1.000000,1.000002,0.500001
AMIGO-freq,22.1000,1.000000,1.000002,0.500001
AMIGO-freq,22.1200,1.000000,1.000002,0.500001
AMIGO-freq,22.1400,1.000000,1.000002,0.500001
AMIGO-freq,22.1600,1.000000,1.000002,0.500001
AMIGO-freq,22.1800,1.000000,1.000002,0.500001
AMIGO-freq,22.2000,1.000000,1.000002,0.500001
AMIGO-freq,22.2200,1.000000,1.000002,0.500001
AMIGO-freq,22.2400,1.000000,1.000002,0.500001
AMIGO-freq,22.2600,1.000000,1.000002,0.500001
AMIGO-freq,22.2800,1.000000,1.000002,0.500001
AMIGO-freq,22.3000,1.000000,1.000002,0.500001
AMIGO-freq,22.3200,1.000000,1.000002,0.500001
AMIGO-freq,22.3400,1.000000,1.000002,0.500001
AMIGO-freq,22.3600,1.000000,1.000002,0.500001
AMIGO-freq,22.3800,1.000000,1.000002,0.500001
AMIGO-freq,22.4000,1.000000,1.000002,0.500001
AMIGO-freq,22.4200,1.000000,1.000002,0.500001
AMIGO-freq,22.4400,1.000000,1.000002,0.500001
AMIGO-freq,22.4600,1.000000,1.000002,0.500001
AMIGO-freq,22.4800,1.000000,1.000002,0.500001
AMIGO-freq,22.5000,1.000000,1.000002,0.500001
AMIGO-freq,22.5200,1.000000,1.000002,0.500001
AMIGO-freq,22.5400,1.000000,1.000002,0.500001
AMIGO-freq,22.5600,1.000000,1.000002,0.500001
AMIGO-freq,22.5800,1.000000,1.000002,0.500001
AMIGO-freq,22.6000,1.000000,1.000002,0.500001
AMIGO-freq,22.6200,1.000000,1.000002,0.500001
AMIGO-freq,22.6400,1.000000,1.000002,0.500001
AMIGO-freq,22.6600,1.000000,1.000002,0.500001
AMIGO-freq,22.6800,1.000000,1.000002,0.500001
AMIGO-freq,22.7000,1.000000,1.000002,0.500001
AMIGO-freq,22.7200,1.000000,1.000002,0.500001
AMIGO-freq,22.7400,1.000000,1.000002,0.500001
AMIGO-freq,22.7600,1.000000,1.000002,0.500001
AMIGO-freq,22.7800,1.000000,1.000002,0.500001
AMIGO-freq,22.8000,1.000000,1.000002,0.500001
AMIGO-freq,22.8200,1.000000,1.000002,0.500001
AMIGO-freq,22.8400,1.000000,1.000002,0.500001
AMIGO-freq,22.8600,1.000000,1.000002,0.500001
AMIGO-freq,22.8800,1.000000,1.000002,0.500001
AMIGO-freq,22.9000,1.000000,1.000002,0.500001
AMIGO-freq,22.9200,1.000000,1.000002,0.500001
AMIGO-freq,22.9400,1.000000,1.000002,0.500001
AMIGO-freq,22.9600,1.000000,1.000002,0.500001
AMIGO-freq,22.9800,1.000000,1.000002,0.500001
AMIGO-freq,23.0000,1.000000,1.000002,0.500001
AMIGO-freq,23.0200,1.000000,1.000002,0.500001
AMIGO-freq,23.0400,1.000000,1.000002,0.500001
AMIGO-freq,23.0600,1.000000,1.000002,0.500001
AMIGO-freq,23.0800,1.000000,1.000002,0.500001
AMIGO-freq,23.1000,1.000000,1.000002,0.500001
AMIGO-freq,23.1200,1.000000,1.000002,0.500001
AMIGO-freq,23.1400,1.000000,1.000002,0.500001
AMIGO-freq,23.1600,1.000000,1.000002,0.500001
AMIGO-freq,23.1800,1.000000,1.000002,0.500001
AMIGO-freq,23.2000,1.000000,1.000002,0.500001
AMIGO-freq,23.2200,1.000000,1.000002,0.500001
AMIGO-freq,23.2400,1.000000,1.000002,0.500001
AMIGO-freq,23.2600,1.000000,1.000002,0.500001
AMIGO-freq,23.2800,1.000000,1.000002,0.500001
AMIGO-freq,23.3000,1.000000,1.000002,0.500001
AMIGO-freq,23.3200,1.000000,1.000002,0.500001
AMIGO-freq,23.3400,1.000000,1.000002,0.500001
AMIGO-freq,23.3600,1.000000,1.000002,0.500001
AMIGO-freq,23.3800,1.000000,1.000002,0.500001
AMIGO-freq,23.4000,1.000000,1.000002,0.500001
AMIGO-freq,23.4200,1.000000,1.000002,0.500001
AMIGO-freq,23.4400,1.000000,1.000002,0.500001
AMIGO-freq,23.4600,1.000000,1.000002,0.500001
AMIGO-freq,23.4800,1.000000,1.000002,0.500001
AMIGO-freq,23.5000,1.000000,1.000002,0.500001
AMIGO-freq,23.5200,1.000000,1.000002,0.500001
AMIGO-freq,23.5400,1.000000,1.000002,0.500001
AMIGO-freq,23.5600,1.000000,1.000002,0.500001
AMIGO-freq,23.5800,1.000000,1.000002,0.500001
AMIGO-freq,23.6000,1.000000,1.000002,0.500001
AMIGO-freq,23.6200,1.000000,1.000002,0.500001
AMIGO-freq,23.6400,1.000000,1.000002,0.500001
AMIGO-freq,23.6600,1.000000,1.000002,0.500001
AMIGO-freq,23.6800,1.000000,1.000002,0.500001
AMIGO-freq,23.7000,1.000000,1.000002,0.500001
AMIGO-freq,23.7200,1.000000,1.000002,0.500001
AMIGO-freq,23.7400,1.000000,1.000002,0.500001
AMIGO-freq,23.7600,1.000000,1.000002,0.500001
AMIGO-freq,23.7800,1.000000,1.000002,0.500001
AMIGO-freq,23.8000,1.000000,1.000002,0.500001
AMIGO-freq,23.8200,1.000000,1.000002,0.500001
AMIGO-freq,23.8400,1.000000,1.000002,0.500001
AMIGO-freq,23.8600,1.000000,1.000002,0.500001
AMIGO-freq,23.8800,1.000000,1.000002,0.500001
AMIGO-freq,23.9000,1.000000,1.000002,0.500001
AMIGO-freq,23.9200,1.000000,1.000002,0.500001
AMIGO-freq,23.9400,1.000000,1.000002,0.500001
AMIGO-freq,23.9600,1.000000,1.000002,0.500001
AMIGO-freq,23.9800,1.000000,1.000002,0.500001
AMIGO-freq,24.0000,1.000000,1.000002,0.500001
AMIGO-freq,24.0200,1.000000,1.000002,0.500001
AMIGO-freq,24.0400,1.000000,1.000002,0.500001
AMIGO-freq,24.0600,1.000000,1.000002,0.500001
AMIGO-freq,24.0800,1.000000,1.000002,0.500001
AMIGO-freq,24.1000,1.000000,1.000002,0.500001
AMIGO-freq,24.1200,1.000000,1.000002,0.500001
AMIGO-freq,24.1400,1.000000,1.000002,0.500001
AMIGO-freq,24.1600,1.000000,1.000002,0.500001
AMIGO-freq,24.1800,1.000000,1.000002,0.500001
AMIGO-freq,24.2000,1.000000,1.000002,0.500001
AMIGO-freq,24.2200,1.000000,1.000002,0.500001
AMIGO-freq,24.2400,1.000000,1.000002,0.500001
AMIGO-freq,24.2600,1.000000,1.000002,0.500001
AMIGO-freq,24.2800,1.000000,1.000002,0.500001
AMIGO-freq,24.3000,1.000000,1.000002,0.500001
AMIGO-freq,24.3200,1.000000,1.000002,0.500001
AMIGO-freq,24.3400,1.000000,1.000002,0.500001
AMIGO-freq,24.3600,1.000000,1.000002,0.500001
AMIGO-freq,24.3800,1.000000,1.000002,0.500001
AMIGO-freq,24.4000,1.000000,1.000002,0.500001
AMIGO-freq,24.4200,1.000000,1.000002,0.500001
AMIGO-freq,24.4400,1.000000,1.000002,0.500001
AMIGO-freq,24.4600,1.000000,1.000002,0.500001
AMIGO-freq,24.4800,1.000000,1.000002,0.500001
AMIGO-freq,24.5000,1.000000,1.000002,0.500001
AMIGO-freq,24.5200,1.000000,1.000002,0.500001
AMIGO-freq,24.5400,1.000000,1.000002,0.500001
AMIGO-freq,24.5600,1.000000,1.000002,0.500001
AMIGO-freq,24.5800,1.000000,1.000002,0.500001
AMIGO-freq,24.6000,1.000000,1.000002,0.500001
AMIGO-freq,24.6200,1.000000,1.000002,0.500001
AMIGO-freq,24.6400,1.000000,1.000002,0.500001
AMIGO-freq,24.6600,1.000000,1.000002,0.500001
AMIGO-freq,24.6800,1.000000,1.000002,0.500001
AMIGO-freq,24.7000,1.000000,1.000002,0.500001
AMIGO-freq,24.7200,1.000000,1.000002,0.500001
AMIGO-freq,24.7400,1.000000,1.000002,0.500001
AMIGO-freq,24.7600,1.000000,1.000002,0.500001
AMIGO-freq,24.7800,1.000000,1.000002,0.500001
AMIGO-freq,24.8000,1.000000,1.000002,0.500001
AMIGO-freq,24.8200,1.000000,1.000002,0.500001
AMIGO-freq,24.8400,1.000000,1.000002,0.500001
AMIGO-freq,24.8600,1.000000,1.000002,0.500001
AMIGO-freq,24.8800,1.000000,1.000002,0.500001
AMIGO-freq,24.9000,1.000000,1.000002,0.500001
AMIGO-freq,24.9200,1.000000,1.000002,0.500001
AMIGO-freq,24.9400,1.000000,1.000002,0.500001
AMIGO-freq,24.9600,1.000000,1.000002,0.500001
AMIGO-freq,24.9800,1.000000,1.000002,0.500001
Cohen-Coon,0.0000,1.000000,0.000000,2.000000
Cohen-Coon,0.0200,1.000000,0.000000,2.000000
Cohen-Coon,0.0400,1.000000,0.000000,2.000000
Cohen-Coon,0.0600,1.000000,0.000000,2.000000
Cohen-Coon,0.0800,1.000000,0.000000,2.000000
Cohen-Coon,0.1000,1.000000,0.000000,2.000000
Cohen-Coon,0.1200,1.000000,0.000000,2.000000
Cohen-Coon,0.1400,1.000000,0.000000,2.000000
Cohen-Coon,0.1600,1.000000,0.000000,2.000000
Cohen-Coon,0.1800,1.000000,0.000000,2.000000
Cohen-Coon,0.2000,1.000000,0.000000,2.000000
Cohen-Coon,0.2200,1.000000,0.000000,2.000000
Cohen-Coon,0.2400,1.000000,0.000000,2.000000
Cohen-Coon,0.2600,1.000000,0.000000,2.000000
Cohen-Coon,0.2800,1.000000,0.000000,2.000000
Cohen-Coon,0.3000,1.000000,0.039801,2.000000
Cohen-Coon,0.3200,1.000000,0.118218,1.893393
Cohen-Coon,0.3400,1.000000,0.195082,1.602706
Cohen-Coon,0.3600,1.000000,0.270425,1.449999
Cohen-Coon,0.3800,1.000000,0.344275,1.331361
Cohen-Coon,0.4000,1.000000,0.416663,1.219958
Cohen-Coon,0.4200,1.000000,0.487618,1.108884
Cohen-Coon,0.4400,1.000000,0.557168,0.996385
Cohen-Coon,0.4600,1.000000,0.625341,0.882035
Cohen-Coon,0.4800,1.000000,0.692163,0.765755
Cohen-Coon,0.5000,1.000000,0.757663,0.647553
Cohen-Coon,0.5200,1.000000,0.821866,0.527458
Cohen-Coon,0.5400,1.000000,0.884797,0.405508
Cohen-Coon,0.5600,1.000000,0.946482,0.281736
Cohen-Coon,0.5800,1.000000,1.006946,0.156181
Cohen-Coon,0.6000,1.000000,1.066212,0.028877
Cohen-Coon,0.6200,1.000000,1.122184,-0.100144
Cohen-Coon,0.6400,1.000000,1.165696,-0.132652
Cohen-Coon,0.6600,1.000000,1.201391,-0.122170
Cohen-Coon,0.6800,1.000000,1.231460,-0.128432
Cohen-Coon,0.7000,1.000000,1.256482,-0.141027
Cohen-Coon,0.7200,1.000000,1.276613,-0.150421
Cohen-Coon,0.7400,1.000000,1.291906,-0.152215
Cohen-Coon,0.7600,1.000000,1.302387,-0.144612
Cohen-Coon,0.7800,1.000000,1.308074,-0.126825
Cohen-Coon,0.8000,1.000000,1.308987,-0.098403
Cohen-Coon,0.8200,1.000000,1.305143,-0.059021
Cohen-Coon,0.8400,1.000000,1.296565,-0.008380
Cohen-Coon,0.8600,1.000000,1.283272,0.053794
Cohen-Coon,0.8800,1.000000,1.265288,0.127779
Cohen-Coon,0.9000,1.000000,1.242636,0.213837
Cohen-Coon,0.9200,1.000000,1.215339,0.312241
Cohen-Coon,0.9400,1.000000,1.185976,0.414591
Cohen-Coon,0.9600,1.000000,1.157590,0.478764
Cohen-Coon,0.9800,1.000000,1.129675,0.529476
Cohen-Coon,1.0000,1.000000,1.101846,0.583323
Cohen-Coon,1.0200,1.000000,1.074149,0.640396
Cohen-Coon,1.0400,1.000000,1.046847,0.697459
Cohen-Coon,1.0600,1.000000,1.020292,0.751848
Cohen-Coon,1.0800,1.000000,0.994865,0.801714
Cohen-Coon,1.1000,1.000000,0.970962,0.845654
Cohen-Coon,1.1200,1.000000,0.948983,0.882440
Cohen-Coon,1.1400,1.000000,0.929333,0.910897
Cohen-Coon,1.1600,1.000000,0.912420,0.929842
Cohen-Coon,1.1800,1.000000,0.898655,0.938075
Cohen-Coon,1.2000,1.000000,0.888451,0.934361
Cohen-Coon,1.2200,1.000000,0.882224,0.917436
Cohen-Coon,1.2400,1.000000,0.880219,0.886001
Cohen-Coon,1.2600,1.000000,0.881194,0.849573
Cohen-Coon,1.2800,1.000000,0.884215,0.821033
Cohen-Coon,1.3000,1.000000,0.889266,0.793532
Cohen-Coon,1.3200,1.000000,0.896452,0.761259
Cohen-Coon,1.3400,1.000000,0.905764,0.723136
Cohen-Coon,1.3600,1.000000,0.917077,0.680106
Cohen-Coon,1.3800,1.000000,0.930190,0.633488
Cohen-Coon,1.4000,1.000000,0.944844,0.584543
Cohen-Coon,1.4200,1.000000,0.960738,0.534473
Cohen-Coon,1.4400,1.000000,0.977530,0.484499
Cohen-Coon,1.4600,1.000000,0.994836,0.435919
Cohen-Coon,1.4800,1.000000,1.012234,0.390135
Cohen-Coon,1.5000,1.000000,1.029261,0.348674
Cohen-Coon,1.5200,1.000000,1.045414,0.313195
Cohen-Coon,1.5400,1.000000,1.060149,0.285494
Cohen-Coon,1.5600,1.000000,1.073143,0.266804
Cohen-Coon,1.5800,1.000000,1.084676,0.251887
Cohen-Coon,1.6000,1.000000,1.094902,0.237038
Cohen-Coon,1.6200,1.000000,1.103702,0.224300
Cohen-Coon,1.6400,1.000000,1.110874,0.216144
Cohen-Coon,1.6600,1.000000,1.116246,0.213685
Cohen-Coon,1.6800,1.000000,1.119697,0.217096
Cohen-Coon,1.7000,1.000000,1.121162,0.226165
Cohen-Coon,1.7200,1.000000,1.120622,0.240527
Cohen-Coon,1.7400,1.000000,1.118110,0.259715
Cohen-Coon,1.7600,1.000000,1.113707,0.283145
Cohen-Coon,1.7800,1.000000,1.107547,0.310079
Cohen-Coon,1.8000,1.000000,1.099820,0.339606
Cohen-Coon,1.8200,1.000000,1.090779,0.370617
Cohen-Coon,1.8400,1.000000,1.080737,0.401788
Cohen-Coon,1.8600,1.000000,1.070068,0.431562
Cohen-Coon,1.8800,1.000000,1.059001,0.459252
Cohen-Coon,1.9000,1.000000,1.047563,0.486834
Cohen-Coon,1.9200,1.000000,1.035820,0.515350
Cohen-Coon,1.9400,1.000000,1.023936,0.543927
Cohen-Coon,1.9600,1.000000,1.012133,0.571242
Cohen-Coon,1.9800,1.000000,1.000641,0.596297
Cohen-Coon,2.0000,1.000000,0.989681,0.618450
Cohen-Coon,2.0200,1.000000,0.979456,0.637280
Cohen-Coon,2.0400,1.000000,0.970146,0.652490
Cohen-Coon,2.0600,1.000000,0.961909,0.663879
Cohen-Coon,2.0800,1.000000,0.954869,0.671363
Cohen-Coon,2.1000,1.000000,0.949115,0.674993
Cohen-Coon,2.1200,1.000000,0.944691,0.674988
Cohen-Coon,2.1400,1.000000,0.941591,0.671755
Cohen-Coon,2.1600,1.000000,0.939749,0.665930
Cohen-Coon,2.1800,1.000000,0.939059,0.658342
Cohen-Coon,2.2000,1.000000,0.939471,0.649173
Cohen-Coon,2.2200,1.000000,0.940994,0.637663
Cohen-Coon,2.2400,1.000000,0.943622,0.623422
Cohen-Coon,2.2600,1.000000,0.947295,0.606778
Cohen-Coon,2.2800,1.000000,0.951912,0.588370
Cohen-Coon,2.3000,1.000000,0.957345,0.568837
Cohen-Coon,2.3200,1.000000,0.963449,0.548732
Cohen-Coon,2.3400,1.000000,0.970071,0.528546
Cohen-Coon,2.3600,1.000000,0.977051,0.508727
Cohen-Coon,2.3800,1.000000,0.984228,0.489694
Cohen-Coon,2.4000,1.000000,0.991444,0.471811
Cohen-Coon,2.4200,1.000000,0.998552,0.455372
Cohen-Coon,2.4400,1.000000,1.005422,0.440572
Cohen-Coon,2.4600,1.000000,1.011949,0.427475
Cohen-Coon,2.4800,1.000000,1.018061,0.415979
Cohen-Coon,2.5000,1.000000,1.023706,0.405888
Cohen-Coon,2.5200,1.000000,1.028809,0.397353
Cohen-Coon,2.5400,1.000000,1.033273,0.390864
Cohen-Coon,2.5600,1.000000,1.037012,0.386780
Cohen-Coon,2.5800,1.000000,1.039963,0.385174
Cohen-Coon,2.6000,1.000000,1.042093,0.385928
Cohen-Coon,2.6200,1.000000,1.043388,0.388856
Cohen-Coon,2.6400,1.000000,1.043858,0.393745
Cohen-Coon,2.6600,1.000000,1.043529,0.400378
Cohen-Coon,2.6800,1.000000,1.042444,0.408512
Cohen-Coon,2.7000,1.000000,1.040660,0.417889
Cohen-Coon,2.7200,1.000000,1.038246,0.428248
Cohen-Coon,2.7400,1.000000,1.035276,0.439335
Cohen-Coon,2.7600,1.000000,1.031831,0.450935
Cohen-Coon,2.7800,1.000000,1.027982,0.462886
Cohen-Coon,2.8000,1.000000,1.023797,0.475123
Cohen-Coon,2.8200,1.000000,1.019341,0.487590
Cohen-Coon,2.8400,1.000000,1.014694,0.500056
Cohen-Coon,2.8600,1.000000,1.009953,0.512147
Cohen-Coon,2.8800,1.000000,1.005218,0.523510
Cohen-Coon,2.9000,1.000000,1.000585,0.533901
Cohen-Coon,2.9200,1.000000,0.996137,0.543165
Cohen-Coon,2.9400,1.000000,0.991953,0.551199
Cohen-Coon,2.9600,1.000000,0.988098,0.557934
Cohen-Coon,2.9800,1.000000,0.984627,0.563327
Cohen-Coon,3.0000,1.000000,0.981584,0.567363
Cohen-Coon,3.0200,1.000000,0.979003,0.570056
Cohen-Coon,3.0400,1.000000,0.976906,0.571443
Cohen-Coon,3.0600,1.000000,0.975305,0.571574
Cohen-Coon,3.0800,1.000000,0.974205,0.570502
Cohen-Coon,3.1000,1.000000,0.973610,0.568256
Cohen-Coon,3.1200,1.000000,0.973518,0.564838
Cohen-Coon,3.1400,1.000000,0.973922,0.560262
Cohen-Coon,3.1600,1.000000,0.974802,0.554643
Cohen-Coon,3.1800,1.000000,0.976122,0.548174
Cohen-Coon,3.2000,1.000000,0.977838,0.541072
Cohen-Coon,3.2200,1.000000,0.979897,0.533530
Cohen-Coon,3.2400,1.000000,0.982247,0.525715
Cohen-Coon,3.2600,1.000000,0.984830,0.517777
Cohen-Coon,3.2800,1.000000,0.987588,0.509860
Cohen-Coon,3.3000,1.000000,0.990466,0.502093
Cohen-Coon,3.3200,1.000000,0.993405,0.494595
Cohen-Coon,3.3400,1.000000,0.996355,0.487469
Cohen-Coon,3.3600,1.000000,0.999263,0.480811
Cohen-Coon,3.3800,1.000000,1.002083,0.474703
Cohen-Coon,3.4000,1.000000,1.004770,0.469223
Cohen-Coon,3.4200,1.000000,1.007280,0.464464
Cohen-Coon,3.4400,1.000000,1.009570,0.460526
Cohen-Coon,3.4600,1.000000,1.011603,0.457495
Cohen-Coon,3.4800,1.000000,1.013346,0.455405
Cohen-Coon,3.5000,1.000000,1.014780,0.454243
Cohen-Coon,3.5200,1.000000,1.015890,0.453966
Cohen-Coon,3.5400,1.000000,1.016671,0.454525
Cohen-Coon,3.5600,1.000000,1.017124,0.455864
Cohen-Coon,3.5800,1.000000,1.017253,0.457925
Cohen-Coon,3.6000,1.000000,1.017070,0.460645
Cohen-Coon,3.6200,1.000000,1.016591,0.463951
Cohen-Coon,3.6400,1.000000,1.015835,0.467769
Cohen-Coon,3.6600,1.000000,1.014826,0.472022
Cohen-Coon,3.6800,1.000000,1.013590,0.476629
Cohen-Coon,3.7000,1.000000,1.012154,0.481506
Cohen-Coon,3.7200,1.000000,1.010551,0.486566
Cohen-Coon,3.7400,1.000000,1.008815,0.491701
Cohen-Coon,3.7600,1.000000,1.006985,0.496797
Cohen-Coon,3.7800,1.000000,1.005099,0.501741
Cohen-Coon,3.8000,1.000000,1.003195,0.506439
Cohen-Coon,3.8200,1.000000,1.001309,0.510819
Cohen-Coon,3.8400,1.000000,0.999475,0.514824
Cohen-Coon,3.8600,1.000000,0.997723,0.518406
Cohen-Coon,3.8800,1.000000,0.996079,0.521526
Cohen-Coon,3.9000,1.000000,0.994570,0.524147
Cohen-Coon,3.9200,1.000000,0.993216,0.526244
Cohen-Coon,3.9400,1.000000,0.992035,0.527799
Cohen-Coon,3.9600,1.000000,0.991042,0.528803
Cohen-Coon,3.9800,1.000000,0.990248,0.529253
Cohen-Coon,4.0000,1.000000,0.989660,0.529154
Cohen-Coon,4.0200,1.000000,0.989282,0.528521
Cohen-Coon,4.0400,1.000000,0.989115,0.527379
Cohen-Coon,4.0600,1.000000,0.989154,0.525771
Cohen-Coon,4.0800,1.000000,0.989390,0.523750
Cohen-Coon,4.1000,1.000000,0.989809,0.521381
Cohen-Coon,4.1200,1.000000,0.990397,0.518726
Cohen-Coon,4.1400,1.000000,0.991136,0.515845
Cohen-Coon,4.1600,1.000000,0.992006,0.512796
Cohen-Coon,4.1800,1.000000,0.992987,0.509634
Cohen-Coon,4.2000,1.000000,0.994058,0.506417
Cohen-Coon,4.2200,1.000000,0.995196,0.503202
Cohen-Coon,4.2400,1.000000,0.996378,0.500045
Cohen-Coon,4.2600,1.000000,0.997582,0.497000
Cohen-Coon,4.2800,1.000000,0.998785,0.494118
Cohen-Coon,4.3000,1.000000,0.999966,0.491446
Cohen-Coon,4.3200,1.000000,1.001104,0.489030
Cohen-Coon,4.3400,1.000000,1.002178,0.486909
Cohen-Coon,4.3600,1.000000,1.003173,0.485112
Cohen-Coon,4.3800,1.000000,1.004071,0.483661
Cohen-Coon,4.4000,1.000000,1.004862,0.482565
Cohen-Coon,4.4200,1.000000,1.005534,0.481824
Cohen-Coon,4.4400,1.000000,1.006081,0.481438
Cohen-Coon,4.4600,1.000000,1.006497,0.481395
Cohen-Coon,4.4800,1.000000,1.006782,0.481684
Cohen-Coon,4.5000,1.000000,1.006933,0.482291
Cohen-Coon,4.5200,1.000000,1.006954,0.483196
Cohen-Coon,4.5400,1.000000,1.006849,0.484368
Cohen-Coon,4.5600,1.000000,1.006624,0.485783
Cohen-Coon,4.5800,1.000000,1.006288,0.487404
Cohen-Coon,4.6000,1.000000,1.005851,0.489196
Cohen-Coon,4.6200,1.000000,1.005324,0.491117
Cohen-Coon,4.6400,1.000000,1.004720,0.493127
Cohen-Coon,4.6600,1.000000,1.004054,0.495185
Cohen-Coon,4.6800,1.000000,1.003340,0.497247
Cohen-Coon,4.7000,1.000000,1.002593,0.499277
Cohen-Coon,4.7200,1.000000,1.001828,0.501240
Cohen-Coon,4.7400,1.000000,1.001060,0.503105
Cohen-Coon,4.7600,1.000000,1.000302,0.504845
Cohen-Coon,4.7800,1.000000,0.999567,0.506434
Cohen-Coon,4.8000,1.000000,0.998867,0.507848
Cohen-Coon,4.8200,1.000000,0.998215,0.509070
Cohen-Coon,4.8400,1.000000,0.997619,0.510081
Cohen-Coon,4.8600,1.000000,0.997088,0.510873
Cohen-Coon,4.8800,1.000000,0.996631,0.511437
Cohen-Coon,4.9000,1.000000,0.996252,0.511771
Cohen-Coon,4.9200,1.000000,0.995955,0.511878
Cohen-Coon,4.9400,1.000000,0.995743,0.511764
Cohen-Coon,4.9600,1.000000,0.995616,0.511440
Cohen-Coon,4.9800,1.000000,0.995574,0.510922
Cohen-Coon,5.0000,1.000000,0.995613,0.510227
Cohen-Coon,5.0200,1.000000,0.995730,0.509377
Cohen-Coon,5.0400,1.000000,0.995919,0.508390
Cohen-Coon,5.0600,1.000000,0.996175,0.507290
Cohen-Coon,5.0800,1.000000,0.996490,0.506100
Cohen-Coon,5.1000,1.000000,0.996857,0.504844
Cohen-Coon,5.1200,1.000000,0.997267,0.503546
Cohen-Coon,5.1400,1.000000,0.997711,0.502232
Cohen-Coon,5.1600,1.000000,0.998180,0.500927
Cohen-Coon,5.1800,1.000000,0.998664,0.499654
Cohen-Coon,5.2000,1.000000,0.999153,0.498436
Cohen-Coon,5.2200,1.000000,0.999640,0.497292
Cohen-Coon,5.2400,1.000000,1.000115,0.496243
Cohen-Coon,5.2600,1.000000,1.000569,0.495302
Cohen-Coon,5.2800,1.000000,1.000996,0.494482
Cohen-Coon,5.3000,1.000000,1.001389,0.493794
Cohen-Coon,5.3200,1.000000,1.001741,0.493242
Cohen-Coon,5.3400,1.000000,1.002049,0.492834
Cohen-Coon,5.3600,1.000000,1.002308,0.492569
Cohen-Coon,5.3800,1.000000,1.002516,0.492447
Cohen-Coon,5.4000,1.000000,1.002671,0.492468
Cohen-Coon,5.4200,1.000000,1.002771,0.492624
Cohen-Coon,5.4400,1.000000,1.002817,0.492907
Cohen-Coon,5.4600,1.000000,1.002811,0.493309
Cohen-Coon,5.4800,1.000000,1.002754,0.493818
Cohen-Coon,5.5000,1.000000,1.002650,0.494418
Cohen-Coon,5.5200,1.000000,1.002501,0.495099
Cohen-Coon,5.5400,1.000000,1.002313,0.495841
Cohen-Coon,5.5600,1.000000,1.002090,0.496628
Cohen-Coon,5.5800,1.000000,1.001838,0.497448
Cohen-Coon,5.6000,1.000000,1.001562,0.498280
Cohen-Coon,5.6200,1.000000,1.001269,0.499114
Cohen-Coon,5.6400,1.000000,1.000963,0.499931
Cohen-Coon,5.6600,1.000000,1.000652,0.500719
Cohen-Coon,5.6800,1.000000,1.000341,0.501465
Cohen-Coon,5.7000,1.000000,1.000036,0.502157
Cohen-Coon,5.7200,1.000000,0.999741,0.502783
Cohen-Coon,5.7400,1.000000,0.999462,0.503336
Cohen-Coon,5.7600,1.000000,0.999203,0.503807
Cohen-Coon,5.7800,1.000000,0.998969,0.504190
Cohen-Coon,5.8000,1.000000,0.998762,0.504483
Cohen-Coon,5.8200,1.000000,0.998586,0.504685
Cohen-Coon,5.8400,1.000000,0.998442,0.504792
Cohen-Coon,5.8600,1.000000,0.998331,0.504810
Cohen-Coon,5.8800,1.000000,0.998255,0.504740
Cohen-Coon,5.9000,1.000000,0.998213,0.504588
Cohen-Coon,5.9200,1.000000,0.998205,0.504358
Cohen-Coon,5.9400,1.000000,0.998230,0.504059
Cohen-Coon,5.9600,1.000000,0.998286,0.503697
Cohen-Coon,5.9800,1.000000,0.998371,0.503283
Cohen-Coon,6.0000,1.000000,0.998482,0.502824
Cohen-Coon,6.0200,1.000000,0.998616,0.502331
Cohen-Coon,6.0400,1.000000,0.998770,0.501815
Cohen-Coon,6.0600,1.000000,0.998941,0.501286
Cohen-Coon,6.0800,1.000000,0.999124,0.500753
Cohen-Coon,6.1000,1.000000,0.999317,0.500227
Cohen-Coon,6.1200,1.000000,0.999514,0.499717
Cohen-Coon,6.1400,1.000000,0.999713,0.499232
Cohen-Coon,6.1600,1.000000,0.999909,0.498779
Cohen-Coon,6.1800,1.000000,1.000099,0.498366
Cohen-Coon,6.2000,1.000000,1.000281,0.497997
Cohen-Coon,6.2200,1.000000,1.000450,0.497678
Cohen-Coon,6.2400,1.000000,1.000605,0.497414
Cohen-Coon,6.2600,1.000000,1.000743,0.497205
Cohen-Coon,6.2800,1.000000,1.000863,0.497057
Cohen-Coon,6.3000,1.000000,1.000962,0.496965
Cohen-Coon,6.3200,1.000000,1.001040,0.496934
Cohen-Coon,6.3400,1.000000,1.001097,0.496959
Cohen-Coon,6.3600,1.000000,1.001131,0.497037
Cohen-Coon,6.3800,1.000000,1.001144,0.497165
Cohen-Coon,6.4000,1.000000,1.001135,0.497342
Cohen-Coon,6.4200,1.000000,1.001107,0.497559
Cohen-Coon,6.4400,1.000000,1.001059,0.497812
Cohen-Coon,6.4600,1.000000,1.000994,0.498095
Cohen-Coon,6.4800,1.000000,1.000914,0.498402
Cohen-Coon,6.5000,1.000000,1.000820,0.498725
Cohen-Coon,6.5200,1.000000,1.000715,0.499059
Cohen-Coon,6.5400,1.000000,1.000600,0.499399
Cohen-Coon,6.5600,1.000000,1.000480,0.499736
Cohen-Coon,6.5800,1.000000,1.000355,0.500065
Cohen-Coon,6.6000,1.000000,1.000229,0.500380
Cohen-Coon,6.6200,1.000000,1.000103,0.500678
Cohen-Coon,6.6400,1.000000,0.999980,0.500950
Cohen-Coon,6.6600,1.000000,0.999862,0.501196
Cohen-Coon,6.6800,1.000000,0.999751,0.501410
Cohen-Coon,6.7000,1.000000,0.999649,0.501591
Cohen-Coon,6.7200,1.000000,0.999557,0.501737
Cohen-Coon,6.7400,1.000000,0.999477,0.501845
Cohen-Coon,6.7600,1.000000,0.999409,0.501916
Cohen-Coon,6.7800,1.000000,0.999354,0.501950
Cohen-Coon,6.8000,1.000000,0.999313,0.501947
Cohen-Coon,6.8200,1.000000,0.999286,0.501908
Cohen-Coon,6.8400,1.000000,0.999273,0.501838
Cohen-Coon,6.8600,1.000000,0.999274,0.501736
Cohen-Coon,6.8800,1.000000,0.999287,0.501607
Cohen-Coon,6.9000,1.000000,0.999313,0.501454
Cohen-Coon,6.9200,1.000000,0.999351,0.501280
Cohen-Coon,6.9400,1.000000,0.999399,0.501090
Cohen-Coon,6.9600,1.000000,0.999456,0.500887
Cohen-Coon,6.9800,1.000000,0.999520,0.500676
Cohen-Coon,7.0000,1.000000,0.999591,0.500460
Cohen-Coon,7.0200,1.000000,0.999667,0.500244
Cohen-Coon,7.0400,1.000000,0.999745,0.500033
Cohen-Coon,7.0600,1.000000,0.999826,0.499829
Cohen-Coon,7.0800,1.000000,0.999906,0.499635
Cohen-Coon,7.1000,1.000000,0.999985,0.499456
Cohen-Coon,7.1200,1.000000,1.000061,0.499292
Cohen-Coon,7.1400,1.000000,1.000134,0.499149
Cohen-Coon,7.1600,1.000000,1.000201,0.499025
Cohen-Coon,7.1800,1.000000,1.000262,0.498924
Cohen-Coon,7.2000,1.000000,1.000316,0.498846
Cohen-Coon,7.2200,1.000000,1.000362,0.498794
Cohen-Coon,7.2400,1.000000,1.000400,0.498764
Cohen-Coon,7.2600,1.000000,1.000429,0.498757
Cohen-Coon,7.2800,1.000000,1.000450,0.498774
Cohen-Coon,7.3000,1.000000,1.000461,0.498810
Cohen-Coon,7.3200,1.000000,1.000464,0.498868
Cohen-Coon,7.3400,1.000000,1.000458,0.498946
Cohen-Coon,7.3600,1.000000,1.000444,0.499038
Cohen-Coon,7.3800,1.000000,1.000423,0.499143
Cohen-Coon,7.4000,1.000000,1.000395,0.499262
Cohen-Coon,7.4200,1.000000,1.000360,0.499387
Cohen-Coon,7.4400,1.000000,1.000321,0.499522
Cohen-Coon,7.4600,1.000000,1.000277,0.499658
Cohen-Coon,7.4800,1.000000,1.000230,0.499794
Cohen-Coon,7.5000,1.000000,1.000180,0.499932
Cohen-Coon,7.5200,1.000000,1.000129,0.500063
Cohen-Coon,7.5400,1.000000,1.000078,0.500188
Cohen-Coon,7.5600,1.000000,1.000027,0.500306
Cohen-Coon,7.5800,1.000000,0.999978,0.500415
Cohen-Coon,7.6000,1.000000,0.999931,0.500511
Cohen-Coon,7.6200,1.000000,0.999887,0.500594
Cohen-Coon,7.6400,1.000000,0.999847,0.500663
Cohen-Coon,7.6600,1.000000,0.999811,0.500718
Cohen-Coon,7.6800,1.000000,0.999779,0.500758
Cohen-Coon,7.7000,1.000000,0.999753,0.500783
Cohen-Coon,7.7200,1.000000,0.999733,0.500791
Cohen-Coon,7.7400,1.000000,0.999718,0.500787
Cohen-Coon,7.7600,1.000000,0.999708,0.500768
Cohen-Coon,7.7800,1.000000,0.999705,0.500735
Cohen-Coon,7.8000,1.000000,0.999706,0.500690
Cohen-Coon,7.8200,1.000000,0.999713,0.500635
Cohen-Coon,7.8400,1.000000,0.999725,0.500571
Cohen-Coon,7.8600,1.000000,0.999742,0.500499
Cohen-Coon,7.8800,1.000000,0.999762,0.500419
Cohen-Coon,7.9000,1.000000,0.999786,0.500336
Cohen-Coon,7.9200,1.000000,0.999813,0.500249
Cohen-Coon,7.9400,1.000000,0.999843,0.500162
Cohen-Coon,7.9600,1.000000,0.999874,0.500074
Cohen-Coon,7.9800,1.000000,0.999906,0.499990
Cohen-Coon,8.0000,1.000000,0.999938,0.499908
Cohen-Coon,8.0200,1.000000,0.999971,0.499831
Cohen-Coon,8.0400,1.000000,1.000003,0.499760
Cohen-Coon,8.0600,1.000000,1.000033,0.499696
Cohen-Coon,8.0800,1.000000,1.000062,0.499639
Cohen-Coon,8.1000,1.000000,1.000089,0.499593
Cohen-Coon,8.1200,1.000000,1.000113,0.499553
Cohen-Coon,8.1400,1.000000,1.000134,0.499525
Cohen-Coon,8.1600,1.000000,1.000152,0.499506
Cohen-Coon,8.1800,1.000000,1.000166,0.499497
Cohen-Coon,8.2000,1.000000,1.000177,0.499497
Cohen-Coon,8.2200,1.000000,1.000184,0.499506
Cohen-Coon,8.2400,1.000000,1.000188,0.499523
Cohen-Coon,8.2600,1.000000,1.000188,0.499550
Cohen-Coon,8.2800,1.000000,1.000184,0.499583
Cohen-Coon,8.3000,1.000000,1.000178,0.499621
Cohen-Coon,8.3200,1.000000,1.000168,0.499666
Cohen-Coon,8.3400,1.000000,1.000156,0.499714
Cohen-Coon,8.3600,1.000000,1.000142,0.499766
Cohen-Coon,8.3800,1.000000,1.000125,0.499821
Cohen-Coon,8.4000,1.000000,1.000107,0.499876
Cohen-Coon,8.4200,1.000000,1.000088,0.499932
Cohen-Coon,8.4400,1.000000,1.000067,0.499987
Cohen-Coon,8.4600,1.000000,1.000047,0.500041
Cohen-Coon,8.4800,1.000000,1.000026,0.500090
Cohen-Coon,8.5000,1.000000,1.000005,0.500138
Cohen-Coon,8.5200,1.000000,0.999986,0.500179
Cohen-Coon,8.5400,1.000000,0.999967,0.500217
Cohen-Coon,8.5600,1.000000,0.999949,0.500249
Cohen-Coon,8.5800,1.000000,0.999933,0.500275
Cohen-Coon,8.6000,1.000000,0.999919,0.500296
Cohen-Coon,8.6200,1.000000,0.999907,0.500311
Cohen-Coon,8.6400,1.000000,0.999897,0.500319
Cohen-Coon,8.6600,1.000000,0.999890,0.500321
Cohen-Coon,8.6800,1.000000,0.999884,0.500317
Cohen-Coon,8.7000,1.000000,0.999881,0.500308
Cohen-Coon,8.7200,1.000000,0.999880,0.500293
Cohen-Coon,8.7400,1.000000,0.999882,0.500274
Cohen-Coon,8.7600,1.000000,0.999885,0.500250
Cohen-Coon,8.7800,1.000000,0.999890,0.500223
Cohen-Coon,8.8000,1.000000,0.999897,0.500194
Cohen-Coon,8.8200,1.000000,0.999906,0.500160
Cohen-Coon,8.8400,1.000000,0.999916,0.500126
Cohen-Coon,8.8600,1.000000,0.999928,0.500091
Cohen-Coon,8.8800,1.000000,0.999940,0.500055
Cohen-Coon,8.9000,1.000000,0.999952,0.500020
Cohen-Coon,8.9200,1.000000,0.999966,0.499987
Cohen-Coon,8.9400,1.000000,0.999979,0.499954
Cohen-Coon,8.9600,1.000000,0.999992,0.499923
Cohen-Coon,8.9800,1.000000,1.000005,0.499895
Cohen-Coon,9.0000,1.000000,1.000017,0.499870
Cohen-Coon,9.0200,1.000000,1.000028,0.499848
Cohen-Coon,9.0400,1.000000,1.000039,0.499830
Cohen-Coon,9.0600,1.000000,1.000048,0.499817
Cohen-Coon,9.0800,1.000000,1.000056,0.499806
Cohen-Coon,9.1000,1.000000,1.000063,0.499799
Cohen-Coon,9.1200,1.000000,1.000069,0.499795
Cohen-Coon,9.1400,1.000000,1.000073,0.499797
Cohen-Coon,9.1600,1.000000,1.000075,0.499800
Cohen-Coon,9.1800,1.000000,1.000076,0.499809
Cohen-Coon,9.2000,1.000000,1.000076,0.499822
Cohen-Coon,9.2200,1.000000,1.000074,0.499835
Cohen-Coon,9.2400,1.000000,1.000071,0.499851
Cohen-Coon,9.2600,1.000000,1.000067,0.499870
Cohen-Coon,9.2800,1.000000,1.000062,0.499891
Cohen-Coon,9.3000,1.000000,1.000056,0.499911
Cohen-Coon,9.3200,1.000000,1.000049,0.499934
Cohen-Coon,9.3400,1.000000,1.000041,0.499957
Cohen-Coon,9.3600,1.000000,1.000033,0.499979
Cohen-Coon,9.3800,1.000000,1.000025,0.500002
Cohen-Coon,9.4000,1.000000,1.000017,0.500023
Cohen-Coon,9.4200,1.000000,1.000008,0.500043
Cohen-Coon,9.4400,1.000000,1.000000,0.500060
Cohen-Coon,9.4600,1.000000,0.999992,0.500077
Cohen-Coon,9.4800,1.000000,0.999985,0.500092
Cohen-Coon,9.5000,1.000000,0.999978,0.500104
Cohen-Coon,9.5200,1.000000,0.999971,0.500114
Cohen-Coon,9.5400,1.000000,0.999966,0.500122
Cohen-Coon,9.5600,1.000000,0.999961,0.500127
Cohen-Coon,9.5800,1.000000,0.999957,0.500130
Cohen-Coon,9.6000,1.000000,0.999955,0.500130
Cohen-Coon,9.6200,1.000000,0.999953,0.500128
Cohen-Coon,9.6400,1.000000,0.999952,0.500124
Cohen-Coon,9.6600,1.000000,0.999952,0.500117
Cohen-Coon,9.6800,1.000000,0.999952,0.500109
Cohen-Coon,9.7000,1.000000,0.999954,0.500099
Cohen-Coon,9.7200,1.000000,0.999956,0.500087
Cohen-Coon,9.7400,1.000000,0.999959,0.500074
Cohen-Coon,9.7600,1.000000,0.999963,0.500062
Cohen-Coon,9.7800,1.000000,0.999967,0.500048
Cohen-Coon,9.8000,1.000000,0.999972,0.500033
Cohen-Coon,9.8200,1.000000,0.999977,0.500019
Cohen-Coon,9.8400,1.000000,0.999982,0.500005
Cohen-Coon,9.8600,1.000000,0.999988,0.499991
Cohen-Coon,9.8800,1.000000,0.999993,0.499978
Cohen-Coon,9.9000,1.000000,0.999998,0.499965
Cohen-Coon,9.9200,1.000000,1.000003,0.499955
Cohen-Coon,9.9400,1.000000,1.000008,0.499945
Cohen-Coon,9.9600,1.000000,1.000013,0.499935
Cohen-Coon,9.9800,1.000000,1.000017,0.499929
Cohen-Coon,10.0000,1.000000,1.000021,0.499924
Cohen-Coon,10.0200,1.000000,1.000024,0.499920
Cohen-Coon,10.0400,1.000000,1.000026,0.499918
Cohen-Coon,10.0600,1.000000,1.000028,0.499918
Cohen-Coon,10.0800,1.000000,1.000030,0.499918
Cohen-Coon,10.1000,1.000000,1.000031,0.499919
Cohen-Coon,10.1200,1.000000,1.000031,0.499925
Cohen-Coon,10.1400,1.000000,1.000031,0.499929
Cohen-Coon,10.1600,1.000000,1.000030,0.499935
Cohen-Coon,10.1800,1.000000,1.000028,0.499942
Cohen-Coon,10.2000,1.000000,1.000027,0.499949
Cohen-Coon,10.2200,1.000000,1.000024,0.499958
Cohen-Coon,10.2400,1.000000,1.000022,0.499966
Cohen-Coon,10.2600,1.000000,1.000019,0.499975
Cohen-Coon,10.2800,1.000000,1.000016,0.499986
Cohen-Coon,10.3000,1.000000,1.000013,0.499995
Cohen-Coon,10.3200,1.000000,1.000009,0.500004
Cohen-Coon,10.3400,1.000000,1.000006,0.500011
Cohen-Coon,10.3600,1.000000,1.000002,0.500019
Cohen-Coon,10.3800,1.000000,0.999999,0.500027
Cohen-Coon,10.4000,1.000000,0.999996,0.500033
Cohen-Coon,10.4200,1.000000,0.999993,0.500039
Cohen-Coon,10.4400,1.000000,0.999990,0.500044
Cohen-Coon,10.4600,1.000000,0.999988,0.500047
Cohen-Coon,10.4800,1.000000,0.999986,0.500050
Cohen-Coon,10.5000,1.000000,0.999984,0.500052
Cohen-Coon,10.5200,1.000000,0.999982,0.500053
Cohen-Coon,10.5400,1.000000,0.999981,0.500052
Cohen-Coon,10.5600,1.000000,0.999981,0.500051
Cohen-Coon,10.5800,1.000000,0.999980,0.500049
Cohen-Coon,10.6000,1.000000,0.999981,0.500046
Cohen-Coon,10.6200,1.000000,0.999981,0.500043
Cohen-Coon,10.6400,1.000000,0.999982,0.500038
Cohen-Coon,10.6600,1.000000,0.999983,0.500033
Cohen-Coon,10.6800,1.000000,0.999984,0.500028
Cohen-Coon,10.7000,1.000000,0.999986,0.500023
Cohen-Coon,10.7200,1.000000,0.999987,0.500018
Cohen-Coon,10.7400,1.000000,0.999989,0.500012
Cohen-Coon,10.7600,1.000000,0.999991,0.500005
Cohen-Coon,10.7800,1.000000,0.999993,0.500000
Cohen-Coon,10.8000,1.000000,0.999996,0.499995
Cohen-Coon,10.8200,1.000000,0.999998,0.499990
Cohen-Coon,10.8400,1.000000,1.000000,0.499984
Cohen-Coon,10.8600,1.000000,1.000002,0.499981
Cohen-Coon,10.8800,1.000000,1.000004,0.499977
Cohen-Coon,10.9000,1.000000,1.000006,0.499973
Cohen-Coon,10.9200,1.000000,1.000007,0.499971
Cohen-Coon,10.9400,1.000000,1.000009,0.499969
Cohen-Coon,10.9600,1.000000,1.000010,0.499967
Cohen-Coon,10.9800,1.000000,1.000011,0.499967
Cohen-Coon,11.0000,1.000000,1.000012,0.499967
Cohen-Coon,11.0200,1.000000,1.000012,0.499968
Cohen-Coon,11.0400,1.000000,1.000012,0.499967
Cohen-Coon,11.0600,1.000000,1.000013,0.499970
Cohen-Coon,11.0800,1.000000,1.000012,0.499973
Cohen-Coon,11.1000,1.000000,1.000012,0.499974
Cohen-Coon,11.1200,1.000000,1.000011,0.499977
Cohen-Coon,11.1400,1.000000,1.000011,0.499981
Cohen-Coon,11.1600,1.000000,1.000010,0.499983
Cohen-Coon,11.1800,1.000000,1.000009,0.499988
Cohen-Coon,11.2000,1.000000,1.000007,0.499992
Cohen-Coon,11.2200,1.000000,1.000006,0.499995
Cohen-Coon,11.2400,1.000000,1.000005,0.499998
Cohen-Coon,11.2600,1.000000,1.000003,0.500001
Cohen-Coon,11.2800,1.000000,1.000002,0.500006
Cohen-Coon,11.3000,1.000000,1.000001,0.500010
Cohen-Coon,11.3200,1.000000,0.999999,0.500012
Cohen-Coon,11.3400,1.000000,0.999998,0.500014
Cohen-Coon,11.3600,1.000000,0.999997,0.500017
Cohen-Coon,11.3800,1.000000,0.999996,0.500019
Cohen-Coon,11.4000,1.000000,0.999995,0.500019
Cohen-Coon,11.4200,1.000000,0.999994,0.500021
Cohen-Coon,11.4400,1.000000,0.999993,0.500021
Cohen-Coon,11.4600,1.000000,0.999993,0.500021
Cohen-Coon,11.4800,1.000000,0.999992,0.500022
Cohen-Coon,11.5000,1.000000,0.999992,0.500020
Cohen-Coon,11.5200,1.000000,0.999992,0.500020
Cohen-Coon,11.5400,1.000000,0.999992,0.500018
Cohen-Coon,11.5600,1.000000,0.999992,0.500017
Cohen-Coon,11.5800,1.000000,0.999993,0.500015
Cohen-Coon,11.6000,1.000000,0.999993,0.500013
Cohen-Coon,11.6200,1.000000,0.999994,0.500011
Cohen-Coon,11.6400,1.000000,0.999994,0.500009
Cohen-Coon,11.6600,1.000000,0.999995,0.500006
Cohen-Coon,11.6800,1.000000,0.999996,0.500004
Cohen-Coon,11.7000,1.000000,0.999997,0.500001
Cohen-Coon,11.7200,1.000000,0.999998,0.499999
Cohen-Coon,11.7400,1.000000,0.999999,0.499997
Cohen-Coon,11.7600,1.000000,0.999999,0.499995
Cohen-Coon,11.7800,1.000000,1.000000,0.499993
Cohen-Coon,11.8000,1.000000,1.000001,0.499992
Cohen-Coon,11.8200,1.000000,1.000002,0.499989
Cohen-Coon,11.8400,1.000000,1.000003,0.499989
Cohen-Coon,11.8600,1.000000,1.000003,0.499989
Cohen-Coon,11.8800,1.000000,1.000004,0.499988
Cohen-Coon,11.9000,1.000000,1.000004,0.499986
Cohen-Coon,11.9200,1.000000,1.000005,0.499986
Cohen-Coon,11.9400,1.000000,1.000005,0.499986
Cohen-Coon,11.9600,1.000000,1.000005,0.499988
Cohen-Coon,11.9800,1.000000,1.000005,0.499988
Cohen-Coon,12.0000,1.000000,1.000005,0.499988
Cohen-Coon,12.0200,1.000000,1.000005,0.499989
Cohen-Coon,12.0400,1.000000,1.000005,0.499990
Cohen-Coon,12.0600,1.000000,1.000004,0.499991
Cohen-Coon,12.0800,1.000000,1.000004,0.499993
Cohen-Coon,12.1000,1.000000,1.000004,0.499994
Cohen-Coon,12.1200,1.000000,1.000003,0.499996
Cohen-Coon,12.1400,1.000000,1.000003,0.499997
Cohen-Coon,12.1600,1.000000,1.000002,0.499998
Cohen-Coon,12.1800,1.000000,1.000002,0.500001
Cohen-Coon,12.2000,1.000000,1.000001,0.500001
Cohen-Coon,12.2200,1.000000,1.000001,0.500003
Cohen-Coon,12.2400,1.000000,1.000000,0.500005
Cohen-Coon,12.2600,1.000000,0.999999,0.500006
Cohen-Coon,12.2800,1.000000,0.999999,0.500006
Cohen-Coon,12.3000,1.000000,0.999999,0.500007
Cohen-Coon,12.3200,1.000000,0.999998,0.500007
Cohen-Coon,12.3400,1.000000,0.999998,0.500008
Cohen-Coon,12.3600,1.000000,0.999997,0.500009
Cohen-Coon,12.3800,1.000000,0.999997,0.500009
Cohen-Coon,12.4000,1.000000,0.999997,0.500009
Cohen-Coon,12.4200,1.000000,0.999997,0.500008
Cohen-Coon,12.4400,1.000000,0.999997,0.500008
Cohen-Coon,12.4600,1.000000,0.999997,0.500008
Cohen-Coon,12.4800,1.000000,0.999997,0.500008
Cohen-Coon,12.5000,1.000000,0.999997,0.500006
Cohen-Coon,12.5200,1.000000,0.999997,0.500006
Cohen-Coon,12.5400,1.000000,0.999997,0.500005
Cohen-Coon,12.5600,1.000000,0.999998,0.500004
Cohen-Coon,12.5800,1.000000,0.999998,0.500003
Cohen-Coon,12.6000,1.000000,0.999998,0.500002
Cohen-Coon,12.6200,1.000000,0.999998,0.500002
Cohen-Coon,12.6400,1.000000,0.999999,0.500000
Cohen-Coon,12.6600,1.000000,0.999999,0.499999
Cohen-Coon,12.6800,1.000000,1.000000,0.499999
Cohen-Coon,12.7000,1.000000,1.000000,0.499998
Cohen-Coon,12.7200,1.000000,1.000000,0.499998
Cohen-Coon,12.7400,1.000000,1.000001,0.499997
Cohen-Coon,12.7600,1.000000,1.000001,0.499995
Cohen-Coon,12.7800,1.000000,1.000001,0.499996
Cohen-Coon,12.8000,1.000000,1.000001,0.499995
Cohen-Coon,12.8200,1.000000,1.000002,0.499995
Cohen-Coon,12.8400,1.000000,1.000002,0.499994
Cohen-Coon,12.8600,1.000000,1.000002,0.499995
Cohen-Coon,12.8800,1.000000,1.000002,0.499995
Cohen-Coon,12.9000,1.000000,1.000002,0.499995
Cohen-Coon,12.9200,1.000000,1.000002,0.499995
Cohen-Coon,12.9400,1.000000,1.000002,0.499995
Cohen-Coon,12.9600,1.000000,1.000002,0.499995
Cohen-Coon,12.9800,1.000000,1.000002,0.499997
Cohen-Coon,13.0000,1.000000,1.000002,0.499998
Cohen-Coon,13.0200,1.000000,1.000002,0.499998
Cohen-Coon,13.0400,1.000000,1.000001,0.499998
Cohen-Coon,13.0600,1.000000,1.000001,0.499997
Cohen-Coon,13.0800,1.000000,1.000001,0.499999
Cohen-Coon,13.1000,1.000000,1.000001,0.500000
Cohen-Coon,13.1200,1.000000,1.000001,0.500001
Cohen-Coon,13.1400,1.000000,1.000000,0.500000
Cohen-Coon,13.1600,1.000000,1.000000,0.500003
Cohen-Coon,13.1800,1.000000,1.000000,0.500001
Cohen-Coon,13.2000,1.000000,1.000000,0.500003
Cohen-Coon,13.2200,1.000000,1.000000,0.500003
Cohen-Coon,13.2400,1.000000,0.999999,0.500003
Cohen-Coon,13.2600,1.000000,0.999999,0.500004
Cohen-Coon,13.2800,1.000000,0.999999,0.500003
Cohen-Coon,13.3000,1.000000,0.999999,0.500003
Cohen-Coon,13.3200,1.000000,0.999999,0.500004
Cohen-Coon,13.3400,1.000000,0.999999,0.500003
Cohen-Coon,13.3600,1.000000,0.999999,0.500003
Cohen-Coon,13.3800,1.000000,0.999999,0.500003
Cohen-Coon,13.4000,1.000000,0.999999,0.500003
Cohen-Coon,13.4200,1.000000,0.999999,0.500003
Cohen-Coon,13.4400,1.000000,0.999999,0.500002
Cohen-Coon,13.4600,1.000000,0.999999,0.500003
Cohen-Coon,13.4800,1.000000,0.999999,0.500002
Cohen-Coon,13.5000,1.000000,0.999999,0.500002
Cohen-Coon,13.5200,1.000000,0.999999,0.500001
Cohen-Coon,13.5400,1.000000,0.999999,0.500000
Cohen-Coon,13.5600,1.000000,0.999999,0.500000
Cohen-Coon,13.5800,1.000000,1.000000,0.500000
Cohen-Coon,13.6000,1.000000,1.000000,0.500000
Cohen-Coon,13.6200,1.000000,1.000000,0.499999
Cohen-Coon,13.6400,1.000000,1.000000,0.499999
Cohen-Coon,13.6600,1.000000,1.000000,0.499998
Cohen-Coon,13.6800,1.000000,1.000000,0.499998
Cohen-Coon,13.7000,1.000000,1.000000,0.499997
Cohen-Coon,13.7200,1.000000,1.000000,0.499997
Cohen-Coon,13.7400,1.000000,1.000001,0.499999
Cohen-Coon,13.7600,1.000000,1.000001,0.499998
Cohen-Coon,13.7800,1.000000,1.000001,0.499997
Cohen-Coon,13.8000,1.000000,1.000001,0.499998
Cohen-Coon,13.8200,1.000000,1.000001,0.499998
Cohen-Coon,13.8400,1.000000,1.000001,0.499999
Cohen-Coon,13.8600,1.000000,1.000001,0.499999
Cohen-Coon,13.8800,1.000000,1.000001,0.499999
Cohen-Coon,13.9000,1.000000,1.000001,0.499999
Cohen-Coon,13.9200,1.000000,1.000001,0.499999
Cohen-Coon,13.9400,1.000000,1.000001,0.500000
Cohen-Coon,13.9600,1.000000,1.000001,0.499999
Cohen-Coon,13.9800,1.000000,1.000000,0.500000
Cohen-Coon,14.0000,1.000000,1.000000,0.500001
Cohen-Coon,14.0200,1.000000,1.000000,0.500000
Cohen-Coon,14.0400,1.000000,1.000000,0.500000
Cohen-Coon,14.0600,1.000000,1.000000,0.500002
Cohen-Coon,14.0800,1.000000,1.000000,0.500002
Cohen-Coon,14.1000,1.000000,1.000000,0.500002
Cohen-Coon,14.1200,1.000000,1.000000,0.500002
Cohen-Coon,14.1400,1.000000,1.000000,0.500001
Cohen-Coon,14.1600,1.000000,1.000000,0.500002
Cohen-Coon,14.1800,1.000000,1.000000,0.500002
Cohen-Coon,14.2000,1.000000,1.000000,0.500002
Cohen-Coon,14.2200,1.000000,1.000000,0.500001
Cohen-Coon,14.2400,1.000000,1.000000,0.500002
Cohen-Coon,14.2600,1.000000,1.000000,0.500001
Cohen-Coon,14.2800,1.000000,1.000000,0.500001
Cohen-Coon,14.3000,1.000000,1.000000,0.500001
Cohen-Coon,14.3200,1.000000,1.000000,0.500001
Cohen-Coon,14.3400,1.000000,1.000000,0.500000
Cohen-Coon,14.3600,1.000000,1.000000,0.500001
Cohen-Coon,14.3800,1.000000,1.000000,0.500001
Cohen-Coon,14.4000,1.000000,1.000000,0.500000
Cohen-Coon,14.4200,1.000000,1.000000,0.500000
Cohen-Coon,14.4400,1.000000,1.000000,0.500000
Cohen-Coon,14.4600,1.000000,1.000000,0.500000
Cohen-Coon,14.4800,1.000000,1.000000,0.500000
Cohen-Coon,14.5000,1.000000,1.000000,0.499998
Cohen-Coon,14.5200,1.000000,1.000000,0.500000
Cohen-Coon,14.5400,1.000000,1.000000,0.499998
Cohen-Coon,14.5600,1.000000,1.000000,0.499999
Cohen-Coon,14.5800,1.000000,1.000000,0.499998
Cohen-Coon,14.6000,1.000000,1.000000,0.499999
Cohen-Coon,14.6200,1.000000,1.000000,0.499999
Cohen-Coon,14.6400,1.000000,1.000000,0.499998
Cohen-Coon,14.6600,1.000000,1.000000,0.499999
Cohen-Coon,14.6800,1.000000,1.000000,0.499999
Cohen-Coon,14.7000,1.000000,1.000000,0.499999
Cohen-Coon,14.7200,1.000000,1.000000,0.499999
Cohen-Coon,14.7400,1.000000,1.000000,0.499999
Cohen-Coon,14.7600,1.000000,1.000000,0.500001
Cohen-Coon,14.7800,1.000000,1.000000,0.500000
Cohen-Coon,14.8000,1.000000,1.000000,0.499999
Cohen-Coon,14.8200,1.000000,1.000000,0.499999
Cohen-Coon,14.8400,1.000000,1.000000,0.499999
Cohen-Coon,14.8600,1.000000,1.000000,0.500000
Cohen-Coon,14.8800,1.000000,1.000000,0.500000
Cohen-Coon,14.9000,1.000000,1.000000,0.500001
Cohen-Coon,14.9200,1.000000,1.000000,0.500000
Cohen-Coon,14.9400,1.000000,1.000000,0.500000
Cohen-Coon,14.9600,1.000000,1.000000,0.500001
Cohen-Coon,14.9800,1.000000,1.000000,0.500001
Cohen-Coon,15.0000,1.000000,1.000000,0.500001
Cohen-Coon,15.0200,1.000000,1.000000,0.500001
Cohen-Coon,15.0400,1.000000,1.000000,0.500001
Cohen-Coon,15.0600,1.000000,1.000000,0.500001
Cohen-Coon,15.0800,1.000000,1.000000,0.500001
Cohen-Coon,15.1000,1.000000,1.000000,0.500001
Cohen-Coon,15.1200,1.000000,1.000000,0.500001
Cohen-Coon,15.1400,1.000000,1.000000,0.500001
Cohen-Coon,15.1600,1.000000,1.000000,0.500000
Cohen-Coon,15.1800,1.000000,1.000000,0.500001
Cohen-Coon,15.2000,1.000000,1.000000,0.500001
Cohen-Coon,15.2200,1.000000,1.000000,0.500000
Cohen-Coon,15.2400,1.000000,1.000000,0.500000
Cohen-Coon,15.2600,1.000000,1.000000,0.500001
Cohen-Coon,15.2800,1.000000,1.000000,0.500000
Cohen-Coon,15.3000,1.000000,1.000000,0.500000
Cohen-Coon,15.3200,1.000000,1.000000,0.500000
Cohen-Coon,15.3400,1.000000,1.000000,0.499999
Cohen-Coon,15.3600,1.000000,1.000000,0.500000
Cohen-Coon,15.3800,1.000000,1.000000,0.500000
Cohen-Coon,15.4000,1.000000,1.000000,0.500000
Cohen-Coon,15.4200,1.000000,1.000000,0.499998
Cohen-Coon,15.4400,1.000000,1.000000,0.499999
Cohen-Coon,15.4600,1.000000,1.000000,0.500000
Cohen-Coon,15.4800,1.000000,1.000000,0.500000
Cohen-Coon,15.5000,1.000000,1.000000,0.500000
Cohen-Coon,15.5200,1.000000,1.000000,0.500000
Cohen-Coon,15.5400,1.000000,1.000000,0.500000
Cohen-Coon,15.5600,1.000000,1.000000,0.499998
Cohen-Coon,15.5800,1.000000,1.000000,0.500001
Cohen-Coon,15.6000,1.000000,1.000000,0.500000
Cohen-Coon,15.6200,1.000000,1.000000,0.500000
Cohen-Coon,15.6400,1.000000,1.000000,0.500000
Cohen-Coon,15.6600,1.000000,1.000000,0.500000
Cohen-Coon,15.6800,1.000000,1.000000,0.500000
Cohen-Coon,15.7000,1.000000,1.000000,0.500000
Cohen-Coon,15.7200,1.000000,1.000000,0.500000
Cohen-Coon,15.7400,1.000000,1.000000,0.500001
Cohen-Coon,15.7600,1.000000,1.000000,0.500000
Cohen-Coon,15.7800,1.000000,1.000000,0.500000
Cohen-Coon,15.8000,1.000000,1.000000,0.500000
Cohen-Coon,15.8200,1.000000,1.000000,0.500002
Cohen-Coon,15.8400,1.000000,1.000000,0.500001
Cohen-Coon,15.8600,1.000000,1.000000,0.500000
Cohen-Coon,15.8800,1.000000,1.000000,0.500001
Cohen-Coon,15.9000,1.000000,1.000000,0.500000
Cohen-Coon,15.9200,1.000000,1.000000,0.500000
Cohen-Coon,15.9400,1.000000,1.000000,0.500001
Cohen-Coon,15.9600,1.000000,1.000000,0.500001
Cohen-Coon,15.9800,1.000000,1.000000,0.500000
Cohen-Coon,16.0000,1.000000,1.000000,0.500000
Cohen-Coon,16.0200,1.000000,1.000000,0.500000
Cohen-Coon,16.0400,1.000000,1.000000,0.500000
Cohen-Coon,16.0600,1.000000,1.000000,0.500000
Cohen-Coon,16.0800,1.000000,1.000000,0.500000
Cohen-Coon,16.1000,1.000000,1.000000,0.500000
Cohen-Coon,16.1200,1.000000,1.000000,0.500000
Cohen-Coon,16.1400,1.000000,1.000000,0.500000
Cohen-Coon,16.1600,1.000000,1.000000,0.500000
Cohen-Coon,16.1800,1.000000,1.000000,0.500000
Cohen-Coon,16.2000,1.000000,1.000000,0.499999
Cohen-Coon,16.2200,1.000000,1.000000,0.500000
Cohen-Coon,16.2400,1.000000,1.000000,0.500000
Cohen-Coon,16.2600,1.000000,1.000000,0.500000
Cohen-Coon,16.2800,1.000000,1.000000,0.500000
Cohen-Coon,16.3000,1.000000,1.000000,0.500000
Cohen-Coon,16.3200,1.000000,1.000000,0.500000
Cohen-Coon,16.3400,1.000000,1.000000,0.500000
Cohen-Coon,16.3600,1.000000,1.000000,0.500000
Cohen-Coon,16.3800,1.000000,1.000000,0.499999
Cohen-Coon,16.4000,1.000000,1.000000,0.499999
Cohen-Coon,16.4200,1.000000,1.000000,0.500000
Cohen-Coon,16.4400,1.000000,1.000000,0.500000
Cohen-Coon,16.4600,1.000000,1.000000,0.500000
Cohen-Coon,16.4800,1.000000,1.000000,0.500000
Cohen-Coon,16.5000,1.000000,1.000000,0.500001
Cohen-Coon,16.5200,1.000000,1.000000,0.500000
Cohen-Coon,16.5400,1.000000,1.000000,0.500000
Cohen-Coon,16.5600,1.000000,1.000000,0.500000
Cohen-Coon,16.5800,1.000000,1.000000,0.500000
Cohen-Coon,16.6000,1.000000,1.000000,0.500000
Cohen-Coon,16.6200,1.000000,1.000000,0.500000
Cohen-Coon,16.6400,1.000000,1.000000,0.500000
Cohen-Coon,16.6600,1.000000,1.000000,0.500000
Cohen-Coon,16.6800,1.000000,1.000000,0.500000
Cohen-Coon,16.7000,1.000000,1.000000,0.500001
Cohen-Coon,16.7200,1.000000,1.000000,0.500000
Cohen-Coon,16.7400,1.000000,1.000000,0.500000
Cohen-Coon,16.7600,1.000000,1.000000,0.500000
Cohen-Coon,16.7800,1.000000,1.000000,0.500000
Cohen-Coon,16.8000,1.000000,1.000000,0.500001
Cohen-Coon,16.8200,1.000000,1.000000,0.500000
Cohen-Coon,16.8400,1.000000,1.000000,0.500000
Cohen-Coon,16.8600,1.000000,1.000000,0.500000
Cohen-Coon,16.8800,1.000000,1.000000,0.500000
Cohen-Coon,16.9000,1.000000,1.000000,0.500000
Cohen-Coon,16.9200,1.000000,1.000000,0.500000
Cohen-Coon,16.9400,1.000000,1.000000,0.500000
Cohen-Coon,16.9600,1.000000,1.000000,0.500000
Cohen-Coon,16.9800,1.000000,1.000000,0.500000
Cohen-Coon,17.0000,1.000000,1.000000,0.500000
Cohen-Coon,17.0200,1.000000,1.000000,0.499999
Cohen-Coon,17.0400,1.000000,1.000000,0.500000
Cohen-Coon,17.0600,1.000000,1.000000,0.500000
Cohen-Coon,17.0800,1.000000,1.000000,0.500000
Cohen-Coon,17.1000,1.000000,1.000000,0.500000
Cohen-Coon,17.1200,1.000000,1.000000,0.500000
Cohen-Coon,17.1400,1.000000,1.000000,0.500000
Cohen-Coon,17.1600,1.000000,1.000000,0.500000
Cohen-Coon,17.1800,1.000000,1.000000,0.500000
Cohen-Coon,17.2000,1.000000,1.000000,0.500000
Cohen-Coon,17.2200,1.000000,1.000000,0.500000
Cohen-Coon,17.2400,1.000000,1.000000,0.500000
Cohen-Coon,17.2600,1.000000,1.000000,0.500000
Cohen-Coon,17.2800,1.000000,1.000000,0.500000
Cohen-Coon,17.3000,1.000000,1.000000,0.499998
Cohen-Coon,17.3200,1.000000,1.000000,0.500001
Cohen-Coon,17.3400,1.000000,1.000000,0.500000
Cohen-Coon,17.3600,1.000000,1.000000,0.500000
Cohen-Coon,17.3800,1.000000,1.000000,0.500000
Cohen-Coon,17.4000,1.000000,1.000000,0.500000
Cohen-Coon,17.4200,1.000000,1.000000,0.500000
Cohen-Coon,17.4400,1.000000,1.000000,0.500000
Cohen-Coon,17.4600,1.000000,1.000000,0.500000
Cohen-Coon,17.4800,1.000000,1.000000,0.500000
Cohen-Coon,17.5000,1.000000,1.000000,0.500000
Cohen-Coon,17.5200,1.000000,1.000000,0.500000
Cohen-Coon,17.5400,1.000000,1.000000,0.500000
Cohen-Coon,17.5600,1.000000,1.000000,0.500000
Cohen-Coon,17.5800,1.000000,1.000000,0.500000
Cohen-Coon,17.6000,1.000000,1.000000,0.500000
Cohen-Coon,17.6200,1.000000,1.000000,0.500001
Cohen-Coon,17.6400,1.000000,1.000000,0.500000
Cohen-Coon,17.6600,1.000000,1.000000,0.500000
Cohen-Coon,17.6800,1.000000,1.000000,0.500000
Cohen-Coon,17.7000,1.000000,1.000000,0.500000
Cohen-Coon,17.7200,1.000000,1.000000,0.500000
Cohen-Coon,17.7400,1.000000,1.000000,0.500000
Cohen-Coon,17.7600,1.000000,1.000000,0.500000
Cohen-Coon,17.7800,1.000000,1.000000,0.500000
Cohen-Coon,17.8000,1.000000,1.000000,0.500000
Cohen-Coon,17.8200,1.000000,1.000000,0.500000
Cohen-Coon,17.8400,1.000000,1.000000,0.500000
Cohen-Coon,17.8600,1.000000,1.000000,0.500000
Cohen-Coon,17.8800,1.000000,1.000000,0.500000
Cohen-Coon,17.9000,1.000000,1.000000,0.500000
Cohen-Coon,17.9200,1.000000,1.000000,0.499999
Cohen-Coon,17.9400,1.000000,1.000000,0.500000
Cohen-Coon,17.9600,1.000000,1.000000,0.500000
Cohen-Coon,17.9800,1.000000,1.000000,0.500000
Cohen-Coon,18.0000,1.000000,1.000000,0.500000
Cohen-Coon,18.0200,1.000000,1.000000,0.500000
Cohen-Coon,18.0400,1.000000,1.000000,0.500000
Cohen-Coon,18.0600,1.000000,1.000000,0.500000
Cohen-Coon,18.0800,1.000000,1.000000,0.500000
Cohen-Coon,18.1000,1.000000,1.000000,0.500000
Cohen-Coon,18.1200,1.000000,1.000000,0.500000
Cohen-Coon,18.1400,1.000000,1.000000,0.500000
Cohen-Coon,18.1600,1.000000,1.000000,0.500000
Cohen-Coon,18.1800,1.000000,1.000000,0.499999
Cohen-Coon,18.2000,1.000000,1.000000,0.499999
Cohen-Coon,18.2200,1.000000,1.000000,0.500000
Cohen-Coon,18.2400,1.000000,1.000000,0.500001
Cohen-Coon,18.2600,1.000000,1.000000,0.500000
Cohen-Coon,18.2800,1.000000,1.000000,0.500000
Cohen-Coon,18.3000,1.000000,1.000000,0.500000
Cohen-Coon,18.3200,1.000000,1.000000,0.500000
Cohen-Coon,18.3400,1.000000,1.000000,0.500000
Cohen-Coon,18.3600,1.000000,1.000000,0.500000
Cohen-Coon,18.3800,1.000000,1.000000,0.500000
Cohen-Coon,18.4000,1.000000,1.000000,0.500000
Cohen-Coon,18.4200,1.000000,1.000000,0.500000
Cohen-Coon,18.4400,1.000000,1.000000,0.500000
Cohen-Coon,18.4600,1.000000,1.000000,0.500000
Cohen-Coon,18.4800,1.000000,1.000000,0.500002
Cohen-Coon,18.5000,1.000000,1.000000,0.500001
Cohen-Coon,18.5200,1.000000,1.000000,0.500000
Cohen-Coon,18.5400,1.000000,1.000000,0.500000
Cohen-Coon,18.5600,1.000000,1.000000,0.500000
Cohen-Coon,18.5800,1.000000,1.000000,0.500000
Cohen-Coon,18.6000,1.000000,1.000000,0.500000
Cohen-Coon,18.6200,1.000000,1.000000,0.500000
Cohen-Coon,18.6400,1.000000,1.000000,0.500000
Cohen-Coon,18.6600,1.000000,1.000000,0.500000
Cohen-Coon,18.6800,1.000000,1.000000,0.500000
Cohen-Coon,18.7000,1.000000,1.000000,0.500000
Cohen-Coon,18.7200,1.000000,1.000000,0.500000
Cohen-Coon,18.7400,1.000000,1.000000,0.500000
Cohen-Coon,18.7600,1.000000,1.000000,0.500000
Cohen-Coon,18.7800,1.000000,1.000000,0.500000
Cohen-Coon,18.8000,1.000000,1.000000,0.499999
Cohen-Coon,18.8200,1.000000,1.000000,0.500000
Cohen-Coon,18.8400,1.000000,1.000000,0.500000
Cohen-Coon,18.8600,1.000000,1.000000,0.500000
Cohen-Coon,18.8800,1.000000,1.000000,0.500000
Cohen-Coon,18.9000,1.000000,1.000000,0.500000
Cohen-Coon,18.9200,1.000000,1.000000,0.500000
Cohen-Coon,18.9400,1.000000,1.000000,0.500000
Cohen-Coon,18.9600,1.000000,1.000000,0.500000
Cohen-Coon,18.9800,1.000000,1.000000,0.500000
Cohen-Coon,19.0000,1.000000,1.000000,0.500000
Cohen-Coon,19.0200,1.000000,1.000000,0.500000
Cohen-Coon,19.0400,1.000000,1.000000,0.500000
Cohen-Coon,19.0600,1.000000,1.000000,0.499998
Cohen-Coon,19.0800,1.000000,1.000000,0.499999
Cohen-Coon,19.1000,1.000000,1.000000,0.500001
Cohen-Coon,19.1200,1.000000,1.000000,0.500000
Cohen-Coon,19.1400,1.000000,1.000000,0.500000
Cohen-Coon,19.1600,1.000000,1.000000,0.500000
Cohen-Coon,19.1800,1.000000,1.000000,0.500000
Cohen-Coon,19.2000,1.000000,1.000000,0.500000
Cohen-Coon,19.2200,1.000000,1.000000,0.500000
Cohen-Coon,19.2400,1.000000,1.000000,0.500000
Cohen-Coon,19.2600,1.000000,1.000000,0.500000
Cohen-Coon,19.2800,1.000000,1.000000,0.500000
Cohen-Coon,19.3000,1.000000,1.000000,0.500000
Cohen-Coon,19.3200,1.000000,1.000000,0.500000
Cohen-Coon,19.3400,1.000000,1.000000,0.500000
Cohen-Coon,19.3600,1.000000,1.000000,0.500000
Cohen-Coon,19.3800,1.000000,1.000000,0.500001
Cohen-Coon,19.4000,1.000000,1.000000,0.500000
Cohen-Coon,19.4200,1.000000,1.000000,0.500000
Cohen-Coon,19.4400,1.000000,1.000000,0.500000
Cohen-Coon,19.4600,1.000000,1.000000,0.500000
Cohen-Coon,19.4800,1.000000,1.000000,0.500000
Cohen-Coon,19.5000,1.000000,1.000000,0.500000
Cohen-Coon,19.5200,1.000000,1.000000,0.500000
Cohen-Coon,19.5400,1.000000,1.000000,0.500000
Cohen-Coon,19.5600,1.000000,1.000000,0.500000
Cohen-Coon,19.5800,1.000000,1.000000,0.500000
Cohen-Coon,19.6000,1.000000,1.000000,0.500000
Cohen-Coon,19.6200,1.000000,1.000000,0.500000
Cohen-Coon,19.6400,1.000000,1.000000,0.500000
Cohen-Coon,19.6600,1.000000,1.000000,0.500000
Cohen-Coon,19.6800,1.000000,1.000000,0.499999
Cohen-Coon,19.7000,1.000000,1.000000,0.500000
Cohen-Coon,19.7200,1.000000,1.000000,0.500000
Cohen-Coon,19.7400,1.000000,1.000000,0.500000
Cohen-Coon,19.7600,1.000000,1.000000,0.500000
Cohen-Coon,19.7800,1.000000,1.000000,0.500000
Cohen-Coon,19.8000,1.000000,1.000000,0.500000
Cohen-Coon,19.8200,1.000000,1.000000,0.500000
Cohen-Coon,19.8400,1.000000,1.000000,0.500000
Cohen-Coon,19.8600,1.000000,1.000000,0.500000
Cohen-Coon,19.8800,1.000000,1.000000,0.500000
Cohen-Coon,19.9000,1.000000,1.000000,0.500000
Cohen-Coon,19.9200,1.000000,1.000000,0.500000
Cohen-Coon,19.9400,1.000000,1.000000,0.499998
Cohen-Coon,19.9600,1.000000,1.000000,0.499999
Cohen-Coon,19.9800,1.000000,1.000000,0.500000
Cohen-Coon,20.0000,1.000000,1.000000,0.500001
Cohen-Coon,20.0200,1.000000,1.000000,0.500000
Cohen-Coon,20.0400,1.000000,1.000000,0.500000
Cohen-Coon,20.0600,1.000000,1.000000,0.500000
Cohen-Coon,20.0800,1.000000,1.000000,0.500000
Cohen-Coon,20.1000,1.000000,1.000000,0.500000
Cohen-Coon,20.1200,1.000000,1.000000,0.500000
Cohen-Coon,20.1400,1.000000,1.000000,0.500000
Cohen-Coon,20.1600,1.000000,1.000000,0.500000
Cohen-Coon,20.1800,1.000000,1.000000,0.500000
Cohen-Coon,20.2000,1.000000,1.000000,0.500000
Cohen-Coon,20.2200,1.000000,1.000000,0.500000
Cohen-Coon,20.2400,1.000000,1.000000,0.500000
Cohen-Coon,20.2600,1.000000,1.000000,0.500001
Cohen-Coon,20.2800,1.000000,1.000000,0.500000
Cohen-Coon,20.3000,1.000000,1.000000,0.500000
Cohen-Coon,20.3200,1.000000,1.000000,0.500000
Cohen-Coon,20.3400,1.000000,1.000000,0.500000
Cohen-Coon,20.3600,1.000000,1.000000,0.500000
Cohen-Coon,20.3800,1.000000,1.000000,0.500000
Cohen-Coon,20.4000,1.000000,1.000000,0.500000
Cohen-Coon,20.4200,1.000000,1.000000,0.500000
Cohen-Coon,20.4400,1.000000,1.000000,0.500000
Cohen-Coon,20.4600,1.000000,1.000000,0.500000
Cohen-Coon,20.4800,1.000000,1.000000,0.500000
Cohen-Coon,20.5000,1.000000,1.000000,0.500000
Cohen-Coon,20.5200,1.000000,1.000000,0.500000
Cohen-Coon,20.5400,1.000000,1.000000,0.500000
Cohen-Coon,20.5600,1.000000,1.000000,0.499999
Cohen-Coon,20.5800,1.000000,1.000000,0.500000
Cohen-Coon,20.6000,1.000000,1.000000,0.500000
Cohen-Coon,20.6200,1.000000,1.000000,0.500000
Cohen-Coon,20.6400,1.000000,1.000000,0.500000
Cohen-Coon,20.6600,1.000000,1.000000,0.500000
Cohen-Coon,20.6800,1.000000,1.000000,0.500000
Cohen-Coon,20.7000,1.000000,1.000000,0.500000
Cohen-Coon,20.7200,1.000000,1.000000,0.500000
Cohen-Coon,20.7400,1.000000,1.000000,0.500000
Cohen-Coon,20.7600,1.000000,1.000000,0.500000
Cohen-Coon,20.7800,1.000000,1.000000,0.500000
Cohen-Coon,20.8000,1.000000,1.000000,0.500000
Cohen-Coon,20.8200,1.000000,1.000000,0.499998
Cohen-Coon,20.8400,1.000000,1.000000,0.499999
Cohen-Coon,20.8600,1.000000,1.000000,0.500000
Cohen-Coon,20.8800,1.000000,1.000000,0.500001
Cohen-Coon,20.9000,1.000000,1.000000,0.500000
Cohen-Coon,20.9200,1.000000,1.000000,0.500000
Cohen-Coon,20.9400,1.000000,1.000000,0.500000
Cohen-Coon,20.9600,1.000000,1.000000,0.500000
Cohen-Coon,20.9800,1.000000,1.000000,0.500000
Cohen-Coon,21.0000,1.000000,1.000000,0.500000
Cohen-Coon,21.0200,1.000000,1.000000,0.500000
Cohen-Coon,21.0400,1.000000,1.000000,0.500000
Cohen-Coon,21.0600,1.000000,1.000000,0.500000
Cohen-Coon,21.0800,1.000000,1.000000,0.500000
Cohen-Coon,21.1000,1.000000,1.000000,0.500000
Cohen-Coon,21.1200,1.000000,1.000000,0.500000
Cohen-Coon,21.1400,1.000000,1.000000,0.500001
Cohen-Coon,21.1600,1.000000,1.000000,0.500000
Cohen-Coon,21.1800,1.000000,1.000000,0.500000
Cohen-Coon,21.2000,1.000000,1.000000,0.500000
Cohen-Coon,21.2200,1.000000,1.000000,0.500000
Cohen-Coon,21.2400,1.000000,1.000000,0.500000
Cohen-Coon,21.2600,1.000000,1.000000,0.500000
Cohen-Coon,21.2800,1.000000,1.000000,0.500000
Cohen-Coon,21.3000,1.000000,1.000000,0.500000
Cohen-Coon,21.3200,1.000000,1.000000,0.500000
Cohen-Coon,21.3400,1.000000,1.000000,0.500000
Cohen-Coon,21.3600,1.000000,1.000000,0.500000
Cohen-Coon,21.3800,1.000000,1.000000,0.500000
Cohen-Coon,21.4000,1.000000,1.000000,0.500000
Cohen-Coon,21.4200,1.000000,1.000000,0.500000
Cohen-Coon,21.4400,1.000000,1.000000,0.499999
Cohen-Coon,21.4600,1.000000,1.000000,0.500000
Cohen-Coon,21.4800,1.000000,1.000000,0.500000
Cohen-Coon,21.5000,1.000000,1.000000,0.500000
Cohen-Coon,21.5200,1.000000,1.000000,0.500000
Cohen-Coon,21.5400,1.000000,1.000000,0.500000
Cohen-Coon,21.5600,1.000000,1.000000,0.500000
Cohen-Coon,21.5800,1.000000,1.000000,0.500000
Cohen-Coon,21.6000,1.000000,1.000000,0.500000
Cohen-Coon,21.6200,1.000000,1.000000,0.500000
Cohen-Coon,21.6400,1.000000,1.000000,0.500000
Cohen-Coon,21.6600,1.000000,1.000000,0.500000
Cohen-Coon,21.6800,1.000000,1.000000,0.500000
Cohen-Coon,21.7000,1.000000,1.000000,0.499998
Cohen-Coon,21.7200,1.000000,1.000000,0.499999
Cohen-Coon,21.7400,1.000000,1.000000,0.500000
Cohen-Coon,21.7600,1.000000,1.000000,0.500001
Cohen-Coon,21.7800,1.000000,1.000000,0.500000
Cohen-Coon,21.8000,1.000000,1.000000,0.500000
Cohen-Coon,21.8200,1.000000,1.000000,0.500000
Cohen-Coon,21.8400,1.000000,1.000000,0.500000
Cohen-Coon,21.8600,1.000000,1.000000,0.500000
Cohen-Coon,21.8800,1.000000,1.000000,0.500000
Cohen-Coon,21.9000,1.000000,1.000000,0.500000
Cohen-Coon,21.9200,1.000000,1.000000,0.500000
Cohen-Coon,21.9400,1.000000,1.000000,0.500000
Cohen-Coon,21.9600,1.000000,1.000000,0.500000
Cohen-Coon,21.9800,1.000000,1.000000,0.500000
Cohen-Coon,22.0000,1.000000,1.000000,0.500000
Cohen-Coon,22.0200,1.000000,1.000000,0.500001
Cohen-Coon,22.0400,1.000000,1.000000,0.500000
Cohen-Coon,22.0600,1.000000,1.000000,0.500000
Cohen-Coon,22.0800,1.000000,1.000000,0.500000
Cohen-Coon,22.1000,1.000000,1.000000,0.500000
Cohen-Coon,22.1200,1.000000,1.000000,0.500000
Cohen-Coon,22.1400,1.000000,1.000000,0.500000
Cohen-Coon,22.1600,1.000000,1.000000,0.500000
Cohen-Coon,22.1800,1.000000,1.000000,0.500000
Cohen-Coon,22.2000,1.000000,1.000000,0.500000
Cohen-Coon,22.2200,1.000000,1.000000,0.500000
Cohen-Coon,22.2400,1.000000,1.000000,0.500000
Cohen-Coon,22.2600,1.000000,1.000000,0.500000
Cohen-Coon,22.2800,1.000000,1.000000,0.500000
Cohen-Coon,22.3000,1.000000,1.000000,0.500000
Cohen-Coon,22.3200,1.000000,1.000000,0.499999
Cohen-Coon,22.3400,1.000000,1.000000,0.500000
Cohen-Coon,22.3600,1.000000,1.000000,0.500000
Cohen-Coon,22.3800,1.000000,1.000000,0.500000
Cohen-Coon,22.4000,1.000000,1.000000,0.500000
Cohen-Coon,22.4200,1.000000,1.000000,0.500000
Cohen-Coon,22.4400,1.000000,1.000000,0.500000
Cohen-Coon,22.4600,1.000000,1.000000,0.500000
Cohen-Coon,22.4800,1.000000,1.000000,0.500000
Cohen-Coon,22.5000,1.000000,1.000000,0.500000
Cohen-Coon,22.5200,1.000000,1.000000,0.500000
Cohen-Coon,22.5400,1.000000,1.000000,0.500000
Cohen-Coon,22.5600,1.000000,1.000000,0.500000
Cohen-Coon,22.5800,1.000000,1.000000,0.499998
Cohen-Coon,22.6000,1.000000,1.000000,0.499999
Cohen-Coon,22.6200,1.000000,1.000000,0.500000
Cohen-Coon,22.6400,1.000000,1.000000,0.500001
Cohen-Coon,22.6600,1.000000,1.000000,0.500000
Cohen-Coon,22.6800,1.000000,1.000000,0.500000
Cohen-Coon,22.7000,1.000000,1.000000,0.500000
Cohen-Coon,22.7200,1.000000,1.000000,0.500000
Cohen-Coon,22.7400,1.000000,1.000000,0.500000
Cohen-Coon,22.7600,1.000000,1.000000,0.500000
Cohen-Coon,22.7800,1.000000,1.000000,0.500000
Cohen-Coon,22.8000,1.000000,1.000000,0.500000
Cohen-Coon,22.8200,1.000000,1.000000,0.500000
Cohen-Coon,22.8400,1.000000,1.000000,0.500000
Cohen-Coon,22.8600,1.000000,1.000000,0.500000
Cohen-Coon,22.8800,1.000000,1.000000,0.500000
Cohen-Coon,22.9000,1.000000,1.000000,0.500001
Cohen-Coon,22.9200,1.000000,1.000000,0.500000
Cohen-Coon,22.9400,1.000000,1.000000,0.500000
Cohen-Coon,22.9600,1.000000,1.000000,0.500000
Cohen-Coon,22.9800,1.000000,1.000000,0.500000
Cohen-Coon,23.0000,1.000000,1.000000,0.500000
Cohen-Coon,23.0200,1.000000,1.000000,0.500000
Cohen-Coon,23.0400,1.000000,1.000000,0.500000
Cohen-Coon,23.0600,1.000000,1.000000,0.500000
Cohen-Coon,23.0800,1.000000,1.000000,0.500000
Cohen-Coon,23.1000,1.000000,1.000000,0.500000
Cohen-Coon,23.1200,1.000000,1.000000,0.500000
Cohen-Coon,23.1400,1.000000,1.000000,0.500000
Cohen-Coon,23.1600,1.000000,1.000000,0.500000
Cohen-Coon,23.1800,1.000000,1.000000,0.500000
Cohen-Coon,23.2000,1.000000,1.000000,0.499999
Cohen-Coon,23.2200,1.000000,1.000000,0.500000
Cohen-Coon,23.2400,1.000000,1.000000,0.500000
Cohen-Coon,23.2600,1.000000,1.000000,0.500000
Cohen-Coon,23.2800,1.000000,1.000000,0.500000
Cohen-Coon,23.3000,1.000000,1.000000,0.500000
Cohen-Coon,23.3200,1.000000,1.000000,0.500000
Cohen-Coon,23.3400,1.000000,1.000000,0.500000
Cohen-Coon,23.3600,1.000000,1.000000,0.500000
Cohen-Coon,23.3800,1.000000,1.000000,0.500000
Cohen-Coon,23.4000,1.000000,1.000000,0.500000
Cohen-Coon,23.4200,1.000000,1.000000,0.500000
Cohen-Coon,23.4400,1.000000,1.000000,0.500000
Cohen-Coon,23.4600,1.000000,1.000000,0.499998
Cohen-Coon,23.4800,1.000000,1.000000,0.499999
Cohen-Coon,23.5000,1.000000,1.000000,0.500000
Cohen-Coon,23.5200,1.000000,1.000000,0.500001
Cohen-Coon,23.5400,1.000000,1.000000,0.500000
Cohen-Coon,23.5600,1.000000,1.000000,0.500000
Cohen-Coon,23.5800,1.000000,1.000000,0.500000
Cohen-Coon,23.6000,1.000000,1.000000,0.500000
Cohen-Coon,23.6200,1.000000,1.000000,0.500000
Cohen-Coon,23.6400,1.000000,1.000000,0.500000
Cohen-Coon,23.6600,1.000000,1.000000,0.500000
Cohen-Coon,23.6800,1.000000,1.000000,0.500000
Cohen-Coon,23.7000,1.000000,1.000000,0.500000
Cohen-Coon,23.7200,1.000000,1.000000,0.500000
Cohen-Coon,23.7400,1.000000,1.000000,0.500000
Cohen-Coon,23.7600,1.000000,1.000000,0.500000
Cohen-Coon,23.7800,1.000000,1.000000,0.500001
Cohen-Coon,23.8000,1.000000,1.000000,0.500000
Cohen-Coon,23.8200,1.000000,1.000000,0.500000
Cohen-Coon,23.8400,1.000000,1.000000,0.500000
Cohen-Coon,23.8600,1.000000,1.000000,0.500000
Cohen-Coon,23.8800,1.000000,1.000000,0.500000
Cohen-Coon,23.9000,1.000000,1.000000,0.500000
Cohen-Coon,23.9200,1.000000,1.000000,0.500000
Cohen-Coon,23.9400,1.000000,1.000000,0.500000
Cohen-Coon,23.9600,1.000000,1.000000,0.500000
Cohen-Coon,23.9800,1.000000,1.000000,0.500000
Cohen-Coon,24.0000,1.000000,1.000000,0.500000
Cohen-Coon,24.0200,1.000000,1.000000,0.500000
Cohen-Coon,24.0400,1.000000,1.000000,0.500000
Cohen-Coon,24.0600,1.000000,1.000000,0.500000
Cohen-Coon,24.0800,1.000000,1.000000,0.499999
Cohen-Coon,24.1000,1.000000,1.000000,0.500000
Cohen-Coon,24.1200,1.000000,1.000000,0.500000
Cohen-Coon,24.1400,1.000000,1.000000,0.500000
Cohen-Coon,24.1600,1.000000,1.000000,0.500000
Cohen-Coon,24.1800,1.000000,1.000000,0.500000
Cohen-Coon,24.2000,1.000000,1.000000,0.500000
Cohen-Coon,24.2200,1.000000,1.000000,0.500000
Cohen-Coon,24.2400,1.000000,1.000000,0.500000
Cohen-Coon,24.2600,1.000000,1.000000,0.500000
Cohen-Coon,24.2800,1.000000,1.000000,0.500000
Cohen-Coon,24.3000,1.000000,1.000000,0.500000
Cohen-Coon,24.3200,1.000000,1.000000,0.500000
Cohen-Coon,24.3400,1.000000,1.000000,0.499998
Cohen-Coon,24.3600,1.000000,1.000000,0.499999
Cohen-Coon,24.3800,1.000000,1.000000,0.500000
Cohen-Coon,24.4000,1.000000,1.000000,0.500001
Cohen-Coon,24.4200,1.000000,1.000000,0.500000
Cohen-Coon,24.4400,1.000000,1.000000,0.500000
Cohen-Coon,24.4600,1.000000,1.000000,0.500000
Cohen-Coon,24.4800,1.000000,1.000000,0.500000
Cohen-Coon,24.5000,1.000000,1.000000,0.500000
Cohen-Coon,24.5200,1.000000,1.000000,0.500000
Cohen-Coon,24.5400,1.000000,1.000000,0.500000
Cohen-Coon,24.5600,1.000000,1.000000,0.500000
Cohen-Coon,24.5800,1.000000,1.000000,0.500000
Cohen-Coon,24.6000,1.000000,1.000000,0.500000
Cohen-Coon,24.6200,1.000000,1.000000,0.500000
Cohen-Coon,24.6400,1.000000,1.000000,0.500000
Cohen-Coon,24.6600,1.000000,1.000000,0.500001
Cohen-Coon,24.6800,1.000000,1.000000,0.500000
Cohen-Coon,24.7000,1.000000,1.000000,0.500000
Cohen-Coon,24.7200,1.000000,1.000000,0.500000
Cohen-Coon,24.7400,1.000000,1.000000,0.500000
Cohen-Coon,24.7600,1.000000,1.000000,0.500000
Cohen-Coon,24.7800,1.000000,1.000000,0.500000
Cohen-Coon,24.8000,1.000000,1.000000,0.500000
Cohen-Coon,24.8200,1.000000,1.000000,0.500000
Cohen-Coon,24.8400,1.000000,1.000000,0.500000
Cohen-Coon,24.8600,1.000000,1.000000,0.500000
Cohen-Coon,24.8800,1.000000,1.000000,0.500000
Cohen-Coon,24.9000,1.000000,1.000000,0.500000
Cohen-Coon,24.9200,1.000000,1.000000,0.500000
Cohen-Coon,24.9400,1.000000,1.000000,0.500000
Cohen-Coon,24.9600,1.000000,1.000000,0.499999
Cohen-Coon,24.9800,1.000000,1.000000,0.500000
AMIGO-step,0.0000,1.000000,0.000000,0.862319
AMIGO-step,0.0200,1.000000,0.000000,0.886956
AMIGO-step,0.0400,1.000000,0.000000,0.911594
AMIGO-step,0.0600,1.000000,0.000000,0.936232
AMIGO-step,0.0800,1.000000,0.000000,0.960870
AMIGO-step,0.1000,1.000000,0.000000,0.985507
AMIGO-step,0.1200,1.000000,0.000000,1.010145
AMIGO-step,0.1400,1.000000,0.000000,1.034783
AMIGO-step,0.1600,1.000000,0.000000,1.059420
AMIGO-step,0.1800,1.000000,0.000000,1.084058
AMIGO-step,0.2000,1.000000,0.000000,1.108696
AMIGO-step,0.2200,1.000000,0.000000,1.133333
AMIGO-step,0.2400,1.000000,0.000000,1.157971
AMIGO-step,0.2600,1.000000,0.000000,1.182609
AMIGO-step,0.2800,1.000000,0.000000,1.207246
AMIGO-step,0.3000,1.000000,0.017160,1.231884
AMIGO-step,0.3200,1.000000,0.051704,1.092883
AMIGO-step,0.3400,1.000000,0.086539,1.040534
AMIGO-step,0.3600,1.000000,0.121660,1.016538
AMIGO-step,0.3800,1.000000,0.157061,1.001337
AMIGO-step,0.4000,1.000000,0.192737,0.988369
AMIGO-step,0.4200,1.000000,0.228682,0.975432
AMIGO-step,0.4400,1.000000,0.264891,0.961785
AMIGO-step,0.4600,1.000000,0.301359,0.947179
AMIGO-step,0.4800,1.000000,0.338081,0.931527
AMIGO-step,0.5000,1.000000,0.375051,0.914800
AMIGO-step,0.5200,1.000000,0.412265,0.896985
AMIGO-step,0.5400,1.000000,0.449717,0.878077
AMIGO-step,0.5600,1.000000,0.487404,0.858073
AMIGO-step,0.5800,1.000000,0.525320,0.836969
AMIGO-step,0.6000,1.000000,0.563462,0.814764
AMIGO-step,0.6200,1.000000,0.596611,0.802884
AMIGO-step,0.6400,1.000000,0.626407,0.807748
AMIGO-step,0.6600,1.000000,0.654461,0.808192
AMIGO-step,0.6800,1.000000,0.681297,0.803920
AMIGO-step,0.7000,1.000000,0.707074,0.797132
AMIGO-step,0.7200,1.000000,0.731831,0.789358
AMIGO-step,0.7400,1.000000,0.755566,0.781395
AMIGO-step,0.7600,1.000000,0.778262,0.773624
AMIGO-step,0.7800,1.000000,0.799899,0.766228
AMIGO-step,0.8000,1.000000,0.820456,0.759311
AMIGO-step,0.8200,1.000000,0.839911,0.752937
AMIGO-step,0.8400,1.000000,0.858243,0.747158
AMIGO-step,0.8600,1.000000,0.875430,0.742023
AMIGO-step,0.8800,1.000000,0.891452,0.737576
AMIGO-step,0.9000,1.000000,0.906289,0.733862
AMIGO-step,0.9200,1.000000,0.920147,0.730926
AMIGO-step,0.9400,1.000000,0.933871,0.724977
AMIGO-step,0.9600,1.000000,0.947395,0.716687
AMIGO-step,0.9800,1.000000,0.960523,0.708389
AMIGO-step,1.0000,1.000000,0.973143,0.700778
AMIGO-step,1.0200,1.000000,0.985212,0.693785
AMIGO-step,1.0400,1.000000,0.996727,0.687193
AMIGO-step,1.0600,1.000000,1.007704,0.680825
AMIGO-step,1.0800,1.000000,1.018167,0.674569
AMIGO-step,1.1000,1.000000,1.028143,0.668356
AMIGO-step,1.1200,1.000000,1.037664,0.662141
AMIGO-step,1.1400,1.000000,1.046762,0.655895
AMIGO-step,1.1600,1.000000,1.055470,0.649585
AMIGO-step,1.1800,1.000000,1.063822,0.643186
AMIGO-step,1.2000,1.000000,1.071855,0.636667
AMIGO-step,1.2200,1.000000,1.079604,0.630000
AMIGO-step,1.2400,1.000000,1.087006,0.623304
AMIGO-step,1.2600,1.000000,1.093948,0.617261
AMIGO-step,1.2800,1.000000,1.100421,0.611803
AMIGO-step,1.3000,1.000000,1.106457,0.606608
AMIGO-step,1.3200,1.000000,1.112091,0.601494
AMIGO-step,1.3400,1.000000,1.117349,0.596412
AMIGO-step,1.3600,1.000000,1.122249,0.591378
AMIGO-step,1.3800,1.000000,1.126803,0.586422
AMIGO-step,1.4000,1.000000,1.131021,0.581572
AMIGO-step,1.4200,1.000000,1.134909,0.576847
AMIGO-step,1.4400,1.000000,1.138473,0.572263
AMIGO-step,1.4600,1.000000,1.141717,0.567835
AMIGO-step,1.4800,1.000000,1.144645,0.563573
AMIGO-step,1.5000,1.000000,1.147258,0.559492
AMIGO-step,1.5200,1.000000,1.149556,0.555607
AMIGO-step,1.5400,1.000000,1.151543,0.551930
AMIGO-step,1.5600,1.000000,1.153244,0.548405
AMIGO-step,1.5800,1.000000,1.154690,0.544921
AMIGO-step,1.6000,1.000000,1.155899,0.541467
AMIGO-step,1.6200,1.000000,1.156882,0.538084
AMIGO-step,1.6400,1.000000,1.157644,0.534810
AMIGO-step,1.6600,1.000000,1.158190,0.531662
AMIGO-step,1.6800,1.000000,1.158529,0.528642
AMIGO-step,1.7000,1.000000,1.158668,0.525744
AMIGO-step,1.7200,1.000000,1.158616,0.522963
AMIGO-step,1.7400,1.000000,1.158382,0.520293
AMIGO-step,1.7600,1.000000,1.157975,0.517726
AMIGO-step,1.7800,1.000000,1.157406,0.515256
AMIGO-step,1.8000,1.000000,1.156685,0.512877
AMIGO-step,1.8200,1.000000,1.155823,0.510581
AMIGO-step,1.8400,1.000000,1.154829,0.508361
AMIGO-step,1.8600,1.000000,1.153715,0.506211
AMIGO-step,1.8800,1.000000,1.152484,0.504141
AMIGO-step,1.9000,1.000000,1.151141,0.502170
AMIGO-step,1.9200,1.000000,1.149690,0.500302
AMIGO-step,1.9400,1.000000,1.148136,0.498529
AMIGO-step,1.9600,1.000000,1.146487,0.496844
AMIGO-step,1.9800,1.000000,1.144751,0.495238
AMIGO-step,2.0000,1.000000,1.142932,0.493708
AMIGO-step,2.0200,1.000000,1.141038,0.492252
AMIGO-step,2.0400,1.000000,1.139075,0.490867
AMIGO-step,2.0600,1.000000,1.137048,0.489554
AMIGO-step,2.0800,1.000000,1.134963,0.488310
AMIGO-step,2.1000,1.000000,1.132824,0.487136
AMIGO-step,2.1200,1.000000,1.130635,0.486031
AMIGO-step,2.1400,1.000000,1.128401,0.484993
AMIGO-step,2.1600,1.000000,1.126126,0.484025
AMIGO-step,2.1800,1.000000,1.123812,0.483126
AMIGO-step,2.2000,1.000000,1.121466,0.482288
AMIGO-step,2.2200,1.000000,1.119091,0.481510
AMIGO-step,2.2400,1.000000,1.116692,0.480785
AMIGO-step,2.2600,1.000000,1.114272,0.480113
AMIGO-step,2.2800,1.000000,1.111837,0.479493
AMIGO-step,2.3000,1.000000,1.109388,0.478925
AMIGO-step,2.3200,1.000000,1.106929,0.478407
AMIGO-step,2.3400,1.000000,1.104464,0.477938
AMIGO-step,2.3600,1.000000,1.101994,0.477516
AMIGO-step,2.3800,1.000000,1.099524,0.477140
AMIGO-step,2.4000,1.000000,1.097055,0.476808
AMIGO-step,2.4200,1.000000,1.094591,0.476518
AMIGO-step,2.4400,1.000000,1.092133,0.476268
AMIGO-step,2.4600,1.000000,1.089686,0.476056
AMIGO-step,2.4800,1.000000,1.087250,0.475879
AMIGO-step,2.5000,1.000000,1.084829,0.475737
AMIGO-step,2.5200,1.000000,1.082425,0.475629
AMIGO-step,2.5400,1.000000,1.080039,0.475552
AMIGO-step,2.5600,1.000000,1.077673,0.475507
AMIGO-step,2.5800,1.000000,1.075329,0.475491
AMIGO-step,2.6000,1.000000,1.073008,0.475504
AMIGO-step,2.6200,1.000000,1.070712,0.475545
AMIGO-step,2.6400,1.000000,1.068443,0.475610
AMIGO-step,2.6600,1.000000,1.066201,0.475701
AMIGO-step,2.6800,1.000000,1.063988,0.475814
AMIGO-step,2.7000,1.000000,1.061806,0.475949
AMIGO-step,2.7200,1.000000,1.059655,0.476104
AMIGO-step,2.7400,1.000000,1.057536,0.476279
AMIGO-step,2.7600,1.000000,1.055451,0.476472
AMIGO-step,2.7800,1.000000,1.053399,0.476683
AMIGO-step,2.8000,1.000000,1.051382,0.476910
AMIGO-step,2.8200,1.000000,1.049401,0.477153
AMIGO-step,2.8400,1.000000,1.047455,0.477411
AMIGO-step,2.8600,1.000000,1.045546,0.477682
AMIGO-step,2.8800,1.000000,1.043673,0.477965
AMIGO-step,2.9000,1.000000,1.041838,0.478260
AMIGO-step,2.9200,1.000000,1.040041,0.478567
AMIGO-step,2.9400,1.000000,1.038281,0.478882
AMIGO-step,2.9600,1.000000,1.036560,0.479207
AMIGO-step,2.9800,1.000000,1.034877,0.479540
AMIGO-step,3.0000,1.000000,1.033233,0.479881
AMIGO-step,3.0200,1.000000,1.031627,0.480229
AMIGO-step,3.0400,1.000000,1.030059,0.480583
AMIGO-step,3.0600,1.000000,1.028530,0.480943
AMIGO-step,3.0800,1.000000,1.027040,0.481307
AMIGO-step,3.1000,1.000000,1.025588,0.481676
AMIGO-step,3.1200,1.000000,1.024174,0.482048
AMIGO-step,3.1400,1.000000,1.022798,0.482423
AMIGO-step,3.1600,1.000000,1.021460,0.482801
AMIGO-step,3.1800,1.000000,1.020159,0.483180
AMIGO-step,3.2000,1.000000,1.018896,0.483561
AMIGO-step,3.2200,1.000000,1.017670,0.483942
AMIGO-step,3.2400,1.000000,1.016481,0.484325
AMIGO-step,3.2600,1.000000,1.015328,0.484707
AMIGO-step,3.2800,1.000000,1.014211,0.485089
AMIGO-step,3.3000,1.000000,1.013129,0.485469
AMIGO-step,3.3200,1.000000,1.012083,0.485849
AMIGO-step,3.3400,1.000000,1.011071,0.486227
AMIGO-step,3.3600,1.000000,1.010094,0.486603
AMIGO-step,3.3800,1.000000,1.009150,0.486977
AMIGO-step,3.4000,1.000000,1.008240,0.487348
AMIGO-step,3.4200,1.000000,1.007362,0.487716
AMIGO-step,3.4400,1.000000,1.006516,0.488081
AMIGO-step,3.4600,1.000000,1.005702,0.488443
AMIGO-step,3.4800,1.000000,1.004919,0.488801
AMIGO-step,3.5000,1.000000,1.004167,0.489155
AMIGO-step,3.5200,1.000000,1.003445,0.489505
AMIGO-step,3.5400,1.000000,1.002752,0.489850
AMIGO-step,3.5600,1.000000,1.002088,0.490191
AMIGO-step,3.5800,1.000000,1.001453,0.490528
AMIGO-step,3.6000,1.000000,1.000845,0.490859
AMIGO-step,3.6200,1.000000,1.000264,0.491185
AMIGO-step,3.6400,1.000000,0.999710,0.491506
AMIGO-step,3.6600,1.000000,0.999181,0.491822
AMIGO-step,3.6800,1.000000,0.998678,0.492133
AMIGO-step,3.7000,1.000000,0.998199,0.492438
AMIGO-step,3.7200,1.000000,0.997745,0.492737
AMIGO-step,3.7400,1.000000,0.997314,0.493031
AMIGO-step,3.7600,1.000000,0.996906,0.493319
AMIGO-step,3.7800,1.000000,0.996520,0.493601
AMIGO-step,3.8000,1.000000,0.996156,0.493878
AMIGO-step,3.8200,1.000000,0.995813,0.494148
AMIGO-step,3.8400,1.000000,0.995491,0.494413
AMIGO-step,3.8600,1.000000,0.995188,0.494672
AMIGO-step,3.8800,1.000000,0.994905,0.494924
AMIGO-step,3.9000,1.000000,0.994641,0.495171
AMIGO-step,3.9200,1.000000,0.994394,0.495412
AMIGO-step,3.9400,1.000000,0.994166,0.495647
AMIGO-step,3.9600,1.000000,0.993954,0.495876
AMIGO-step,3.9800,1.000000,0.993760,0.496099
AMIGO-step,4.0000,1.000000,0.993581,0.496316
AMIGO-step,4.0200,1.000000,0.993417,0.496528
AMIGO-step,4.0400,1.000000,0.993269,0.496733
AMIGO-step,4.0600,1.000000,0.993134,0.496933
AMIGO-step,4.0800,1.000000,0.993014,0.497126
AMIGO-step,4.1000,1.000000,0.992907,0.497315
AMIGO-step,4.1200,1.000000,0.992813,0.497497
AMIGO-step,4.1400,1.000000,0.992732,0.497674
AMIGO-step,4.1600,1.000000,0.992662,0.497846
AMIGO-step,4.1800,1.000000,0.992604,0.498011
AMIGO-step,4.2000,1.000000,0.992557,0.498172
AMIGO-step,4.2200,1.000000,0.992520,0.498327
AMIGO-step,4.2400,1.000000,0.992494,0.498477
AMIGO-step,4.2600,1.000000,0.992477,0.498621
AMIGO-step,4.2800,1.000000,0.992469,0.498761
AMIGO-step,4.3000,1.000000,0.992470,0.498895
AMIGO-step,4.3200,1.000000,0.992480,0.499025
AMIGO-step,4.3400,1.000000,0.992497,0.499149
AMIGO-step,4.3600,1.000000,0.992522,0.499269
AMIGO-step,4.3800,1.000000,0.992555,0.499384
AMIGO-step,4.4000,1.000000,0.992594,0.499495
AMIGO-step,4.4200,1.000000,0.992640,0.499601
AMIGO-step,4.4400,1.000000,0.992692,0.499702
AMIGO-step,4.4600,1.000000,0.992749,0.499800
AMIGO-step,4.4800,1.000000,0.992813,0.499893
AMIGO-step,4.5000,1.000000,0.992881,0.499981
AMIGO-step,4.5200,1.000000,0.992954,0.500066
AMIGO-step,4.5400,1.000000,0.993032,0.500147
AMIGO-step,4.5600,1.000000,0.993114,0.500224
AMIGO-step,4.5800,1.000000,0.993200,0.500297
AMIGO-step,4.6000,1.000000,0.993289,0.500366
AMIGO-step,4.6200,1.000000,0.993382,0.500432
AMIGO-step,4.6400,1.000000,0.993478,0.500494
AMIGO-step,4.6600,1.000000,0.993577,0.500553
AMIGO-step,4.6800,1.000000,0.993679,0.500608
AMIGO-step,4.7000,1.000000,0.993783,0.500661
AMIGO-step,4.7200,1.000000,0.993889,0.500710
AMIGO-step,4.7400,1.000000,0.993998,0.500756
AMIGO-step,4.7600,1.000000,0.994108,0.500799
AMIGO-step,4.7800,1.000000,0.994219,0.500839
AMIGO-step,4.8000,1.000000,0.994332,0.500876
AMIGO-step,4.8200,1.000000,0.994446,0.500911
AMIGO-step,4.8400,1.000000,0.994561,0.500943
AMIGO-step,4.8600,1.000000,0.994677,0.500972
AMIGO-step,4.8800,1.000000,0.994793,0.501000
AMIGO-step,4.9000,1.000000,0.994910,0.501024
AMIGO-step,4.9200,1.000000,0.995028,0.501046
AMIGO-step,4.9400,1.000000,0.995145,0.501067
AMIGO-step,4.9600,1.000000,0.995262,0.501085
AMIGO-step,4.9800,1.000000,0.995380,0.501101
AMIGO-step,5.0000,1.000000,0.995497,0.501115
AMIGO-step,5.0200,1.000000,0.995614,0.501127
AMIGO-step,5.0400,1.000000,0.995730,0.501137
AMIGO-step,5.0600,1.000000,0.995846,0.501146
AMIGO-step,5.0800,1.000000,0.995961,0.501153
AMIGO-step,5.1000,1.000000,0.996075,0.501158
AMIGO-step,5.1200,1.000000,0.996189,0.501162
AMIGO-step,5.1400,1.000000,0.996301,0.501164
AMIGO-step,5.1600,1.000000,0.996413,0.501165
AMIGO-step,5.1800,1.000000,0.996523,0.501164
AMIGO-step,5.2000,1.000000,0.996632,0.501162
AMIGO-step,5.2200,1.000000,0.996740,0.501159
AMIGO-step,5.2400,1.000000,0.996847,0.501155
AMIGO-step,5.2600,1.000000,0.996952,0.501150
AMIGO-step,5.2800,1.000000,0.997056,0.501144
AMIGO-step,5.3000,1.000000,0.997158,0.501136
AMIGO-step,5.3200,1.000000,0.997259,0.501128
AMIGO-step,5.3400,1.000000,0.997358,0.501119
AMIGO-step,5.3600,1.000000,0.997456,0.501109
AMIGO-step,5.3800,1.000000,0.997552,0.501098
AMIGO-step,5.4000,1.000000,0.997646,0.501086
AMIGO-step,5.4200,1.000000,0.997738,0.501075
AMIGO-step,5.4400,1.000000,0.997829,0.501062
AMIGO-step,5.4600,1.000000,0.997918,0.501048
AMIGO-step,5.4800,1.000000,0.998006,0.501034
AMIGO-step,5.5000,1.000000,0.998091,0.501020
AMIGO-step,5.5200,1.000000,0.998175,0.501005
AMIGO-step,5.5400,1.000000,0.998257,0.500989
AMIGO-step,5.5600,1.000000,0.998337,0.500973
AMIGO-step,5.5800,1.000000,0.998415,0.500957
AMIGO-step,5.6000,1.000000,0.998492,0.500941
AMIGO-step,5.6200,1.000000,0.998566,0.500924
AMIGO-step,5.6400,1.000000,0.998639,0.500907
AMIGO-step,5.6600,1.000000,0.998710,0.500889
AMIGO-step,5.6800,1.000000,0.998779,0.500872
AMIGO-step,5.7000,1.000000,0.998847,0.500855
AMIGO-step,5.7200,1.000000,0.998912,0.500836
AMIGO-step,5.7400,1.000000,0.998976,0.500818
AMIGO-step,5.7600,1.000000,0.999038,0.500801
AMIGO-step,5.7800,1.000000,0.999098,0.500783
AMIGO-step,5.8000,1.000000,0.999156,0.500764
AMIGO-step,5.8200,1.000000,0.999213,0.500746
AMIGO-step,5.8400,1.000000,0.999268,0.500728
AMIGO-step,5.8600,1.000000,0.999321,0.500710
AMIGO-step,5.8800,1.000000,0.999373,0.500692
AMIGO-step,5.9000,1.000000,0.999422,0.500674
AMIGO-step,5.9200,1.000000,0.999471,0.500656
AMIGO-step,5.9400,1.000000,0.999517,0.500638
AMIGO-step,5.9600,1.000000,0.999562,0.500620
AMIGO-step,5.9800,1.000000,0.999606,0.500602
AMIGO-step,6.0000,1.000000,0.999647,0.500585
AMIGO-step,6.0200,1.000000,0.999688,0.500568
AMIGO-step,6.0400,1.000000,0.999726,0.500551
AMIGO-step,6.0600,1.000000,0.999764,0.500534
AMIGO-step,6.0800,1.000000,0.999800,0.500516
AMIGO-step,6.1000,1.000000,0.999834,0.500500
AMIGO-step,6.1200,1.000000,0.999867,0.500483
AMIGO-step,6.1400,1.000000,0.999899,0.500467
AMIGO-step,6.1600,1.000000,0.999929,0.500451
AMIGO-step,6.1800,1.000000,0.999958,0.500436
AMIGO-step,6.2000,1.000000,0.999986,0.500420
AMIGO-step,6.2200,1.000000,1.000012,0.500405
AMIGO-step,6.2400,1.000000,1.000037,0.500390
AMIGO-step,6.2600,1.000000,1.000061,0.500375
AMIGO-step,6.2800,1.000000,1.000084,0.500360
AMIGO-step,6.3000,1.000000,1.000106,0.500346
AMIGO-step,6.3200,1.000000,1.000126,0.500332
AMIGO-step,6.3400,1.000000,1.000146,0.500319
AMIGO-step,6.3600,1.000000,1.000164,0.500305
AMIGO-step,6.3800,1.000000,1.000182,0.500292
AMIGO-step,6.4000,1.000000,1.000198,0.500279
AMIGO-step,6.4200,1.000000,1.000213,0.500266
AMIGO-step,6.4400,1.000000,1.000228,0.500254
AMIGO-step,6.4600,1.000000,1.000241,0.500242
AMIGO-step,6.4800,1.000000,1.000254,0.500230
AMIGO-step,6.5000,1.000000,1.000266,0.500219
AMIGO-step,6.5200,1.000000,1.000277,0.500208
AMIGO-step,6.5400,1.000000,1.000287,0.500197
AMIGO-step,6.5600,1.000000,1.000296,0.500186
AMIGO-step,6.5800,1.000000,1.000305,0.500176
AMIGO-step,6.6000,1.000000,1.000312,0.500166
AMIGO-step,6.6200,1.000000,1.000319,0.500156
AMIGO-step,6.6400,1.000000,1.000326,0.500146
AMIGO-step,6.6600,1.000000,1.000332,0.500137
AMIGO-step,6.6800,1.000000,1.000337,0.500128
AMIGO-step,6.7000,1.000000,1.000341,0.500119
AMIGO-step,6.7200,1.000000,1.000345,0.500111
AMIGO-step,6.7400,1.000000,1.000349,0.500103
AMIGO-step,6.7600,1.000000,1.000351,0.500095
AMIGO-step,6.7800,1.000000,1.000354,0.500088
AMIGO-step,6.8000,1.000000,1.000355,0.500080
AMIGO-step,6.8200,1.000000,1.000357,0.500073
AMIGO-step,6.8400,1.000000,1.000358,0.500066
AMIGO-step,6.8600,1.000000,1.000358,0.500059
AMIGO-step,6.8800,1.000000,1.000358,0.500053
AMIGO-step,6.9000,1.000000,1.000357,0.500046
AMIGO-step,6.9200,1.000000,1.000357,0.500041
AMIGO-step,6.9400,1.000000,1.000355,0.500035
AMIGO-step,6.9600,1.000000,1.000354,0.500030
AMIGO-step,6.9800,1.000000,1.000352,0.500024
AMIGO-step,7.0000,1.000000,1.000350,0.500019
AMIGO-step,7.0200,1.000000,1.000348,0.500014
AMIGO-step,7.0400,1.000000,1.000345,0.500010
AMIGO-step,7.0600,1.000000,1.000342,0.500006
AMIGO-step,7.0800,1.000000,1.000339,0.500001
AMIGO-step,7.1000,1.000000,1.000335,0.499997
AMIGO-step,7.1200,1.000000,1.000331,0.499993
AMIGO-step,7.1400,1.000000,1.000328,0.499990
AMIGO-step,7.1600,1.000000,1.000324,0.499986
AMIGO-step,7.1800,1.000000,1.000319,0.499983
AMIGO-step,7.2000,1.000000,1.000315,0.499979
AMIGO-step,7.2200,1.000000,1.000310,0.499977
AMIGO-step,7.2400,1.000000,1.000306,0.499974
AMIGO-step,7.2600,1.000000,1.000301,0.499971
AMIGO-step,7.2800,1.000000,1.000296,0.499969
AMIGO-step,7.3000,1.000000,1.000291,0.499966
AMIGO-step,7.3200,1.000000,1.000286,0.499964
AMIGO-step,7.3400,1.000000,1.000280,0.499962
AMIGO-step,7.3600,1.000000,1.000275,0.499960
AMIGO-step,7.3800,1.000000,1.000270,0.499959
AMIGO-step,7.4000,1.000000,1.000264,0.499957
AMIGO-step,7.4200,1.000000,1.000259,0.499955
AMIGO-step,7.4400,1.000000,1.000253,0.499954
AMIGO-step,7.4600,1.000000,1.000248,0.499952
AMIGO-step,7.4800,1.000000,1.000242,0.499952
AMIGO-step,7.5000,1.000000,1.000237,0.499950
AMIGO-step,7.5200,1.000000,1.000231,0.499949
AMIGO-step,7.5400,1.000000,1.000225,0.499948
AMIGO-step,7.5600,1.000000,1.000220,0.499948
AMIGO-step,7.5800,1.000000,1.000214,0.499947
AMIGO-step,7.6000,1.000000,1.000209,0.499946
AMIGO-step,7.6200,1.000000,1.000203,0.499946
AMIGO-step,7.6400,1.000000,1.000198,0.499945
AMIGO-step,7.6600,1.000000,1.000192,0.499945
AMIGO-step,7.6800,1.000000,1.000187,0.499945
AMIGO-step,7.7000,1.000000,1.000181,0.499945
AMIGO-step,7.7200,1.000000,1.000176,0.499945
AMIGO-step,7.7400,1.000000,1.000171,0.499944
AMIGO-step,7.7600,1.000000,1.000166,0.499945
AMIGO-step,7.7800,1.000000,1.000160,0.499944
AMIGO-step,7.8000,1.000000,1.000155,0.499945
AMIGO-step,7.8200,1.000000,1.000150,0.499945
AMIGO-step,7.8400,1.000000,1.000145,0.499945
AMIGO-step,7.8600,1.000000,1.000140,0.499946
AMIGO-step,7.8800,1.000000,1.000135,0.499946
AMIGO-step,7.9000,1.000000,1.000131,0.499946
AMIGO-step,7.9200,1.000000,1.000126,0.499947
AMIGO-step,7.9400,1.000000,1.000121,0.499947
AMIGO-step,7.9600,1.000000,1.000117,0.499948
AMIGO-step,7.9800,1.000000,1.000112,0.499948
AMIGO-step,8.0000,1.000000,1.000108,0.499949
AMIGO-step,8.0200,1.000000,1.000103,0.499950
AMIGO-step,8.0400,1.000000,1.000099,0.499950
AMIGO-step,8.0600,1.000000,1.000095,0.499951
AMIGO-step,8.0800,1.000000,1.000091,0.499951
AMIGO-step,8.1000,1.000000,1.000087,0.499952
AMIGO-step,8.1200,1.000000,1.000083,0.499953
AMIGO-step,8.1400,1.000000,1.000079,0.499954
AMIGO-step,8.1600,1.000000,1.000076,0.499954
AMIGO-step,8.1800,1.000000,1.000072,0.499955
AMIGO-step,8.2000,1.000000,1.000068,0.499956
AMIGO-step,8.2200,1.000000,1.000065,0.499957
AMIGO-step,8.2400,1.000000,1.000061,0.499957
AMIGO-step,8.2600,1.000000,1.000058,0.499958
AMIGO-step,8.2800,1.000000,1.000055,0.499959
AMIGO-step,8.3000,1.000000,1.000052,0.499960
AMIGO-step,8.3200,1.000000,1.000049,0.499961
AMIGO-step,8.3400,1.000000,1.000046,0.499962
AMIGO-step,8.3600,1.000000,1.000043,0.499963
AMIGO-step,8.3800,1.000000,1.000040,0.499964
AMIGO-step,8.4000,1.000000,1.000038,0.499965
AMIGO-step,8.4200,1.000000,1.000035,0.499965
AMIGO-step,8.4400,1.000000,1.000032,0.499966
AMIGO-step,8.4600,1.000000,1.000030,0.499967
AMIGO-step,8.4800,1.000000,1.000028,0.499968
AMIGO-step,8.5000,1.000000,1.000025,0.499968
AMIGO-step,8.5200,1.000000,1.000023,0.499969
AMIGO-step,8.5400,1.000000,1.000021,0.499971
AMIGO-step,8.5600,1.000000,1.000019,0.499971
AMIGO-step,8.5800,1.000000,1.000017,0.499972
AMIGO-step,8.6000,1.000000,1.000015,0.499973
AMIGO-step,8.6200,1.000000,1.000013,0.499973
AMIGO-step,8.6400,1.000000,1.000011,0.499975
AMIGO-step,8.6600,1.000000,1.000010,0.499975
AMIGO-step,8.6800,1.000000,1.000008,0.499976
AMIGO-step,8.7000,1.000000,1.000006,0.499977
AMIGO-step,8.7200,1.000000,1.000005,0.499978
AMIGO-step,8.7400,1.000000,1.000003,0.499978
AMIGO-step,8.7600,1.000000,1.000002,0.499979
AMIGO-step,8.7800,1.000000,1.000001,0.499980
AMIGO-step,8.8000,1.000000,1.000000,0.499981
AMIGO-step,8.8200,1.000000,0.999998,0.499981
AMIGO-step,8.8400,1.000000,0.999997,0.499982
AMIGO-step,8.8600,1.000000,0.999996,0.499983
AMIGO-step,8.8800,1.000000,0.999995,0.499983
AMIGO-step,8.9000,1.000000,0.999994,0.499984
AMIGO-step,8.9200,1.000000,0.999993,0.499985
AMIGO-step,8.9400,1.000000,0.999992,0.499986
AMIGO-step,8.9600,1.000000,0.999991,0.499986
AMIGO-step,8.9800,1.000000,0.999991,0.499987
AMIGO-step,9.0000,1.000000,0.999990,0.499987
AMIGO-step,9.0200,1.000000,0.999989,0.499988
AMIGO-step,9.0400,1.000000,0.999989,0.499988
AMIGO-step,9.0600,1.000000,0.999988,0.499989
AMIGO-step,9.0800,1.000000,0.999987,0.499990
AMIGO-step,9.1000,1.000000,0.999987,0.499990
AMIGO-step,9.1200,1.000000,0.999986,0.499991
AMIGO-step,9.1400,1.000000,0.999986,0.499991
AMIGO-step,9.1600,1.000000,0.999986,0.499992
AMIGO-step,9.1800,1.000000,0.999985,0.499992
AMIGO-step,9.2000,1.000000,0.999985,0.499993
AMIGO-step,9.2200,1.000000,0.999985,0.499993
AMIGO-step,9.2400,1.000000,0.999984,0.499994
AMIGO-step,9.2600,1.000000,0.999984,0.499994
AMIGO-step,9.2800,1.000000,0.999984,0.499994
AMIGO-step,9.3000,1.000000,0.999984,0.499995
AMIGO-step,9.3200,1.000000,0.999983,0.499995
AMIGO-step,9.3400,1.000000,0.999983,0.499996
AMIGO-step,9.3600,1.000000,0.999983,0.499996
AMIGO-step,9.3800,1.000000,0.999983,0.499996
AMIGO-step,9.4000,1.000000,0.999983,0.499996
AMIGO-step,9.4200,1.000000,0.999983,0.499997
AMIGO-step,9.4400,1.000000,0.999983,0.499997
AMIGO-step,9.4600,1.000000,0.999983,0.499997
AMIGO-step,9.4800,1.000000,0.999983,0.499998
AMIGO-step,9.5000,1.000000,0.999983,0.499998
AMIGO-step,9.5200,1.000000,0.999983,0.499999
AMIGO-step,9.5400,1.000000,0.999983,0.499999
AMIGO-step,9.5600,1.000000,0.999983,0.499999
AMIGO-step,9.5800,1.000000,0.999983,0.499999
AMIGO-step,9.6000,1.000000,0.999983,0.499999
AMIGO-step,9.6200,1.000000,0.999984,0.500000
AMIGO-step,9.6400,1.000000,0.999984,0.500000
AMIGO-step,9.6600,1.000000,0.999984,0.500000
AMIGO-step,9.6800,1.000000,0.999984,0.500000
AMIGO-step,9.7000,1.000000,0.999984,0.500000
AMIGO-step,9.7200,1.000000,0.999984,0.500001
AMIGO-step,9.7400,1.000000,0.999985,0.500001
AMIGO-step,9.7600,1.000000,0.999985,0.500001
AMIGO-step,9.7800,1.000000,0.999985,0.500001
AMIGO-step,9.8000,1.000000,0.999985,0.500001
AMIGO-step,9.8200,1.000000,0.999986,0.500001
AMIGO-step,9.8400,1.000000,0.999986,0.500001
AMIGO-step,9.8600,1.000000,0.999986,0.500001
AMIGO-step,9.8800,1.000000,0.999986,0.500002
AMIGO-step,9.9000,1.000000,0.999986,0.500002
AMIGO-step,9.9200,1.000000,0.999987,0.500002
AMIGO-step,9.9400,1.000000,0.999987,0.500002
AMIGO-step,9.9600,1.000000,0.999987,0.500002
AMIGO-step,9.9800,1.000000,0.999987,0.500002
AMIGO-step,10.0000,1.000000,0.999988,0.500002
AMIGO-step,10.0200,1.000000,0.999988,0.500002
AMIGO-step,10.0400,1.000000,0.999988,0.500002
AMIGO-step,10.0600,1.000000,0.999989,0.500002
AMIGO-step,10.0800,1.000000,0.999989,0.500002
AMIGO-step,10.1000,1.000000,0.999989,0.500002
AMIGO-step,10.1200,1.000000,0.999989,0.500003
AMIGO-step,10.1400,1.000000,0.999990,0.500002
AMIGO-step,10.1600,1.000000,0.999990,0.500003
AMIGO-step,10.1800,1.000000,0.999990,0.500003
AMIGO-step,10.2000,1.000000,0.999990,0.500003
AMIGO-step,10.2200,1.000000,0.999991,0.500003
AMIGO-step,10.2400,1.000000,0.999991,0.500003
AMIGO-step,10.2600,1.000000,0.999991,0.500003
AMIGO-step,10.2800,1.000000,0.999991,0.500002
AMIGO-step,10.3000,1.000000,0.999992,0.500003
AMIGO-step,10.3200,1.000000,0.999992,0.500003
AMIGO-step,10.3400,1.000000,0.999992,0.500003
AMIGO-step,10.3600,1.000000,0.999992,0.500003
AMIGO-step,10.3800,1.000000,0.999993,0.500003
AMIGO-step,10.4000,1.000000,0.999993,0.500002
AMIGO-step,10.4200,1.000000,0.999993,0.500003
AMIGO-step,10.4400,1.000000,0.999993,0.500003
AMIGO-step,10.4600,1.000000,0.999994,0.500003
AMIGO-step,10.4800,1.000000,0.999994,0.500003
AMIGO-step,10.5000,1.000000,0.999994,0.500003
AMIGO-step,10.5200,1.000000,0.999994,0.500002
AMIGO-step,10.5400,1.000000,0.999995,0.500003
AMIGO-step,10.5600,1.000000,0.999995,0.500002
AMIGO-step,10.5800,1.000000,0.999995,0.500002
AMIGO-step,10.6000,1.000000,0.999995,0.500002
AMIGO-step,10.6200,1.000000,0.999995,0.500003
AMIGO-step,10.6400,1.000000,0.999996,0.500002
AMIGO-step,10.6600,1.000000,0.999996,0.500002
AMIGO-step,10.6800,1.000000,0.999996,0.500002
AMIGO-step,10.7000,1.000000,0.999996,0.500002
AMIGO-step,10.7200,1.000000,0.999996,0.500002
AMIGO-step,10.7400,1.000000,0.999996,0.500002
AMIGO-step,10.7600,1.000000,0.999997,0.500002
AMIGO-step,10.7800,1.000000,0.999997,0.500002
AMIGO-step,10.8000,1.000000,0.999997,0.500002
AMIGO-step,10.8200,1.000000,0.999997,0.500002
AMIGO-step,10.8400,1.000000,0.999997,0.500002
AMIGO-step,10.8600,1.000000,0.999997,0.500002
AMIGO-step,10.8800,1.000000,0.999998,0.500002
AMIGO-step,10.9000,1.000000,0.999998,0.500002
AMIGO-step,10.9200,1.000000,0.999998,0.500002
AMIGO-step,10.9400,1.000000,0.999998,0.500002
AMIGO-step,10.9600,1.000000,0.999998,0.500002
AMIGO-step,10.9800,1.000000,0.999998,0.500002
AMIGO-step,11.0000,1.000000,0.999998,0.500002
AMIGO-step,11.0200,1.000000,0.999999,0.500002
AMIGO-step,11.0400,1.000000,0.999999,0.500001
AMIGO-step,11.0600,1.000000,0.999999,0.500001
AMIGO-step,11.0800,1.000000,0.999999,0.500001
AMIGO-step,11.1000,1.000000,0.999999,0.500001
AMIGO-step,11.1200,1.000000,0.999999,0.500001
AMIGO-step,11.1400,1.000000,0.999999,0.500001
AMIGO-step,11.1600,1.000000,0.999999,0.500001
AMIGO-step,11.1800,1.000000,0.999999,0.500001
AMIGO-step,11.2000,1.000000,0.999999,0.500001
AMIGO-step,11.2200,1.000000,1.000000,0.500001
AMIGO-step,11.2400,1.000000,1.000000,0.500001
AMIGO-step,11.2600,1.000000,1.000000,0.500001
AMIGO-step,11.2800,1.000000,1.000000,0.500001
AMIGO-step,11.3000,1.000000,1.000000,0.500001
AMIGO-step,11.3200,1.000000,1.000000,0.500001
AMIGO-step,11.3400,1.000000,1.000000,0.500001
AMIGO-step,11.3600,1.000000,1.000000,0.500001
AMIGO-step,11.3800,1.000000,1.000000,0.500000
AMIGO-step,11.4000,1.000000,1.000000,0.500001
AMIGO-step,11.4200,1.000000,1.000000,0.500000
AMIGO-step,11.4400,1.000000,1.000000,0.500001
AMIGO-step,11.4600,1.000000,1.000000,0.500001
AMIGO-step,11.4800,1.000000,1.000000,0.500000
AMIGO-step,11.5000,1.000000,1.000000,0.500001
AMIGO-step,11.5200,1.000000,1.000000,0.500001
AMIGO-step,11.5400,1.000000,1.000000,0.500001
AMIGO-step,11.5600,1.000000,1.000000,0.500000
AMIGO-step,11.5800,1.000000,1.000000,0.500000
AMIGO-step,11.6000,1.000000,1.000000,0.500001
AMIGO-step,11.6200,1.000000,1.000000,0.500001
AMIGO-step,11.6400,1.000000,1.000001,0.500001
AMIGO-step,11.6600,1.000000,1.000001,0.500001
AMIGO-step,11.6800,1.000000,1.000001,0.500001
AMIGO-step,11.7000,1.000000,1.000001,0.500000
AMIGO-step,11.7200,1.000000,1.000001,0.500000
AMIGO-step,11.7400,1.000000,1.000001,0.500000
AMIGO-step,11.7600,1.000000,1.000001,0.500000
AMIGO-step,11.7800,1.000000,1.000001,0.500000
AMIGO-step,11.8000,1.000000,1.000001,0.500000
AMIGO-step,11.8200,1.000000,1.000001,0.500000
AMIGO-step,11.8400,1.000000,1.000001,0.500000
AMIGO-step,11.8600,1.000000,1.000001,0.500000
AMIGO-step,11.8800,1.000000,1.000001,0.500000
AMIGO-step,11.9000,1.000000,1.000001,0.500000
AMIGO-step,11.9200,1.000000,1.000001,0.500000
AMIGO-step,11.9400,1.000000,1.000001,0.500000
AMIGO-step,11.9600,1.000000,1.000001,0.500000
AMIGO-step,11.9800,1.000000,1.000001,0.500000
AMIGO-step,12.0000,1.000000,1.000001,0.500000
AMIGO-step,12.0200,1.000000,1.000001,0.500000
AMIGO-step,12.0400,1.000000,1.000001,0.500000
AMIGO-step,12.0600,1.000000,1.000001,0.500000
AMIGO-step,12.0800,1.000000,1.000001,0.500000
AMIGO-step,12.1000,1.000000,1.000001,0.500000
AMIGO-step,12.1200,1.000000,1.000001,0.500000
AMIGO-step,12.1400,1.000000,1.000001,0.500000
AMIGO-step,12.1600,1.000000,1.000001,0.500000
AMIGO-step,12.1800,1.000000,1.000001,0.500000
AMIGO-step,12.2000,1.000000,1.000001,0.500000
AMIGO-step,12.2200,1.000000,1.000001,0.500000
AMIGO-step,12.2400,1.000000,1.000001,0.500000
AMIGO-step,12.2600,1.000000,1.000001,0.500000
AMIGO-step,12.2800,1.000000,1.000001,0.500000
AMIGO-step,12.3000,1.000000,1.000001,0.500000
AMIGO-step,12.3200,1.000000,1.000001,0.500000
AMIGO-step,12.3400,1.000000,1.000001,0.500000
AMIGO-step,12.3600,1.000000,1.000001,0.500000
AMIGO-step,12.3800,1.000000,1.000001,0.500000
AMIGO-step,12.4000,1.000000,1.000001,0.500000
AMIGO-step,12.4200,1.000000,1.000001,0.500000
AMIGO-step,12.4400,1.000000,1.000001,0.500000
AMIGO-step,12.4600,1.000000,1.000001,0.500000
AMIGO-step,12.4800,1.000000,1.000001,0.500000
AMIGO-step,12.5000,1.000000,1.000001,0.500000
AMIGO-step,12.5200,1.000000,1.000001,0.500000
AMIGO-step,12.5400,1.000000,1.000001,0.500000
AMIGO-step,12.5600,1.000000,1.000001,0.500000
AMIGO-step,12.5800,1.000000,1.000001,0.500000
AMIGO-step,12.6000,1.000000,1.000001,0.500000
AMIGO-step,12.6200,1.000000,1.000001,0.500000
AMIGO-step,12.6400,1.000000,1.000001,0.500000
AMIGO-step,12.6600,1.000000,1.000001,0.500000
AMIGO-step,12.6800,1.000000,1.000001,0.500000
AMIGO-step,12.7000,1.000000,1.000001,0.500000
AMIGO-step,12.7200,1.000000,1.000001,0.500000
AMIGO-step,12.7400,1.000000,1.000001,0.500000
AMIGO-step,12.7600,1.000000,1.000001,0.500000
AMIGO-step,12.7800,1.000000,1.000001,0.500000
AMIGO-step,12.8000,1.000000,1.000001,0.500000
AMIGO-step,12.8200,1.000000,1.000001,0.500000
AMIGO-step,12.8400,1.000000,1.000001,0.500000
AMIGO-step,12.8600,1.000000,1.000001,0.500000
AMIGO-step,12.8800,1.000000,1.000001,0.500000
AMIGO-step,12.9000,1.000000,1.000001,0.500000
AMIGO-step,12.9200,1.000000,1.000001,0.500000
AMIGO-step,12.9400,1.000000,1.000001,0.500000
AMIGO-step,12.9600,1.000000,1.000001,0.500000
AMIGO-step,12.9800,1.000000,1.000001,0.500000
AMIGO-step,13.0000,1.000000,1.000001,0.500000
AMIGO-step,13.0200,1.000000,1.000001,0.500000
AMIGO-step,13.0400,1.000000,1.000001,0.500000
AMIGO-step,13.0600,1.000000,1.000001,0.500000
AMIGO-step,13.0800,1.000000,1.000001,0.500000
AMIGO-step,13.1000,1.000000,1.000001,0.500000
AMIGO-step,13.1200,1.000000,1.000001,0.500000
AMIGO-step,13.1400,1.000000,1.000001,0.500000
AMIGO-step,13.1600,1.000000,1.000001,0.500000
AMIGO-step,13.1800,1.000000,1.000001,0.500000
AMIGO-step,13.2000,1.000000,1.000001,0.500000
AMIGO-step,13.2200,1.000000,1.000001,0.500000
AMIGO-step,13.2400,1.000000,1.000001,0.500000
AMIGO-step,13.2600,1.000000,1.000001,0.500000
AMIGO-step,13.2800,1.000000,1.000001,0.500000
AMIGO-step,13.3000,1.000000,1.000001,0.500000
AMIGO-step,13.3200,1.000000,1.000001,0.500000
AMIGO-step,13.3400,1.000000,1.000001,0.500000
AMIGO-step,13.3600,1.000000,1.000001,0.500000
AMIGO-step,13.3800,1.000000,1.000001,0.500000
AMIGO-step,13.4000,1.000000,1.000001,0.500000
AMIGO-step,13.4200,1.000000,1.000001,0.500000
AMIGO-step,13.4400,1.000000,1.000001,0.500001
AMIGO-step,13.4600,1.000000,1.000001,0.500001
AMIGO-step,13.4800,1.000000,1.000001,0.500000
AMIGO-step,13.5000,1.000000,1.000001,0.500000
AMIGO-step,13.5200,1.000000,1.000001,0.500000
AMIGO-step,13.5400,1.000000,1.000001,0.500000
AMIGO-step,13.5600,1.000000,1.000001,0.500000
AMIGO-step,13.5800,1.000000,1.000001,0.500000
AMIGO-step,13.6000,1.000000,1.000001,0.500000
AMIGO-step,13.6200,1.000000,1.000001,0.500000
AMIGO-step,13.6400,1.000000,1.000001,0.500000
AMIGO-step,13.6600,1.000000,1.000001,0.500000
AMIGO-step,13.6800,1.000000,1.000001,0.500000
AMIGO-step,13.7000,1.000000,1.000001,0.500000
AMIGO-step,13.7200,1.000000,1.000001,0.500000
AMIGO-step,13.7400,1.000000,1.000001,0.500000
AMIGO-step,13.7600,1.000000,1.000001,0.500000
AMIGO-step,13.7800,1.000000,1.000001,0.500000
AMIGO-step,13.8000,1.000000,1.000001,0.500000
AMIGO-step,13.8200,1.000000,1.000001,0.500000
AMIGO-step,13.8400,1.000000,1.000001,0.500000
AMIGO-step,13.8600,1.000000,1.000001,0.500000
AMIGO-step,13.8800,1.000000,1.000001,0.500000
AMIGO-step,13.9000,1.000000,1.000001,0.500000
AMIGO-step,13.9200,1.000000,1.000001,0.500000
AMIGO-step,13.9400,1.000000,1.000001,0.500000
AMIGO-step,13.9600,1.000000,1.000001,0.500000
AMIGO-step,13.9800,1.000000,1.000001,0.500000
AMIGO-step,14.0000,1.000000,1.000001,0.500000
AMIGO-step,14.0200,1.000000,1.000001,0.500000
AMIGO-step,14.0400,1.000000,1.000001,0.500000
AMIGO-step,14.0600,1.000000,1.000001,0.500000
AMIGO-step,14.0800,1.000000,1.000001,0.500000
AMIGO-step,14.1000,1.000000,1.000001,0.500000
AMIGO-step,14.1200,1.000000,1.000001,0.500000
AMIGO-step,14.1400,1.000000,1.000001,0.500000
AMIGO-step,14.1600,1.000000,1.000001,0.500000
AMIGO-step,14.1800,1.000000,1.000001,0.500000
AMIGO-step,14.2000,1.000000,1.000001,0.500000
AMIGO-step,14.2200,1.000000,1.000001,0.500000
AMIGO-step,14.2400,1.000000,1.000001,0.500000
AMIGO-step,14.2600,1.000000,1.000001,0.500000
AMIGO-step,14.2800,1.000000,1.000001,0.500000
AMIGO-step,14.3000,1.000000,1.000001,0.500000
AMIGO-step,14.3200,1.000000,1.000001,0.500000
AMIGO-step,14.3400,1.000000,1.000001,0.500000
AMIGO-step,14.3600,1.000000,1.000001,0.500000
AMIGO-step,14.3800,1.000000,1.000001,0.500000
AMIGO-step,14.4000,1.000000,1.000001,0.500000
AMIGO-step,14.4200,1.000000,1.000001,0.500000
AMIGO-step,14.4400,1.000000,1.000001,0.500000
AMIGO-step,14.4600,1.000000,1.000001,0.500000
AMIGO-step,14.4800,1.000000,1.000001,0.500001
AMIGO-step,14.5000,1.000000,1.000001,0.500001
AMIGO-step,14.5200,1.000000,1.000001,0.500000
AMIGO-step,14.5400,1.000000,1.000001,0.500000
AMIGO-step,14.5600,1.000000,1.000001,0.500000
AMIGO-step,14.5800,1.000000,1.000001,0.500000
AMIGO-step,14.6000,1.000000,1.000001,0.500000
AMIGO-step,14.6200,1.000000,1.000001,0.500000
AMIGO-step,14.6400,1.000000,1.000001,0.500000
AMIGO-step,14.6600,1.000000,1.000001,0.500000
AMIGO-step,14.6800,1.000000,1.000001,0.500000
AMIGO-step,14.7000,1.000000,1.000001,0.500000
AMIGO-step,14.7200,1.000000,1.000001,0.500000
AMIGO-step,14.7400,1.000000,1.000001,0.500000
AMIGO-step,14.7600,1.000000,1.000001,0.500000
AMIGO-step,14.7800,1.000000,1.000001,0.500000
AMIGO-step,14.8000,1.000000,1.000001,0.500000
AMIGO-step,14.8200,1.000000,1.000001,0.500000
AMIGO-step,14.8400,1.000000,1.000001,0.500000
AMIGO-step,14.8600,1.000000,1.000001,0.500000
AMIGO-step,14.8800,1.000000,1.000001,0.500000
AMIGO-step,14.9000,1.000000,1.000001,0.500000
AMIGO-step,14.9200,1.000000,1.000001,0.500000
AMIGO-step,14.9400,1.000000,1.000001,0.500000
AMIGO-step,14.9600,1.000000,1.000001,0.500000
AMIGO-step,14.9800,1.000000,1.000001,0.500000
AMIGO-step,15.0000,1.000000,1.000001,0.500000
AMIGO-step,15.0200,1.000000,1.000001,0.500000
AMIGO-step,15.0400,1.000000,1.000001,0.500000
AMIGO-step,15.0600,1.000000,1.000001,0.500000
AMIGO-step,15.0800,1.000000,1.000001,0.500000
AMIGO-step,15.1000,1.000000,1.000001,0.500000
AMIGO-step,15.1200,1.000000,1.000001,0.500000
AMIGO-step,15.1400,1.000000,1.000001,0.500000
AMIGO-step,15.1600,1.000000,1.000001,0.500000
AMIGO-step,15.1800,1.000000,1.000001,0.500000
AMIGO-step,15.2000,1.000000,1.000001,0.500000
AMIGO-step,15.2200,1.000000,1.000001,0.500000
AMIGO-step,15.2400,1.000000,1.000001,0.500000
AMIGO-step,15.2600,1.000000,1.000001,0.500000
AMIGO-step,15.2800,1.000000,1.000001,0.500000
AMIGO-step,15.3000,1.000000,1.000001,0.500000
AMIGO-step,15.3200,1.000000,1.000001,0.500000
AMIGO-step,15.3400,1.000000,1.000001,0.500000
AMIGO-step,15.3600,1.000000,1.000001,0.500000
AMIGO-step,15.3800,1.000000,1.000001,0.500000
AMIGO-step,15.4000,1.000000,1.000001,0.500000
AMIGO-step,15.4200,1.000000,1.000001,0.500000
AMIGO-step,15.4400,1.000000,1.000001,0.500000
AMIGO-step,15.4600,1.000000,1.000001,0.500000
AMIGO-step,15.4800,1.000000,1.000001,0.500000
AMIGO-step,15.5000,1.000000,1.000001,0.500001
AMIGO-step,15.5200,1.000000,1.000001,0.500001
AMIGO-step,15.5400,1.000000,1.000001,0.500000
AMIGO-step,15.5600,1.000000,1.000001,0.500000
AMIGO-step,15.5800,1.000000,1.000001,0.500000
AMIGO-step,15.6000,1.000000,1.000001,0.500000
AMIGO-step,15.6200,1.000000,1.000001,0.500000
AMIGO-step,15.6400,1.000000,1.000001,0.500000
AMIGO-step,15.6600,1.000000,1.000001,0.500000
AMIGO-step,15.6800,1.000000,1.000001,0.500000
AMIGO-step,15.7000,1.000000,1.000001,0.500000
AMIGO-step,15.7200,1.000000,1.000001,0.500000
AMIGO-step,15.7400,1.000000,1.000001,0.500000
AMIGO-step,15.7600,1.000000,1.000001,0.500000
AMIGO-step,15.7800,1.000000,1.000001,0.500000
AMIGO-step,15.8000,1.000000,1.000001,0.500000
AMIGO-step,15.8200,1.000000,1.000001,0.500000
AMIGO-step,15.8400,1.000000,1.000001,0.500000
AMIGO-step,15.8600,1.000000,1.000001,0.500000
AMIGO-step,15.8800,1.000000,1.000001,0.500000
AMIGO-step,15.9000,1.000000,1.000001,0.500000
AMIGO-step,15.9200,1.000000,1.000001,0.500000
AMIGO-step,15.9400,1.000000,1.000001,0.500000
AMIGO-step,15.9600,1.000000,1.000001,0.500000
AMIGO-step,15.9800,1.000000,1.000001,0.500000
AMIGO-step,16.0000,1.000000,1.000001,0.500000
AMIGO-step,16.0200,1.000000,1.000001,0.500000
AMIGO-step,16.0400,1.000000,1.000001,0.500000
AMIGO-step,16.0600,1.000000,1.000001,0.500000
AMIGO-step,16.0800,1.000000,1.000001,0.500000
AMIGO-step,16.1000,1.000000,1.000001,0.500000
AMIGO-step,16.1200,1.000000,1.000001,0.500000
AMIGO-step,16.1400,1.000000,1.000001,0.500000
AMIGO-step,16.1600,1.000000,1.000001,0.500000
AMIGO-step,16.1800,1.000000,1.000001,0.500000
AMIGO-step,16.2000,1.000000,1.000001,0.500000
AMIGO-step,16.2200,1.000000,1.000001,0.500000
AMIGO-step,16.2400,1.000000,1.000001,0.500000
AMIGO-step,16.2600,1.000000,1.000001,0.500000
AMIGO-step,16.2800,1.000000,1.000001,0.500000
AMIGO-step,16.3000,1.000000,1.000001,0.500000
AMIGO-step,16.3200,1.000000,1.000001,0.500000
AMIGO-step,16.3400,1.000000,1.000001,0.500000
AMIGO-step,16.3600,1.000000,1.000001,0.500000
AMIGO-step,16.3800,1.000000,1.000001,0.500000
AMIGO-step,16.4000,1.000000,1.000001,0.500000
AMIGO-step,16.4200,1.000000,1.000001,0.500000
AMIGO-step,16.4400,1.000000,1.000001,0.500000
AMIGO-step,16.4600,1.000000,1.000001,0.500000
AMIGO-step,16.4800,1.000000,1.000001,0.500000
AMIGO-step,16.5000,1.000000,1.000001,0.500000
AMIGO-step,16.5200,1.000000,1.000001,0.500000
AMIGO-step,16.5400,1.000000,1.000001,0.500001
AMIGO-step,16.5600,1.000000,1.000001,0.500001
AMIGO-step,16.5800,1.000000,1.000001,0.500000
AMIGO-step,16.6000,1.000000,1.000001,0.500000
AMIGO-step,16.6200,1.000000,1.000001,0.500000
AMIGO-step,16.6400,1.000000,1.000001,0.500000
AMIGO-step,16.6600,1.000000,1.000001,0.500000
AMIGO-step,16.6800,1.000000,1.000001,0.500000
AMIGO-step,16.7000,1.000000,1.000001,0.500000
AMIGO-step,16.7200,1.000000,1.000001,0.500000
AMIGO-step,16.7400,1.000000,1.000001,0.500000
AMIGO-step,16.7600,1.000000,1.000001,0.500000
AMIGO-step,16.7800,1.000000,1.000001,0.500000
AMIGO-step,16.8000,1.000000,1.000001,0.500000
AMIGO-step,16.8200,1.000000,1.000001,0.500000
AMIGO-step,16.8400,1.000000,1.000001,0.500000
AMIGO-step,16.8600,1.000000,1.000001,0.500000
AMIGO-step,16.8800,1.000000,1.000001,0.500000
AMIGO-step,16.9000,1.000000,1.000001,0.500000
AMIGO-step,16.9200,1.000000,1.000001,0.500000
AMIGO-step,16.9400,1.000000,1.000001,0.500000
AMIGO-step,16.9600,1.000000,1.000001,0.500000
AMIGO-step,16.9800,1.000000,1.000001,0.500000
AMIGO-step,17.0000,1.000000,1.000001,0.500000
AMIGO-step,17.0200,1.000000,1.000001,0.500000
AMIGO-step,17.0400,1.000000,1.000001,0.500000
AMIGO-step,17.0600,1.000000,1.000001,0.500000
AMIGO-step,17.0800,1.000000,1.000001,0.500000
AMIGO-step,17.1000,1.000000,1.000001,0.500000
AMIGO-step,17.1200,1.000000,1.000001,0.500000
AMIGO-step,17.1400,1.000000,1.000001,0.500000
AMIGO-step,17.1600,1.000000,1.000001,0.500000
AMIGO-step,17.1800,1.000000,1.000001,0.500000
AMIGO-step,17.2000,1.000000,1.000001,0.500000
AMIGO-step,17.2200,1.000000,1.000001,0.500000
AMIGO-step,17.2400,1.000000,1.000001,0.500000
AMIGO-step,17.2600,1.000000,1.000001,0.500000
AMIGO-step,17.2800,1.000000,1.000001,0.500000
AMIGO-step,17.3000,1.000000,1.000001,0.500000
AMIGO-step,17.3200,1.000000,1.000001,0.500000
AMIGO-step,17.3400,1.000000,1.000001,0.500000
AMIGO-step,17.3600,1.000000,1.000001,0.500000
AMIGO-step,17.3800,1.000000,1.000001,0.500000
AMIGO-step,17.4000,1.000000,1.000001,0.500000
AMIGO-step,17.4200,1.000000,1.000001,0.500000
AMIGO-step,17.4400,1.000000,1.000001,0.500000
AMIGO-step,17.4600,1.000000,1.000001,0.500000
AMIGO-step,17.4800,1.000000,1.000001,0.500000
AMIGO-step,17.5000,1.000000,1.000001,0.500000
AMIGO-step,17.5200,1.000000,1.000001,0.500000
AMIGO-step,17.5400,1.000000,1.000001,0.500000
AMIGO-step,17.5600,1.000000,1.000001,0.500001
AMIGO-step,17.5800,1.000000,1.000001,0.500001
AMIGO-step,17.6000,1.000000,1.000001,0.500000
AMIGO-step,17.6200,1.000000,1.000001,0.500000
AMIGO-step,17.6400,1.000000,1.000001,0.500000
AMIGO-step,17.6600,1.000000,1.000001,0.500000
AMIGO-step,17.6800,1.000000,1.000001,0.500000
AMIGO-step,17.7000,1.000000,1.000001,0.500000
AMIGO-step,17.7200,1.000000,1.000001,0.500000
AMIGO-step,17.7400,1.000000,1.000001,0.500000
AMIGO-step,17.7600,1.000000,1.000001,0.500000
AMIGO-step,17.7800,1.000000,1.000001,0.500000
AMIGO-step,17.8000,1.000000,1.000001,0.500000
AMIGO-step,17.8200,1.000000,1.000001,0.500000
AMIGO-step,17.8400,1.000000,1.000001,0.500000
AMIGO-step,17.8600,1.000000,1.000001,0.500000
AMIGO-step,17.8800,1.000000,1.000001,0.500000
AMIGO-step,17.9000,1.000000,1.000001,0.500000
AMIGO-step,17.9200,1.000000,1.000001,0.500000
AMIGO-step,17.9400,1.000000,1.000001,0.500000
AMIGO-step,17.9600,1.000000,1.000001,0.500000
AMIGO-step,17.9800,1.000000,1.000001,0.500000
AMIGO-step,18.0000,1.000000,1.000001,0.500000
AMIGO-step,18.0200,1.000000,1.000001,0.500000
AMIGO-step,18.0400,1.000000,1.000001,0.500000
AMIGO-step,18.0600,1.000000,1.000001,0.500000
AMIGO-step,18.0800,1.000000,1.000001,0.500000
AMIGO-step,18.1000,1.000000,1.000001,0.500000
AMIGO-step,18.1200,1.000000,1.000001,0.500000
AMIGO-step,18.1400,1.000000,1.000001,0.500000
AMIGO-step,18.1600,1.000000,1.000001,0.500000
AMIGO-step,18.1800,1.000000,1.000001,0.500000
AMIGO-step,18.2000,1.000000,1.000001,0.500000
AMIGO-step,18.2200,1.000000,1.000001,0.500000
AMIGO-step,18.2400,1.000000,1.000001,0.500000
AMIGO-step,18.2600,1.000000,1.000001,0.500000
AMIGO-step,18.2800,1.000000,1.000001,0.500000
AMIGO-step,18.3000,1.000000,1.000001,0.500000
AMIGO-step,18.3200,1.000000,1.000001,0.500000
AMIGO-step,18.3400,1.000000,1.000001,0.500000
AMIGO-step,18.3600,1.000000,1.000001,0.500000
AMIGO-step,18.3800,1.000000,1.000001,0.500000
AMIGO-step,18.4000,1.000000,1.000001,0.500000
AMIGO-step,18.4200,1.000000,1.000001,0.500000
AMIGO-step,18.4400,1.000000,1.000001,0.500000
AMIGO-step,18.4600,1.000000,1.000001,0.500000
AMIGO-step,18.4800,1.000000,1.000001,0.500000
AMIGO-step,18.5000,1.000000,1.000001,0.500000
AMIGO-step,18.5200,1.000000,1.000001,0.500000
AMIGO-step,18.5400,1.000000,1.000001,0.500000
AMIGO-step,18.5600,1.000000,1.000001,0.500000
AMIGO-step,18.5800,1.000000,1.000001,0.500000
AMIGO-step,18.6000,1.000000,1.000001,0.500001
AMIGO-step,18.6200,1.000000,1.000001,0.500001
AMIGO-step,18.6400,1.000000,1.000001,0.500000
AMIGO-step,18.6600,1.000000,1.000001,0.500000
AMIGO-step,18.6800,1.000000,1.000001,0.500000
AMIGO-step,18.7000,1.000000,1.000001,0.500000
AMIGO-step,18.7200,1.000000,1.000001,0.500000
AMIGO-step,18.7400,1.000000,1.000001,0.500000
AMIGO-step,18.7600,1.000000,1.000001,0.500000
AMIGO-step,18.7800,1.000000,1.000001,0.500000
AMIGO-step,18.8000,1.000000,1.000001,0.500000
AMIGO-step,18.8200,1.000000,1.000001,0.500000
AMIGO-step,18.8400,1.000000,1.000001,0.500000
AMIGO-step,18.8600,1.000000,1.000001,0.500000
AMIGO-step,18.8800,1.000000,1.000001,0.500000
AMIGO-step,18.9000,1.000000,1.000001,0.500000
AMIGO-step,18.9200,1.000000,1.000001,0.500000
AMIGO-step,18.9400,1.000000,1.000001,0.500000
AMIGO-step,18.9600,1.000000,1.000001,0.500000
AMIGO-step,18.9800,1.000000,1.000001,0.500000
AMIGO-step,19.0000,1.000000,1.000001,0.500000
AMIGO-step,19.0200,1.000000,1.000001,0.500000
AMIGO-step,19.0400,1.000000,1.000001,0.500000
AMIGO-step,19.0600,1.000000,1.000001,0.500000
AMIGO-step,19.0800,1.000000,1.000001,0.500000
AMIGO-step,19.1000,1.000000,1.000001,0.500000
AMIGO-step,19.1200,1.000000,1.000001,0.500000
AMIGO-step,19.1400,1.000000,1.000001,0.500000
AMIGO-step,19.1600,1.000000,1.000001,0.500000
AMIGO-step,19.1800,1.000000,1.000001,0.500000
AMIGO-step,19.2000,1.000000,1.000001,0.500000
AMIGO-step,19.2200,1.000000,1.000001,0.500000
AMIGO-step,19.2400,1.000000,1.000001,0.500000
AMIGO-step,19.2600,1.000000,1.000001,0.500000
AMIGO-step,19.2800,1.000000,1.000001,0.500000
AMIGO-step,19.3000,1.000000,1.000001,0.500000
AMIGO-step,19.3200,1.000000,1.000001,0.500000
AMIGO-step,19.3400,1.000000,1.000001,0.500000
AMIGO-step,19.3600,1.000000,1.000001,0.500000
AMIGO-step,19.3800,1.000000,1.000001,0.500000
AMIGO-step,19.4000,1.000000,1.000001,0.500000
AMIGO-step,19.4200,1.000000,1.000001,0.500000
AMIGO-step,19.4400,1.000000,1.000001,0.500000
AMIGO-step,19.4600,1.000000,1.000001,0.500000
AMIGO-step,19.4800,1.000000,1.000001,0.500000
AMIGO-step,19.5000,1.000000,1.000001,0.500000
AMIGO-step,19.5200,1.000000,1.000001,0.500000
AMIGO-step,19.5400,1.000000,1.000001,0.500000
AMIGO-step,19.5600,1.000000,1.000001,0.500000
AMIGO-step,19.5800,1.000000,1.000001,0.500000
AMIGO-step,19.6000,1.000000,1.000001,0.500000
AMIGO-step,19.6200,1.000000,1.000001,0.500001
AMIGO-step,19.6400,1.000000,1.000001,0.500001
AMIGO-step,19.6600,1.000000,1.000001,0.500000
AMIGO-step,19.6800,1.000000,1.000001,0.500000
AMIGO-step,19.7000,1.000000,1.000001,0.500000
AMIGO-step,19.7200,1.000000,1.000001,0.500000
AMIGO-step,19.7400,1.000000,1.000001,0.500000
AMIGO-step,19.7600,1.000000,1.000001,0.500000
AMIGO-step,19.7800,1.000000,1.000001,0.500000
AMIGO-step,19.8000,1.000000,1.000001,0.500000
AMIGO-step,19.8200,1.000000,1.000001,0.500000
AMIGO-step,19.8400,1.000000,1.000001,0.500000
AMIGO-step,19.8600,1.000000,1.000001,0.500000
AMIGO-step,19.8800,1.000000,1.000001,0.500000
AMIGO-step,19.9000,1.000000,1.000001,0.500000
AMIGO-step,19.9200,1.000000,1.000001,0.500000
AMIGO-step,19.9400,1.000000,1.000001,0.500000
AMIGO-step,19.9600,1.000000,1.000001,0.500000
AMIGO-step,19.9800,1.000000,1.000001,0.500000
AMIGO-step,20.0000,1.000000,1.000001,0.500000
AMIGO-step,20.0200,1.000000,1.000001,0.500000
AMIGO-step,20.0400,1.000000,1.000001,0.500000
AMIGO-step,20.0600,1.000000,1.000001,0.500000
AMIGO-step,20.0800,1.000000,1.000001,0.500000
AMIGO-step,20.1000,1.000000,1.000001,0.500000
AMIGO-step,20.1200,1.000000,1.000001,0.500000
AMIGO-step,20.1400,1.000000,1.000001,0.500000
AMIGO-step,20.1600,1.000000,1.000001,0.500000
AMIGO-step,20.1800,1.000000,1.000001,0.500000
AMIGO-step,20.2000,1.000000,1.000001,0.500000
AMIGO-step,20.2200,1.000000,1.000001,0.500000
AMIGO-step,20.2400,1.000000,1.000001,0.500000
AMIGO-step,20.2600,1.000000,1.000001,0.500000
AMIGO-step,20.2800,1.000000,1.000001,0.500000
AMIGO-step,20.3000,1.000000,1.000001,0.500000
AMIGO-step,20.3200,1.000000,1.000001,0.500000
AMIGO-step,20.3400,1.000000,1.000001,0.500000
AMIGO-step,20.3600,1.000000,1.000001,0.500000
AMIGO-step,20.3800,1.000000,1.000001,0.500000
AMIGO-step,20.4000,1.000000,1.000001,0.500000
AMIGO-step,20.4200,1.000000,1.000001,0.500000
AMIGO-step,20.4400,1.000000,1.000001,0.500000
AMIGO-step,20.4600,1.000000,1.000001,0.500000
AMIGO-step,20.4800,1.000000,1.000001,0.500000
AMIGO-step,20.5000,1.000000,1.000001,0.500000
AMIGO-step,20.5200,1.000000,1.000001,0.500000
AMIGO-step,20.5400,1.000000,1.000001,0.500000
AMIGO-step,20.5600,1.000000,1.000001,0.500000
AMIGO-step,20.5800,1.000000,1.000001,0.500000
AMIGO-step,20.6000,1.000000,1.000001,0.500000
AMIGO-step,20.6200,1.000000,1.000001,0.500000
AMIGO-step,20.6400,1.000000,1.000001,0.500000
AMIGO-step,20.6600,1.000000,1.000001,0.500001
AMIGO-step,20.6800,1.000000,1.000001,0.500001
AMIGO-step,20.7000,1.000000,1.000001,0.500000
AMIGO-step,20.7200,1.000000,1.000001,0.500000
AMIGO-step,20.7400,1.000000,1.000001,0.500000
AMIGO-step,20.7600,1.000000,1.000001,0.500000
AMIGO-step,20.7800,1.000000,1.000001,0.500000
AMIGO-step,20.8000,1.000000,1.000001,0.500000
AMIGO-step,20.8200,1.000000,1.000001,0.500000
AMIGO-step,20.8400,1.000000,1.000001,0.500000
AMIGO-step,20.8600,1.000000,1.000001,0.500000
AMIGO-step,20.8800,1.000000,1.000001,0.500000
AMIGO-step,20.9000,1.000000,1.000001,0.500000
AMIGO-step,20.9200,1.000000,1.000001,0.500000
AMIGO-step,20.9400,1.000000,1.000001,0.500000
AMIGO-step,20.9600,1.000000,1.000001,0.500000
AMIGO-step,20.9800,1.000000,1.000001,0.500000
AMIGO-step,21.0000,1.000000,1.000001,0.500000
AMIGO-step,21.0200,1.000000,1.000001,0.500000
AMIGO-step,21.0400,1.000000,1.000001,0.500000
AMIGO-step,21.0600,1.000000,1.000001,0.500000
AMIGO-step,21.0800,1.000000,1.000001,0.500000
AMIGO-step,21.1000,1.000000,1.000001,0.500000
AMIGO-step,21.1200,1.000000,1.000001,0.500000
AMIGO-step,21.1400,1.000000,1.000001,0.500000
AMIGO-step,21.1600,1.000000,1.000001,0.500000
AMIGO-step,21.1800,1.000000,1.000001,0.500000
AMIGO-step,21.2000,1.000000,1.000001,0.500000
AMIGO-step,21.2200,1.000000,1.000001,0.500000
AMIGO-step,21.2400,1.000000,1.000001,0.500000
AMIGO-step,21.2600,1.000000,1.000001,0.500000
AMIGO-step,21.2800,1.000000,1.000001,0.500000
AMIGO-step,21.3000,1.000000,1.000001,0.500000
AMIGO-step,21.3200,1.000000,1.000001,0.500000
AMIGO-step,21.3400,1.000000,1.000001,0.500000
AMIGO-step,21.3600,1.000000,1.000001,0.500000
AMIGO-step,21.3800,1.000000,1.000001,0.500000
AMIGO-step,21.4000,1.000000,1.000001,0.500000
AMIGO-step,21.4200,1.000000,1.000001,0.500000
AMIGO-step,21.4400,1.000000,1.000001,0.500000
AMIGO-step,21.4600,1.000000,1.000001,0.500000
AMIGO-step,21.4800,1.000000,1.000001,0.500000
AMIGO-step,21.5000,1.000000,1.000001,0.500000
AMIGO-step,21.5200,1.000000,1.000001,0.500000
AMIGO-step,21.5400,1.000000,1.000001,0.500000
AMIGO-step,21.5600,1.000000,1.000001,0.500000
AMIGO-step,21.5800,1.000000,1.000001,0.500000
AMIGO-step,21.6000,1.000000,1.000001,0.500000
AMIGO-step,21.6200,1.000000,1.000001,0.500000
AMIGO-step,21.6400,1.000000,1.000001,0.500000
AMIGO-step,21.6600,1.000000,1.000001,0.500000
AMIGO-step,21.6800,1.000000,1.000001,0.500001
AMIGO-step,21.7000,1.000000,1.000001,0.500001
AMIGO-step,21.7200,1.000000,1.000001,0.500000
AMIGO-step,21.7400,1.000000,1.000001,0.500000
AMIGO-step,21.7600,1.000000,1.000001,0.500000
AMIGO-step,21.7800,1.000000,1.000001,0.500000
AMIGO-step,21.8000,1.000000,1.000001,0.500000
AMIGO-step,21.8200,1.000000,1.000001,0.500000
AMIGO-step,21.8400,1.000000,1.000001,0.500000
AMIGO-step,21.8600,1.000000,1.000001,0.500000
AMIGO-step,21.8800,1.000000,1.000001,0.500000
AMIGO-step,21.9000,1.000000,1.000001,0.500000
AMIGO-step,21.9200,1.000000,1.000001,0.500000
AMIGO-step,21.9400,1.000000,1.000001,0.500000
AMIGO-step,21.9600,1.000000,1.000001,0.500000
AMIGO-step,21.9800,1.000000,1.000001,0.500000
AMIGO-step,22.0000,1.000000,1.000001,0.500000
AMIGO-step,22.0200,1.000000,1.000001,0.500000
AMIGO-step,22.0400,1.000000,1.000001,0.500000
AMIGO-step,22.0600,1.000000,1.000001,0.500000
AMIGO-step,22.0800,1.000000,1.000001,0.500000
AMIGO-step,22.1000,1.000000,1.000001,0.500000
AMIGO-step,22.1200,1.000000,1.000001,0.500000
AMIGO-step,22.1400,1.000000,1.000001,0.500000
AMIGO-step,22.1600,1.000000,1.000001,0.500000
AMIGO-step,22.1800,1.000000,1.000001,0.500000
AMIGO-step,22.2000,1.000000,1.000001,0.500000
AMIGO-step,22.2200,1.000000,1.000001,0.500000
AMIGO-step,22.2400,1.000000,1.000001,0.500000
AMIGO-step,22.2600,1.000000,1.000001,0.500000
AMIGO-step,22.2800,1.000000,1.000001,0.500000
AMIGO-step,22.3000,1.000000,1.000001,0.500000
AMIGO-step,22.3200,1.000000,1.000001,0.500000
AMIGO-step,22.3400,1.000000,1.000001,0.500000
AMIGO-step,22.3600,1.000000,1.000001,0.500000
AMIGO-step,22.3800,1.000000,1.000001,0.500000
AMIGO-step,22.4000,1.000000,1.000001,0.500000
AMIGO-step,22.4200,1.000000,1.000001,0.500000
AMIGO-step,22.4400,1.000000,1.000001,0.500000
AMIGO-step,22.4600,1.000000,1.000001,0.500000
AMIGO-step,22.4800,1.000000,1.000001,0.500000
AMIGO-step,22.5000,1.000000,1.000001,0.500000
AMIGO-step,22.5200,1.000000,1.000001,0.500000
AMIGO-step,22.5400,1.000000,1.000001,0.500000
AMIGO-step,22.5600,1.000000,1.000001,0.500000
AMIGO-step,22.5800,1.000000,1.000001,0.500000
AMIGO-step,22.6000,1.000000,1.000001,0.500000
AMIGO-step,22.6200,1.000000,1.000001,0.500000
AMIGO-step,22.6400,1.000000,1.000001,0.500000
AMIGO-step,22.6600,1.000000,1.000001,0.500000
AMIGO-step,22.6800,1.000000,1.000001,0.500000
AMIGO-step,22.7000,1.000000,1.000001,0.500000
AMIGO-step,22.7200,1.000000,1.000001,0.500001
AMIGO-step,22.7400,1.000000,1.000001,0.500001
AMIGO-step,22.7600,1.000000,1.000001,0.500000
AMIGO-step,22.7800,1.000000,1.000001,0.500000
AMIGO-step,22.8000,1.000000,1.000001,0.500000
AMIGO-step,22.8200,1.000000,1.000001,0.500000
AMIGO-step,22.8400,1.000000,1.000001,0.500000
AMIGO-step,22.8600,1.000000,1.000001,0.500000
AMIGO-step,22.8800,1.000000,1.000001,0.500000
AMIGO-step,22.9000,1.000000,1.000001,0.500000
AMIGO-step,22.9200,1.000000,1.000001,0.500000
AMIGO-step,22.9400,1.000000,1.000001,0.500000
AMIGO-step,22.9600,1.000000,1.000001,0.500000
AMIGO-step,22.9800,1.000000,1.000001,0.500000
AMIGO-step,23.0000,1.000000,1.000001,0.500000
AMIGO-step,23.0200,1.000000,1.000001,0.500000
AMIGO-step,23.0400,1.000000,1.000001,0.500000
AMIGO-step,23.0600,1.000000,1.000001,0.500000
AMIGO-step,23.0800,1.000000,1.000001,0.500000
AMIGO-step,23.1000,1.000000,1.000001,0.500000
AMIGO-step,23.1200,1.000000,1.000001,0.500000
AMIGO-step,23.1400,1.000000,1.000001,0.500000
AMIGO-step,23.1600,1.000000,1.000001,0.500000
AMIGO-step,23.1800,1.000000,1.000001,0.500000
AMIGO-step,23.2000,1.000000,1.000001,0.500000
AMIGO-step,23.2200,1.000000,1.000001,0.500000
AMIGO-step,23.2400,1.000000,1.000001,0.500000
AMIGO-step,23.2600,1.000000,1.000001,0.500000
AMIGO-step,23.2800,1.000000,1.000001,0.500000
AMIGO-step,23.3000,1.000000,1.000001,0.500000
AMIGO-step,23.3200,1.000000,1.000001,0.500000
AMIGO-step,23.3400,1.000000,1.000001,0.500000
AMIGO-step,23.3600,1.000000,1.000001,0.500000
AMIGO-step,23.3800,1.000000,1.000001,0.500000
AMIGO-step,23.4000,1.000000,1.000001,0.500000
AMIGO-step,23.4200,1.000000,1.000001,0.500000
AMIGO-step,23.4400,1.000000,1.000001,0.500000
AMIGO-step,23.4600,1.000000,1.000001,0.500000
AMIGO-step,23.4800,1.000000,1.000001,0.500000
AMIGO-step,23.5000,1.000000,1.000001,0.500000
AMIGO-step,23.5200,1.000000,1.000001,0.500000
AMIGO-step,23.5400,1.000000,1.000001,0.500000
AMIGO-step,23.5600,1.000000,1.000001,0.500000
AMIGO-step,23.5800,1.000000,1.000001,0.500000
AMIGO-step,23.6000,1.000000,1.000001,0.500000
AMIGO-step,23.6200,1.000000,1.000001,0.500000
AMIGO-step,23.6400,1.000000,1.000001,0.500000
AMIGO-step,23.6600,1.000000,1.000001,0.500000
AMIGO-step,23.6800,1.000000,1.000001,0.500000
AMIGO-step,23.7000,1.000000,1.000001,0.500000
AMIGO-step,23.7200,1.000000,1.000001,0.500000
AMIGO-step,23.7400,1.000000,1.000001,0.500001
AMIGO-step,23.7600,1.000000,1.000001,0.500001
AMIGO-step,23.7800,1.000000,1.000001,0.500000
AMIGO-step,23.8000,1.000000,1.000001,0.500000
AMIGO-step,23.8200,1.000000,1.000001,0.500000
AMIGO-step,23.8400,1.000000,1.000001,0.500000
AMIGO-step,23.8600,1.000000,1.000001,0.500000
AMIGO-step,23.8800,1.000000,1.000001,0.500000
AMIGO-step,23.9000,1.000000,1.000001,0.500000
AMIGO-step,23.9200,1.000000,1.000001,0.500000
AMIGO-step,23.9400,1.000000,1.000001,0.500000
AMIGO-step,23.9600,1.000000,1.000001,0.500000
AMIGO-step,23.9800,1.000000,1.000001,0.500000
AMIGO-step,24.0000,1.000000,1.000001,0.500000
AMIGO-step,24.0200,1.000000,1.000001,0.500000
AMIGO-step,24.0400,1.000000,1.000001,0.500000
AMIGO-step,24.0600,1.000000,1.000001,0.500000
AMIGO-step,24.0800,1.000000,1.000001,0.500000
AMIGO-step,24.1000,1.000000,1.000001,0.500000
AMIGO-step,24.1200,1.000000,1.000001,0.500000
AMIGO-step,24.1400,1.000000,1.000001,0.500000
AMIGO-step,24.1600,1.000000,1.000001,0.500000
AMIGO-step,24.1800,1.000000,1.000001,0.500000
AMIGO-step,24.2000,1.000000,1.000001,0.500000
AMIGO-step,24.2200,1.000000,1.000001,0.500000
AMIGO-step,24.2400,1.000000,1.000001,0.500000
AMIGO-step,24.2600,1.000000,1.000001,0.500000
AMIGO-step,24.2800,1.000000,1.000001,0.500000
AMIGO-step,24.3000,1.000000,1.000001,0.500000
AMIGO-step,24.3200,1.000000,1.000001,0.500000
AMIGO-step,24.3400,1.000000,1.000001,0.500000
AMIGO-step,24.3600,1.000000,1.000001,0.500000
AMIGO-step,24.3800,1.000000,1.000001,0.500000
AMIGO-step,24.4000,1.000000,1.000001,0.500000
AMIGO-step,24.4200,1.000000,1.000001,0.500000
AMIGO-step,24.4400,1.000000,1.000001,0.500000
AMIGO-step,24.4600,1.000000,1.000001,0.500000
AMIGO-step,24.4800,1.000000,1.000001,0.500000
AMIGO-step,24.5000,1.000000,1.000001,0.500000
AMIGO-step,24.5200,1.000000,1.000001,0.500000
AMIGO-step,24.5400,1.000000,1.000001,0.500000
AMIGO-step,24.5600,1.000000,1.000001,0.500000
AMIGO-step,24.5800,1.000000,1.000001,0.500000
AMIGO-step,24.6000,1.000000,1.000001,0.500000
AMIGO-step,24.6200,1.000000,1.000001,0.500000
AMIGO-step,24.6400,1.000000,1.000001,0.500000
AMIGO-step,24.6600,1.000000,1.000001,0.500000
AMIGO-step,24.6800,1.000000,1.000001,0.500000
AMIGO-step,24.7000,1.000000,1.000001,0.500000
AMIGO-step,24.7200,1.000000,1.000001,0.500000
AMIGO-step,24.7400,1.000000,1.000001,0.500000
AMIGO-step,24.7600,1.000000,1.000001,0.500000
AMIGO-step,24.7800,1.000000,1.000001,0.500001
AMIGO-step,24.8000,1.000000,1.000001,0.500001
AMIGO-step,24.8200,1.000000,1.000001,0.500000
AMIGO-step,24.8400,1.000000,1.000001,0.500000
AMIGO-step,24.8600,1.000000,1.000001,0.500000
AMIGO-step,24.8800,1.000000,1.000001,0.500000
AMIGO-step,24.9000,1.000000,1.000001,0.500000
AMIGO-step,24.9200,1.000000,1.000001,0.500000
AMIGO-step,24.9400,1.000000,1.000001,0.500000
AMIGO-step,24.9600,1.000000,1.000001,0.500000
AMIGO-step,24.9800,1.000000,1.000001,0.500000
IMC-lambda,0.0000,1.000000,0.000000,0.429630
IMC-lambda,0.0200,1.000000,0.000000,0.437037
IMC-lambda,0.0400,1.000000,0.000000,0.444444
IMC-lambda,0.0600,1.000000,0.000000,0.451852
IMC-lambda,0.0800,1.000000,0.000000,0.459259
IMC-lambda,0.1000,1.000000,0.000000,0.466667
IMC-lambda,0.1200,1.000000,0.000000,0.474074
IMC-lambda,0.1400,1.000000,0.000000,0.481481
IMC-lambda,0.1600,1.000000,0.000000,0.488889
IMC-lambda,0.1800,1.000000,0.000000,0.496296
IMC-lambda,0.2000,1.000000,0.000000,0.503704
IMC-lambda,0.2200,1.000000,0.000000,0.511111
IMC-lambda,0.2400,1.000000,0.000000,0.518519
IMC-lambda,0.2600,1.000000,0.000000,0.525926
IMC-lambda,0.2800,1.000000,0.000000,0.533333
IMC-lambda,0.3000,1.000000,0.008550,0.540741
IMC-lambda,0.3200,1.000000,0.025615,0.508522
IMC-lambda,0.3400,1.000000,0.042636,0.498200
IMC-lambda,0.3600,1.000000,0.059614,0.494819
IMC-lambda,0.3800,1.000000,0.076548,0.493588
IMC-lambda,0.4000,1.000000,0.093441,0.492971
IMC-lambda,0.4200,1.000000,0.110292,0.492476
IMC-lambda,0.4400,1.000000,0.127103,0.491945
IMC-lambda,0.4600,1.000000,0.143875,0.491329
IMC-lambda,0.4800,1.000000,0.160607,0.490610
IMC-lambda,0.5000,1.000000,0.177302,0.489785
IMC-lambda,0.5200,1.000000,0.193960,0.488850
IMC-lambda,0.5400,1.000000,0.210581,0.487806
IMC-lambda,0.5600,1.000000,0.227166,0.486652
IMC-lambda,0.5800,1.000000,0.243716,0.485389
IMC-lambda,0.6000,1.000000,0.260232,0.484016
IMC-lambda,0.6200,1.000000,0.275447,0.483906
IMC-lambda,0.6400,1.000000,0.289797,0.485720
IMC-lambda,0.6600,1.000000,0.303679,0.486936
IMC-lambda,0.6800,1.000000,0.317223,0.487578
IMC-lambda,0.7000,1.000000,0.330470,0.487923
IMC-lambda,0.7200,1.000000,0.343434,0.488143
IMC-lambda,0.7400,1.000000,0.356121,0.488325
IMC-lambda,0.7600,1.000000,0.368534,0.488504
IMC-lambda,0.7800,1.000000,0.380673,0.488696
IMC-lambda,0.8000,1.000000,0.392541,0.488909
IMC-lambda,0.8200,1.000000,0.404137,0.489146
IMC-lambda,0.8400,1.000000,0.415464,0.489410
IMC-lambda,0.8600,1.000000,0.426521,0.489702
IMC-lambda,0.8800,1.000000,0.437311,0.490023
IMC-lambda,0.9000,1.000000,0.447834,0.490377
IMC-lambda,0.9200,1.000000,0.458118,0.490764
IMC-lambda,0.9400,1.000000,0.468265,0.490963
IMC-lambda,0.9600,1.000000,0.478266,0.491026
IMC-lambda,0.9800,1.000000,0.488100,0.491087
IMC-lambda,1.0000,1.000000,0.497755,0.491182
IMC-lambda,1.0200,1.000000,0.507229,0.491304
IMC-lambda,1.0400,1.000000,0.516522,0.491440
IMC-lambda,1.0600,1.000000,0.525639,0.491581
IMC-lambda,1.0800,1.000000,0.534582,0.491722
IMC-lambda,1.1000,1.000000,0.543357,0.491859
IMC-lambda,1.1200,1.000000,0.551967,0.491991
IMC-lambda,1.1400,1.000000,0.560416,0.492117
IMC-lambda,1.1600,1.000000,0.568710,0.492237
IMC-lambda,1.1800,1.000000,0.576851,0.492349
IMC-lambda,1.2000,1.000000,0.584846,0.492453
IMC-lambda,1.2200,1.000000,0.592697,0.492548
IMC-lambda,1.2400,1.000000,0.600403,0.492638
IMC-lambda,1.2600,1.000000,0.607959,0.492742
IMC-lambda,1.2800,1.000000,0.615368,0.492856
IMC-lambda,1.3000,1.000000,0.622634,0.492973
IMC-lambda,1.3200,1.000000,0.629761,0.493086
IMC-lambda,1.3400,1.000000,0.636752,0.493195
IMC-lambda,1.3600,1.000000,0.643610,0.493301
IMC-lambda,1.3800,1.000000,0.650338,0.493404
IMC-lambda,1.4000,1.000000,0.656938,0.493504
IMC-lambda,1.4200,1.000000,0.663412,0.493604
IMC-lambda,1.4400,1.000000,0.669764,0.493701
IMC-lambda,1.4600,1.000000,0.675994,0.493798
IMC-lambda,1.4800,1.000000,0.682106,0.493894
IMC-lambda,1.5000,1.000000,0.688101,0.493989
IMC-lambda,1.5200,1.000000,0.693981,0.494084
IMC-lambda,1.5400,1.000000,0.699748,0.494178
IMC-lambda,1.5600,1.000000,0.705405,0.494272
IMC-lambda,1.5800,1.000000,0.710954,0.494362
IMC-lambda,1.6000,1.000000,0.716398,0.494450
IMC-lambda,1.6200,1.000000,0.721739,0.494537
IMC-lambda,1.6400,1.000000,0.726978,0.494622
IMC-lambda,1.6600,1.000000,0.732118,0.494705
IMC-lambda,1.6800,1.000000,0.737160,0.494788
IMC-lambda,1.7000,1.000000,0.742107,0.494870
IMC-lambda,1.7200,1.000000,0.746959,0.494950
IMC-lambda,1.7400,1.000000,0.751719,0.495029
IMC-lambda,1.7600,1.000000,0.756389,0.495107
IMC-lambda,1.7800,1.000000,0.760970,0.495184
IMC-lambda,1.8000,1.000000,0.765464,0.495259
IMC-lambda,1.8200,1.000000,0.769873,0.495334
IMC-lambda,1.8400,1.000000,0.774198,0.495406
IMC-lambda,1.8600,1.000000,0.778442,0.495478
IMC-lambda,1.8800,1.000000,0.782605,0.495549
IMC-lambda,1.9000,1.000000,0.786689,0.495618
IMC-lambda,1.9200,1.000000,0.790696,0.495687
IMC-lambda,1.9400,1.000000,0.794626,0.495754
IMC-lambda,1.9600,1.000000,0.798482,0.495821
IMC-lambda,1.9800,1.000000,0.802266,0.495886
IMC-lambda,2.0000,1.000000,0.805977,0.495950
IMC-lambda,2.0200,1.000000,0.809618,0.496014
IMC-lambda,2.0400,1.000000,0.813190,0.496076
IMC-lambda,2.0600,1.000000,0.816695,0.496138
IMC-lambda,2.0800,1.000000,0.820133,0.496198
IMC-lambda,2.1000,1.000000,0.823506,0.496258
IMC-lambda,2.1200,1.000000,0.826815,0.496316
IMC-lambda,2.1400,1.000000,0.830062,0.496374
IMC-lambda,2.1600,1.000000,0.833247,0.496431
IMC-lambda,2.1800,1.000000,0.836372,0.496487
IMC-lambda,2.2000,1.000000,0.839438,0.496542
IMC-lambda,2.2200,1.000000,0.842446,0.496596
IMC-lambda,2.2400,1.000000,0.845397,0.496650
IMC-lambda,2.2600,1.000000,0.848292,0.496702
IMC-lambda,2.2800,1.000000,0.851132,0.496754
IMC-lambda,2.3000,1.000000,0.853919,0.496805
IMC-lambda,2.3200,1.000000,0.856653,0.496855
IMC-lambda,2.3400,1.000000,0.859336,0.496905
IMC-lambda,2.3600,1.000000,0.861968,0.496953
IMC-lambda,2.3800,1.000000,0.864550,0.497001
IMC-lambda,2.4000,1.000000,0.867083,0.497048
IMC-lambda,2.4200,1.000000,0.869568,0.497095
IMC-lambda,2.4400,1.000000,0.872007,0.497140
IMC-lambda,2.4600,1.000000,0.874400,0.497185
IMC-lambda,2.4800,1.000000,0.876747,0.497230
IMC-lambda,2.5000,1.000000,0.879050,0.497273
IMC-lambda,2.5200,1.000000,0.881310,0.497316
IMC-lambda,2.5400,1.000000,0.883527,0.497358
IMC-lambda,2.5600,1.000000,0.885702,0.497400
IMC-lambda,2.5800,1.000000,0.887836,0.497441
IMC-lambda,2.6000,1.000000,0.889930,0.497481
IMC-lambda,2.6200,1.000000,0.891985,0.497520
IMC-lambda,2.6400,1.000000,0.894000,0.497560
IMC-lambda,2.6600,1.000000,0.895978,0.497598
IMC-lambda,2.6800,1.000000,0.897919,0.497636
IMC-lambda,2.7000,1.000000,0.899823,0.497673
IMC-lambda,2.7200,1.000000,0.901691,0.497710
IMC-lambda,2.7400,1.000000,0.903524,0.497746
IMC-lambda,2.7600,1.000000,0.905322,0.497781
IMC-lambda,2.7800,1.000000,0.907087,0.497816
IMC-lambda,2.8000,1.000000,0.908818,0.497851
IMC-lambda,2.8200,1.000000,0.910517,0.497885
IMC-lambda,2.8400,1.000000,0.912184,0.497918
IMC-lambda,2.8600,1.000000,0.913819,0.497951
IMC-lambda,2.8800,1.000000,0.915424,0.497983
IMC-lambda,2.9000,1.000000,0.916999,0.498015
IMC-lambda,2.9200,1.000000,0.918544,0.498046
IMC-lambda,2.9400,1.000000,0.920059,0.498077
IMC-lambda,2.9600,1.000000,0.921547,0.498107
IMC-lambda,2.9800,1.000000,0.923006,0.498137
IMC-lambda,3.0000,1.000000,0.924438,0.498167
IMC-lambda,3.0200,1.000000,0.925844,0.498196
IMC-lambda,3.0400,1.000000,0.927222,0.498224
IMC-lambda,3.0600,1.000000,0.928575,0.498252
IMC-lambda,3.0800,1.000000,0.929903,0.498280
IMC-lambda,3.1000,1.000000,0.931205,0.498307
IMC-lambda,3.1200,1.000000,0.932483,0.498334
IMC-lambda,3.1400,1.000000,0.933738,0.498360
IMC-lambda,3.1600,1.000000,0.934968,0.498386
IMC-lambda,3.1800,1.000000,0.936176,0.498411
IMC-lambda,3.2000,1.000000,0.937361,0.498436
IMC-lambda,3.2200,1.000000,0.938523,0.498461
IMC-lambda,3.2400,1.000000,0.939664,0.498485
IMC-lambda,3.2600,1.000000,0.940784,0.498509
IMC-lambda,3.2800,1.000000,0.941882,0.498533
IMC-lambda,3.3000,1.000000,0.942960,0.498556
IMC-lambda,3.3200,1.000000,0.944018,0.498579
IMC-lambda,3.3400,1.000000,0.945056,0.498601
IMC-lambda,3.3600,1.000000,0.946074,0.498624
IMC-lambda,3.3800,1.000000,0.947073,0.498645
IMC-lambda,3.4000,1.000000,0.948054,0.498667
IMC-lambda,3.4200,1.000000,0.949016,0.498688
IMC-lambda,3.4400,1.000000,0.949961,0.498709
IMC-lambda,3.4600,1.000000,0.950887,0.498729
IMC-lambda,3.4800,1.000000,0.951797,0.498749
IMC-lambda,3.5000,1.000000,0.952689,0.498769
IMC-lambda,3.5200,1.000000,0.953565,0.498788
IMC-lambda,3.5400,1.000000,0.954424,0.498808
IMC-lambda,3.5600,1.000000,0.955267,0.498827
IMC-lambda,3.5800,1.000000,0.956095,0.498845
IMC-lambda,3.6000,1.000000,0.956907,0.498863
IMC-lambda,3.6200,1.000000,0.957703,0.498882
IMC-lambda,3.6400,1.000000,0.958485,0.498899
IMC-lambda,3.6600,1.000000,0.959253,0.498917
IMC-lambda,3.6800,1.000000,0.960006,0.498934
IMC-lambda,3.7000,1.000000,0.960745,0.498951
IMC-lambda,3.7200,1.000000,0.961470,0.498967
IMC-lambda,3.7400,1.000000,0.962181,0.498984
IMC-lambda,3.7600,1.000000,0.962880,0.499000
IMC-lambda,3.7800,1.000000,0.963565,0.499016
IMC-lambda,3.8000,1.000000,0.964237,0.499031
IMC-lambda,3.8200,1.000000,0.964897,0.499046
IMC-lambda,3.8400,1.000000,0.965545,0.499062
IMC-lambda,3.8600,1.000000,0.966181,0.499077
IMC-lambda,3.8800,1.000000,0.966804,0.499091
IMC-lambda,3.9000,1.000000,0.967417,0.499106
IMC-lambda,3.9200,1.000000,0.968017,0.499120
IMC-lambda,3.9400,1.000000,0.968607,0.499134
IMC-lambda,3.9600,1.000000,0.969185,0.499148
IMC-lambda,3.9800,1.000000,0.969753,0.499161
IMC-lambda,4.0000,1.000000,0.970310,0.499174
IMC-lambda,4.0200,1.000000,0.970857,0.499188
IMC-lambda,4.0400,1.000000,0.971394,0.499200
IMC-lambda,4.0600,1.000000,0.971921,0.499213
IMC-lambda,4.0800,1.000000,0.972437,0.499226
IMC-lambda,4.1000,1.000000,0.972945,0.499238
IMC-lambda,4.1200,1.000000,0.973442,0.499250
IMC-lambda,4.1400,1.000000,0.973931,0.499262
IMC-lambda,4.1600,1.000000,0.974411,0.499274
IMC-lambda,4.1800,1.000000,0.974881,0.499285
IMC-lambda,4.2000,1.000000,0.975343,0.499297
IMC-lambda,4.2200,1.000000,0.975796,0.499308
IMC-lambda,4.2400,1.000000,0.976241,0.499319
IMC-lambda,4.2600,1.000000,0.976678,0.499329
IMC-lambda,4.2800,1.000000,0.977106,0.499340
IMC-lambda,4.3000,1.000000,0.977527,0.499351
IMC-lambda,4.3200,1.000000,0.977939,0.499361
IMC-lambda,4.3400,1.000000,0.978344,0.499371
IMC-lambda,4.3600,1.000000,0.978742,0.499381
IMC-lambda,4.3800,1.000000,0.979132,0.499391
IMC-lambda,4.4000,1.000000,0.979515,0.499401
IMC-lambda,4.4200,1.000000,0.979891,0.499410
IMC-lambda,4.4400,1.000000,0.980260,0.499420
IMC-lambda,4.4600,1.000000,0.980622,0.499429
IMC-lambda,4.4800,1.000000,0.980977,0.499438
IMC-lambda,4.5000,1.000000,0.981326,0.499447
IMC-lambda,4.5200,1.000000,0.981668,0.499456
IMC-lambda,4.5400,1.000000,0.982004,0.499464
IMC-lambda,4.5600,1.000000,0.982333,0.499473
IMC-lambda,4.5800,1.000000,0.982657,0.499481
IMC-lambda,4.6000,1.000000,0.982975,0.499490
IMC-lambda,4.6200,1.000000,0.983286,0.499498
IMC-lambda,4.6400,1.000000,0.983592,0.499506
IMC-lambda,4.6600,1.000000,0.983893,0.499513
IMC-lambda,4.6800,1.000000,0.984187,0.499521
IMC-lambda,4.7000,1.000000,0.984477,0.499529
IMC-lambda,4.7200,1.000000,0.984761,0.499536
IMC-lambda,4.7400,1.000000,0.985039,0.499544
IMC-lambda,4.7600,1.000000,0.985313,0.499551
IMC-lambda,4.7800,1.000000,0.985581,0.499558
IMC-lambda,4.8000,1.000000,0.985845,0.499565
IMC-lambda,4.8200,1.000000,0.986103,0.499572
IMC-lambda,4.8400,1.000000,0.986357,0.499579
IMC-lambda,4.8600,1.000000,0.986606,0.499586
IMC-lambda,4.8800,1.000000,0.986851,0.499592
IMC-lambda,4.9000,1.000000,0.987091,0.499599
IMC-lambda,4.9200,1.000000,0.987327,0.499605
IMC-lambda,4.9400,1.000000,0.987558,0.499611
IMC-lambda,4.9600,1.000000,0.987785,0.499618
IMC-lambda,4.9800,1.000000,0.988008,0.499624
IMC-lambda,5.0000,1.000000,0.988227,0.499630
IMC-lambda,5.0200,1.000000,0.988441,0.499636
IMC-lambda,5.0400,1.000000,0.988652,0.499641
IMC-lambda,5.0600,1.000000,0.988859,0.499647
IMC-lambda,5.0800,1.000000,0.989062,0.499653
IMC-lambda,5.1000,1.000000,0.989261,0.499658
IMC-lambda,5.1200,1.000000,0.989457,0.499664
IMC-lambda,5.1400,1.000000,0.989649,0.499669
IMC-lambda,5.1600,1.000000,0.989837,0.499674
IMC-lambda,5.1800,1.000000,0.990022,0.499680
IMC-lambda,5.2000,1.000000,0.990204,0.499685
IMC-lambda,5.2200,1.000000,0.990382,0.499690
IMC-lambda,5.2400,1.000000,0.990557,0.499695
IMC-lambda,5.2600,1.000000,0.990729,0.499700
IMC-lambda,5.2800,1.000000,0.990898,0.499704
IMC-lambda,5.3000,1.000000,0.991063,0.499709
IMC-lambda,5.3200,1.000000,0.991226,0.499714
IMC-lambda,5.3400,1.000000,0.991385,0.499718
IMC-lambda,5.3600,1.000000,0.991542,0.499723
IMC-lambda,5.3800,1.000000,0.991695,0.499727
IMC-lambda,5.4000,1.000000,0.991846,0.499732
IMC-lambda,5.4200,1.000000,0.991994,0.499736
IMC-lambda,5.4400,1.000000,0.992140,0.499740
IMC-lambda,5.4600,1.000000,0.992282,0.499744
IMC-lambda,5.4800,1.000000,0.992422,0.499748
IMC-lambda,5.5000,1.000000,0.992560,0.499752
IMC-lambda,5.5200,1.000000,0.992695,0.499756
IMC-lambda,5.5400,1.000000,0.992827,0.499760
IMC-lambda,5.5600,1.000000,0.992958,0.499764
IMC-lambda,5.5800,1.000000,0.993085,0.499768
IMC-lambda,5.6000,1.000000,0.993211,0.499772
IMC-lambda,5.6200,1.000000,0.993334,0.499775
IMC-lambda,5.6400,1.000000,0.993454,0.499779
IMC-lambda,5.6600,1.000000,0.993573,0.499782
IMC-lambda,5.6800,1.000000,0.993689,0.499786
IMC-lambda,5.7000,1.000000,0.993804,0.499789
IMC-lambda,5.7200,1.000000,0.993916,0.499793
IMC-lambda,5.7400,1.000000,0.994026,0.499796
IMC-lambda,5.7600,1.000000,0.994134,0.499799
IMC-lambda,5.7800,1.000000,0.994240,0.499802
IMC-lambda,5.8000,1.000000,0.994345,0.499806
IMC-lambda,5.8200,1.000000,0.994447,0.499809
IMC-lambda,5.8400,1.000000,0.994547,0.499812
IMC-lambda,5.8600,1.000000,0.994646,0.499815
IMC-lambda,5.8800,1.000000,0.994743,0.499818
IMC-lambda,5.9000,1.000000,0.994838,0.499821
IMC-lambda,5.9200,1.000000,0.994931,0.499823
IMC-lambda,5.9400,1.000000,0.995023,0.499826
IMC-lambda,5.9600,1.000000,0.995112,0.499829
IMC-lambda,5.9800,1.000000,0.995201,0.499832
IMC-lambda,6.0000,1.000000,0.995287,0.499834
IMC-lambda,6.0200,1.000000,0.995372,0.499837
IMC-lambda,6.0400,1.000000,0.995456,0.499840
IMC-lambda,6.0600,1.000000,0.995538,0.499842
IMC-lambda,6.0800,1.000000,0.995618,0.499845
IMC-lambda,6.1000,1.000000,0.995697,0.499847
IMC-lambda,6.1200,1.000000,0.995775,0.499850
IMC-lambda,6.1400,1.000000,0.995851,0.499852
IMC-lambda,6.1600,1.000000,0.995926,0.499855
IMC-lambda,6.1800,1.000000,0.995999,0.499857
IMC-lambda,6.2000,1.000000,0.996071,0.499859
IMC-lambda,6.2200,1.000000,0.996142,0.499861
IMC-lambda,6.2400,1.000000,0.996212,0.499864
IMC-lambda,6.2600,1.000000,0.996280,0.499866
IMC-lambda,6.2800,1.000000,0.996347,0.499868
IMC-lambda,6.3000,1.000000,0.996413,0.499870
IMC-lambda,6.3200,1.000000,0.996477,0.499872
IMC-lambda,6.3400,1.000000,0.996541,0.499874
IMC-lambda,6.3600,1.000000,0.996603,0.499876
IMC-lambda,6.3800,1.000000,0.996664,0.499878
IMC-lambda,6.4000,1.000000,0.996724,0.499880
IMC-lambda,6.4200,1.000000,0.996783,0.499882
IMC-lambda,6.4400,1.000000,0.996841,0.499884
IMC-lambda,6.4600,1.000000,0.996897,0.499886
IMC-lambda,6.4800,1.000000,0.996953,0.499888
IMC-lambda,6.5000,1.000000,0.997008,0.499890
IMC-lambda,6.5200,1.000000,0.997062,0.499891
IMC-lambda,6.5400,1.000000,0.997114,0.499893
IMC-lambda,6.5600,1.000000,0.997166,0.499895
IMC-lambda,6.5800,1.000000,0.997217,0.499897
IMC-lambda,6.6000,1.000000,0.997267,0.499898
IMC-lambda,6.6200,1.000000,0.997316,0.499900
IMC-lambda,6.6400,1.000000,0.997364,0.499901
IMC-lambda,6.6600,1.000000,0.997411,0.499903
IMC-lambda,6.6800,1.000000,0.997458,0.499905
IMC-lambda,6.7000,1.000000,0.997503,0.499906
IMC-lambda,6.7200,1.000000,0.997548,0.499908
IMC-lambda,6.7400,1.000000,0.997592,0.499909
IMC-lambda,6.7600,1.000000,0.997635,0.499911
IMC-lambda,6.7800,1.000000,0.997678,0.499912
IMC-lambda,6.8000,1.000000,0.997719,0.499914
IMC-lambda,6.8200,1.000000,0.997760,0.499915
IMC-lambda,6.8400,1.000000,0.997800,0.499916
IMC-lambda,6.8600,1.000000,0.997840,0.499918
IMC-lambda,6.8800,1.000000,0.997878,0.499919
IMC-lambda,6.9000,1.000000,0.997916,0.499920
IMC-lambda,6.9200,1.000000,0.997953,0.499921
IMC-lambda,6.9400,1.000000,0.997990,0.499923
IMC-lambda,6.9600,1.000000,0.998026,0.499924
IMC-lambda,6.9800,1.000000,0.998061,0.499925
IMC-lambda,7.0000,1.000000,0.998096,0.499926
IMC-lambda,7.0200,1.000000,0.998130,0.499927
IMC-lambda,7.0400,1.000000,0.998163,0.499929
IMC-lambda,7.0600,1.000000,0.998196,0.499930
IMC-lambda,7.0800,1.000000,0.998228,0.499931
IMC-lambda,7.1000,1.000000,0.998260,0.499932
IMC-lambda,7.1200,1.000000,0.998291,0.499933
IMC-lambda,7.1400,1.000000,0.998322,0.499934
IMC-lambda,7.1600,1.000000,0.998352,0.499935
IMC-lambda,7.1800,1.000000,0.998381,0.499936
IMC-lambda,7.2000,1.000000,0.998410,0.499937
IMC-lambda,7.2200,1.000000,0.998438,0.499938
IMC-lambda,7.2400,1.000000,0.998466,0.499939
IMC-lambda,7.2600,1.000000,0.998493,0.499940
IMC-lambda,7.2800,1.000000,0.998520,0.499941
IMC-lambda,7.3000,1.000000,0.998547,0.499942
IMC-lambda,7.3200,1.000000,0.998573,0.499943
IMC-lambda,7.3400,1.000000,0.998598,0.499944
IMC-lambda,7.3600,1.000000,0.998623,0.499945
IMC-lambda,7.3800,1.000000,0.998648,0.499946
IMC-lambda,7.4000,1.000000,0.998672,0.499947
IMC-lambda,7.4200,1.000000,0.998695,0.499948
IMC-lambda,7.4400,1.000000,0.998718,0.499949
IMC-lambda,7.4600,1.000000,0.998741,0.499949
IMC-lambda,7.4800,1.000000,0.998764,0.499950
IMC-lambda,7.5000,1.000000,0.998786,0.499951
IMC-lambda,7.5200,1.000000,0.998807,0.499952
IMC-lambda,7.5400,1.000000,0.998828,0.499952
IMC-lambda,7.5600,1.000000,0.998849,0.499953
IMC-lambda,7.5800,1.000000,0.998870,0.499954
IMC-lambda,7.6000,1.000000,0.998890,0.499955
IMC-lambda,7.6200,1.000000,0.998910,0.499955
IMC-lambda,7.6400,1.000000,0.998929,0.499956
IMC-lambda,7.6600,1.000000,0.998948,0.499957
IMC-lambda,7.6800,1.000000,0.998967,0.499958
IMC-lambda,7.7000,1.000000,0.998985,0.499958
IMC-lambda,7.7200,1.000000,0.999003,0.499959
IMC-lambda,7.7400,1.000000,0.999021,0.499960
IMC-lambda,7.7600,1.000000,0.999038,0.499960
IMC-lambda,7.7800,1.000000,0.999055,0.499961
IMC-lambda,7.8000,1.000000,0.999072,0.499961
IMC-lambda,7.8200,1.000000,0.999088,0.499962
IMC-lambda,7.8400,1.000000,0.999104,0.499963
IMC-lambda,7.8600,1.000000,0.999120,0.499963
IMC-lambda,7.8800,1.000000,0.999136,0.499964
IMC-lambda,7.9000,1.000000,0.999151,0.499964
IMC-lambda,7.9200,1.000000,0.999166,0.499965
IMC-lambda,7.9400,1.000000,0.999181,0.499966
IMC-lambda,7.9600,1.000000,0.999196,0.499966
IMC-lambda,7.9800,1.000000,0.999210,0.499967
IMC-lambda,8.0000,1.000000,0.999224,0.499967
IMC-lambda,8.0200,1.000000,0.999237,0.499968
IMC-lambda,8.0400,1.000000,0.999251,0.499968
IMC-lambda,8.0600,1.000000,0.999264,0.499969
IMC-lambda,8.0800,1.000000,0.999277,0.499969
IMC-lambda,8.1000,1.000000,0.999290,0.499970
IMC-lambda,8.1200,1.000000,0.999303,0.499970
IMC-lambda,8.1400,1.000000,0.999315,0.499971
IMC-lambda,8.1600,1.000000,0.999327,0.499971
IMC-lambda,8.1800,1.000000,0.999339,0.499972
IMC-lambda,8.2000,1.000000,0.999351,0.499972
IMC-lambda,8.2200,1.000000,0.999362,0.499972
IMC-lambda,8.2400,1.000000,0.999373,0.499973
IMC-lambda,8.2600,1.000000,0.999384,0.499973
IMC-lambda,8.2800,1.000000,0.999395,0.499974
IMC-lambda,8.3000,1.000000,0.999406,0.499974
IMC-lambda,8.3200,1.000000,0.999416,0.499975
IMC-lambda,8.3400,1.000000,0.999427,0.499975
IMC-lambda,8.3600,1.000000,0.999437,0.499976
IMC-lambda,8.3800,1.000000,0.999447,0.499976
IMC-lambda,8.4000,1.000000,0.999456,0.499976
IMC-lambda,8.4200,1.000000,0.999466,0.499977
IMC-lambda,8.4400,1.000000,0.999475,0.499977
IMC-lambda,8.4600,1.000000,0.999485,0.499977
IMC-lambda,8.4800,1.000000,0.999494,0.499978
IMC-lambda,8.5000,1.000000,0.999503,0.499978
IMC-lambda,8.5200,1.000000,0.999511,0.499978
IMC-lambda,8.5400,1.000000,0.999520,0.499979
IMC-lambda,8.5600,1.000000,0.999528,0.499979
IMC-lambda,8.5800,1.000000,0.999537,0.499979
IMC-lambda,8.6000,1.000000,0.999545,0.499980
IMC-lambda,8.6200,1.000000,0.999553,0.499980
IMC-lambda,8.6400,1.000000,0.999561,0.499981
IMC-lambda,8.6600,1.000000,0.999569,0.499981
IMC-lambda,8.6800,1.000000,0.999576,0.499981
IMC-lambda,8.7000,1.000000,0.999584,0.499981
IMC-lambda,8.7200,1.000000,0.999591,0.499982
IMC-lambda,8.7400,1.000000,0.999598,0.499982
IMC-lambda,8.7600,1.000000,0.999605,0.499982
IMC-lambda,8.7800,1.000000,0.999612,0.499983
IMC-lambda,8.8000,1.000000,0.999619,0.499983
IMC-lambda,8.8200,1.000000,0.999626,0.499983
IMC-lambda,8.8400,1.000000,0.999632,0.499983
IMC-lambda,8.8600,1.000000,0.999639,0.499984
IMC-lambda,8.8800,1.000000,0.999645,0.499984
IMC-lambda,8.9000,1.000000,0.999651,0.499984
IMC-lambda,8.9200,1.000000,0.999657,0.499984
IMC-lambda,8.9400,1.000000,0.999663,0.499985
IMC-lambda,8.9600,1.000000,0.999669,0.499985
IMC-lambda,8.9800,1.000000,0.999675,0.499985
IMC-lambda,9.0000,1.000000,0.999681,0.499986
IMC-lambda,9.0200,1.000000,0.999686,0.499986
IMC-lambda,9.0400,1.000000,0.999692,0.499986
IMC-lambda,9.0600,1.000000,0.999697,0.499986
IMC-lambda,9.0800,1.000000,0.999702,0.499986
IMC-lambda,9.1000,1.000000,0.999708,0.499987
IMC-lambda,9.1200,1.000000,0.999713,0.499987
IMC-lambda,9.1400,1.000000,0.999718,0.499987
IMC-lambda,9.1600,1.000000,0.999723,0.499987
IMC-lambda,9.1800,1.000000,0.999728,0.499987
IMC-lambda,9.2000,1.000000,0.999732,0.499988
IMC-lambda,9.2200,1.000000,0.999737,0.499988
IMC-lambda,9.2400,1.000000,0.999742,0.499988
IMC-lambda,9.2600,1.000000,0.999746,0.499988
IMC-lambda,9.2800,1.000000,0.999751,0.499988
IMC-lambda,9.3000,1.000000,0.999755,0.499989
IMC-lambda,9.3200,1.000000,0.999759,0.499989
IMC-lambda,9.3400,1.000000,0.999764,0.499989
IMC-lambda,9.3600,1.000000,0.999768,0.499989
IMC-lambda,9.3800,1.000000,0.999772,0.499989
IMC-lambda,9.4000,1.000000,0.999776,0.499990
IMC-lambda,9.4200,1.000000,0.999780,0.499990
IMC-lambda,9.4400,1.000000,0.999783,0.499990
IMC-lambda,9.4600,1.000000,0.999787,0.499990
IMC-lambda,9.4800,1.000000,0.999791,0.499990
IMC-lambda,9.5000,1.000000,0.999795,0.499990
IMC-lambda,9.5200,1.000000,0.999798,0.499991
IMC-lambda,9.5400,1.000000,0.999802,0.499991
IMC-lambda,9.5600,1.000000,0.999805,0.499991
IMC-lambda,9.5800,1.000000,0.999809,0.499991
IMC-lambda,9.6000,1.000000,0.999812,0.499991
IMC-lambda,9.6200,1.000000,0.999815,0.499991
IMC-lambda,9.6400,1.000000,0.999818,0.499991
IMC-lambda,9.6600,1.000000,0.999822,0.499992
IMC-lambda,9.6800,1.000000,0.999825,0.499992
IMC-lambda,9.7000,1.000000,0.999828,0.499992
IMC-lambda,9.7200,1.000000,0.999831,0.499992
IMC-lambda,9.7400,1.000000,0.999834,0.499992
IMC-lambda,9.7600,1.000000,0.999837,0.499992
IMC-lambda,9.7800,1.000000,0.999839,0.499992
IMC-lambda,9.8000,1.000000,0.999842,0.499992
IMC-lambda,9.8200,1.000000,0.999845,0.499993
IMC-lambda,9.8400,1.000000,0.999848,0.499993
IMC-lambda,9.8600,1.000000,0.999850,0.499993
IMC-lambda,9.8800,1.000000,0.999853,0.499993
IMC-lambda,9.9000,1.000000,0.999855,0.499993
IMC-lambda,9.9200,1.000000,0.999858,0.499993
IMC-lambda,9.9400,1.000000,0.999860,0.499993
IMC-lambda,9.9600,1.000000,0.999863,0.499993
IMC-lambda,9.9800,1.000000,0.999865,0.499993
IMC-lambda,10.0000,1.000000,0.999868,0.499994
IMC-lambda,10.0200,1.000000,0.999870,0.499994
IMC-lambda,10.0400,1.000000,0.999872,0.499994
IMC-lambda,10.0600,1.000000,0.999874,0.499994
IMC-lambda,10.0800,1.000000,0.999877,0.499994
IMC-lambda,10.1000,1.000000,0.999879,0.499994
IMC-lambda,10.1200,1.000000,0.999881,0.499994
IMC-lambda,10.1400,1.000000,0.999883,0.499994
IMC-lambda,10.1600,1.000000,0.999885,0.499994
IMC-lambda,10.1800,1.000000,0.999887,0.499994
IMC-lambda,10.2000,1.000000,0.999889,0.499995
IMC-lambda,10.2200,1.000000,0.999891,0.499995
IMC-lambda,10.2400,1.000000,0.999893,0.499995
IMC-lambda,10.2600,1.000000,0.999895,0.499995
IMC-lambda,10.2800,1.000000,0.999896,0.499995
IMC-lambda,10.3000,1.000000,0.999898,0.499995
IMC-lambda,10.3200,1.000000,0.999900,0.499995
IMC-lambda,10.3400,1.000000,0.999902,0.499995
IMC-lambda,10.3600,1.000000,0.999903,0.499995
IMC-lambda,10.3800,1.000000,0.999905,0.499995
IMC-lambda,10.4000,1.000000,0.999907,0.499995
IMC-lambda,10.4200,1.000000,0.999908,0.499995
IMC-lambda,10.4400,1.000000,0.999910,0.499995
IMC-lambda,10.4600,1.000000,0.999911,0.499996
IMC-lambda,10.4800,1.000000,0.999913,0.499996
IMC-lambda,10.5000,1.000000,0.999914,0.499996
IMC-lambda,10.5200,1.000000,0.999916,0.499996
IMC-lambda,10.5400,1.000000,0.999917,0.499996
IMC-lambda,10.5600,1.000000,0.999919,0.499996
IMC-lambda,10.5800,1.000000,0.999920,0.499996
IMC-lambda,10.6000,1.000000,0.999922,0.499996
IMC-lambda,10.6200,1.000000,0.999923,0.499996
IMC-lambda,10.6400,1.000000,0.999924,0.499996
IMC-lambda,10.6600,1.000000,0.999926,0.499996
IMC-lambda,10.6800,1.000000,0.999927,0.499996
IMC-lambda,10.7000,1.000000,0.999928,0.499996
IMC-lambda,10.7200,1.000000,0.999929,0.499996
IMC-lambda,10.7400,1.000000,0.999931,0.499996
IMC-lambda,10.7600,1.000000,0.999932,0.499997
IMC-lambda,10.7800,1.000000,0.999933,0.499997
IMC-lambda,10.8000,1.000000,0.999934,0.499997
IMC-lambda,10.8200,1.000000,0.999935,0.499997
IMC-lambda,10.8400,1.000000,0.999936,0.499997
IMC-lambda,10.8600,1.000000,0.999937,0.499997
IMC-lambda,10.8800,1.000000,0.999939,0.499997
IMC-lambda,10.9000,1.000000,0.999940,0.499997
IMC-lambda,10.9200,1.000000,0.999941,0.499997
IMC-lambda,10.9400,1.000000,0.999942,0.499997
IMC-lambda,10.9600,1.000000,0.999943,0.499997
IMC-lambda,10.9800,1.000000,0.999944,0.499997
IMC-lambda,11.0000,1.000000,0.999945,0.499997
IMC-lambda,11.0200,1.000000,0.999946,0.499997
IMC-lambda,11.0400,1.000000,0.999947,0.499997
IMC-lambda,11.0600,1.000000,0.999947,0.499997
IMC-lambda,11.0800,1.000000,0.999948,0.499997
IMC-lambda,11.1000,1.000000,0.999949,0.499997
IMC-lambda,11.1200,1.000000,0.999950,0.499997
IMC-lambda,11.1400,1.000000,0.999951,0.499997
IMC-lambda,11.1600,1.000000,0.999952,0.499997
IMC-lambda,11.1800,1.000000,0.999953,0.499997
IMC-lambda,11.2000,1.000000,0.999953,0.499998
IMC-lambda,11.2200,1.000000,0.999954,0.499998
IMC-lambda,11.2400,1.000000,0.999955,0.499998
IMC-lambda,11.2600,1.000000,0.999956,0.499998
IMC-lambda,11.2800,1.000000,0.999957,0.499998
IMC-lambda,11.3000,1.000000,0.999957,0.499998
IMC-lambda,11.3200,1.000000,0.999958,0.499998
IMC-lambda,11.3400,1.000000,0.999959,0.499998
IMC-lambda,11.3600,1.000000,0.999959,0.499998
IMC-lambda,11.3800,1.000000,0.999960,0.499998
IMC-lambda,11.4000,1.000000,0.999961,0.499998
IMC-lambda,11.4200,1.000000,0.999962,0.499998
IMC-lambda,11.4400,1.000000,0.999962,0.499998
IMC-lambda,11.4600,1.000000,0.999963,0.499998
IMC-lambda,11.4800,1.000000,0.999963,0.499998
IMC-lambda,11.5000,1.000000,0.999964,0.499998
IMC-lambda,11.5200,1.000000,0.999965,0.499998
IMC-lambda,11.5400,1.000000,0.999965,0.499998
IMC-lambda,11.5600,1.000000,0.999966,0.499998
IMC-lambda,11.5800,1.000000,0.999967,0.499998
IMC-lambda,11.6000,1.000000,0.999967,0.499998
IMC-lambda,11.6200,1.000000,0.999968,0.499998
IMC-lambda,11.6400,1.000000,0.999968,0.499998
IMC-lambda,11.6600,1.000000,0.999969,0.499998
IMC-lambda,11.6800,1.000000,0.999969,0.499998
IMC-lambda,11.7000,1.000000,0.999970,0.499998
IMC-lambda,11.7200,1.000000,0.999970,0.499998
IMC-lambda,11.7400,1.000000,0.999971,0.499999
IMC-lambda,11.7600,1.000000,0.999971,0.499998
IMC-lambda,11.7800,1.000000,0.999972,0.499999
IMC-lambda,11.8000,1.000000,0.999972,0.499999
IMC-lambda,11.8200,1.000000,0.999973,0.499999
IMC-lambda,11.8400,1.000000,0.999973,0.499999
IMC-lambda,11.8600,1.000000,0.999974,0.499999
IMC-lambda,11.8800,1.000000,0.999974,0.499999
IMC-lambda,11.9000,1.000000,0.999975,0.499999
IMC-lambda,11.9200,1.000000,0.999975,0.499999
IMC-lambda,11.9400,1.000000,0.999975,0.499999
IMC-lambda,11.9600,1.000000,0.999976,0.499999
IMC-lambda,11.9800,1.000000,0.999976,0.499999
IMC-lambda,12.0000,1.000000,0.999977,0.499999
IMC-lambda,12.0200,1.000000,0.999977,0.499999
IMC-lambda,12.0400,1.000000,0.999977,0.499999
IMC-lambda,12.0600,1.000000,0.999978,0.499999
IMC-lambda,12.0800,1.000000,0.999978,0.499999
IMC-lambda,12.1000,1.000000,0.999979,0.499999
IMC-lambda,12.1200,1.000000,0.999979,0.499999
IMC-lambda,12.1400,1.000000,0.999979,0.499999
IMC-lambda,12.1600,1.000000,0.999980,0.499999
IMC-lambda,12.1800,1.000000,0.999980,0.499999
IMC-lambda,12.2000,1.000000,0.999980,0.499999
IMC-lambda,12.2200,1.000000,0.999981,0.499999
IMC-lambda,12.2400,1.000000,0.999981,0.499999
IMC-lambda,12.2600,1.000000,0.999981,0.499999
IMC-lambda,12.2800,1.000000,0.999982,0.499999
IMC-lambda,12.3000,1.000000,0.999982,0.499999
IMC-lambda,12.3200,1.000000,0.999982,0.499999
IMC-lambda,12.3400,1.000000,0.999983,0.499999
IMC-lambda,12.3600,1.000000,0.999983,0.499999
IMC-lambda,12.3800,1.000000,0.999983,0.499999
IMC-lambda,12.4000,1.000000,0.999983,0.499999
IMC-lambda,12.4200,1.000000,0.999984,0.499999
IMC-lambda,12.4400,1.000000,0.999984,0.499999
IMC-lambda,12.4600,1.000000,0.999984,0.499999
IMC-lambda,12.4800,1.000000,0.999985,0.499999
IMC-lambda,12.5000,1.000000,0.999985,0.499999
IMC-lambda,12.5200,1.000000,0.999985,0.499999
IMC-lambda,12.5400,1.000000,0.999985,0.499999
IMC-lambda,12.5600,1.000000,0.999986,0.499999
IMC-lambda,12.5800,1.000000,0.999986,0.499999
IMC-lambda,12.6000,1.000000,0.999986,0.499999
IMC-lambda,12.6200,1.000000,0.999986,0.499999
IMC-lambda,12.6400,1.000000,0.999987,0.499999
IMC-lambda,12.6600,1.000000,0.999987,0.499999
IMC-lambda,12.6800,1.000000,0.999987,0.499999
IMC-lambda,12.7000,1.000000,0.999987,0.499999
IMC-lambda,12.7200,1.000000,0.999987,0.500000
IMC-lambda,12.7400,1.000000,0.999988,0.499999
IMC-lambda,12.7600,1.000000,0.999988,0.500000
IMC-lambda,12.7800,1.000000,0.999988,0.499999
IMC-lambda,12.8000,1.000000,0.999988,0.500000
IMC-lambda,12.8200,1.000000,0.999988,0.499999
IMC-lambda,12.8400,1.000000,0.999989,0.499999
IMC-lambda,12.8600,1.000000,0.999989,0.500000
IMC-lambda,12.8800,1.000000,0.999989,0.499999
IMC-lambda,12.9000,1.000000,0.999989,0.499999
IMC-lambda,12.9200,1.000000,0.999989,0.499999
IMC-lambda,12.9400,1.000000,0.999990,0.499999
IMC-lambda,12.9600,1.000000,0.999990,0.499999
IMC-lambda,12.9800,1.000000,0.999990,0.499999
IMC-lambda,13.0000,1.000000,0.999990,0.499999
IMC-lambda,13.0200,1.000000,0.999990,0.499999
IMC-lambda,13.0400,1.000000,0.999990,0.499999
IMC-lambda,13.0600,1.000000,0.999991,0.499999
IMC-lambda,13.0800,1.000000,0.999991,0.499999
IMC-lambda,13.1000,1.000000,0.999991,0.499999
IMC-lambda,13.1200,1.000000,0.999991,0.499999
IMC-lambda,13.1400,1.000000,0.999991,0.499999
IMC-lambda,13.1600,1.000000,0.999991,0.499999
IMC-lambda,13.1800,1.000000,0.999992,0.499999
IMC-lambda,13.2000,1.000000,0.999992,0.499999
IMC-lambda,13.2200,1.000000,0.999992,0.499999
IMC-lambda,13.2400,1.000000,0.999992,0.499999
IMC-lambda,13.2600,1.000000,0.999992,0.499999
IMC-lambda,13.2800,1.000000,0.999992,0.499999
IMC-lambda,13.3000,1.000000,0.999992,0.499999
IMC-lambda,13.3200,1.000000,0.999993,0.499999
IMC-lambda,13.3400,1.000000,0.999993,0.499999
IMC-lambda,13.3600,1.000000,0.999993,0.499999
IMC-lambda,13.3800,1.000000,0.999993,0.499999
IMC-lambda,13.4000,1.000000,0.999993,0.499999
IMC-lambda,13.4200,1.000000,0.999993,0.500000
IMC-lambda,13.4400,1.000000,0.999993,0.500000
IMC-lambda,13.4600,1.000000,0.999993,0.500000
IMC-lambda,13.4800,1.000000,0.999993,0.500000
IMC-lambda,13.5000,1.000000,0.999994,0.500000
IMC-lambda,13.5200,1.000000,0.999994,0.500000
IMC-lambda,13.5400,1.000000,0.999994,0.500000
IMC-lambda,13.5600,1.000000,0.999994,0.500000
IMC-lambda,13.5800,1.000000,0.999994,0.500000
IMC-lambda,13.6000,1.000000,0.999994,0.500000
IMC-lambda,13.6200,1.000000,0.999994,0.500000
IMC-lambda,13.6400,1.000000,0.999994,0.500000
IMC-lambda,13.6600,1.000000,0.999994,0.500000
IMC-lambda,13.6800,1.000000,0.999994,0.500000
IMC-lambda,13.7000,1.000000,0.999995,0.500000
IMC-lambda,13.7200,1.000000,0.999995,0.500000
IMC-lambda,13.7400,1.000000,0.999995,0.500000
IMC-lambda,13.7600,1.000000,0.999995,0.500000
IMC-lambda,13.7800,1.000000,0.999995,0.500000
IMC-lambda,13.8000,1.000000,0.999995,0.500000
IMC-lambda,13.8200,1.000000,0.999995,0.500000
IMC-lambda,13.8400,1.000000,0.999995,0.500000
IMC-lambda,13.8600,1.000000,0.999995,0.500000
IMC-lambda,13.8800,1.000000,0.999995,0.500000
IMC-lambda,13.9000,1.000000,0.999995,0.500000
IMC-lambda,13.9200,1.000000,0.999995,0.500000
IMC-lambda,13.9400,1.000000,0.999996,0.500000
IMC-lambda,13.9600,1.000000,0.999996,0.500000
IMC-lambda,13.9800,1.000000,0.999996,0.500000
IMC-lambda,14.0000,1.000000,0.999996,0.500000
IMC-lambda,14.0200,1.000000,0.999996,0.500000
IMC-lambda,14.0400,1.000000,0.999996,0.500000
IMC-lambda,14.0600,1.000000,0.999996,0.500000
IMC-lambda,14.0800,1.000000,0.999996,0.500000
IMC-lambda,14.1000,1.000000,0.999996,0.500000
IMC-lambda,14.1200,1.000000,0.999996,0.500000
IMC-lambda,14.1400,1.000000,0.999996,0.500000
IMC-lambda,14.1600,1.000000,0.999996,0.500000
IMC-lambda,14.1800,1.000000,0.999996,0.500000
IMC-lambda,14.2000,1.000000,0.999996,0.500000
IMC-lambda,14.2200,1.000000,0.999997,0.500000
IMC-lambda,14.2400,1.000000,0.999997,0.500000
IMC-lambda,14.2600,1.000000,0.999997,0.500000
IMC-lambda,14.2800,1.000000,0.999997,0.500000
IMC-lambda,14.3000,1.000000,0.999997,0.500000
IMC-lambda,14.3200,1.000000,0.999997,0.500000
IMC-lambda,14.3400,1.000000,0.999997,0.500000
IMC-lambda,14.3600,1.000000,0.999997,0.500000
IMC-lambda,14.3800,1.000000,0.999997,0.500000
IMC-lambda,14.4000,1.000000,0.999997,0.500000
IMC-lambda,14.4200,1.000000,0.999997,0.500000
IMC-lambda,14.4400,1.000000,0.999997,0.500000
IMC-lambda,14.4600,1.000000,0.999997,0.500000
IMC-lambda,14.4800,1.000000,0.999997,0.500000
IMC-lambda,14.5000,1.000000,0.999997,0.500000
IMC-lambda,14.5200,1.000000,0.999998,0.500000
IMC-lambda,14.5400,1.000000,0.999998,0.500000
IMC-lambda,14.5600,1.000000,0.999998,0.500000
IMC-lambda,14.5800,1.000000,0.999998,0.500000
IMC-lambda,14.6000,1.000000,0.999998,0.500000
IMC-lambda,14.6200,1.000000,0.999998,0.500000
IMC-lambda,14.6400,1.000000,0.999998,0.500000
IMC-lambda,14.6600,1.000000,0.999998,0.500000
IMC-lambda,14.6800,1.000000,0.999998,0.500000
IMC-lambda,14.7000,1.000000,0.999998,0.500000
IMC-lambda,14.7200,1.000000,0.999998,0.500000
IMC-lambda,14.7400,1.000000,0.999998,0.500000
IMC-lambda,14.7600,1.000000,0.999998,0.500000
IMC-lambda,14.7800,1.000000,0.999998,0.500000
IMC-lambda,14.8000,1.000000,0.999998,0.500000
IMC-lambda,14.8200,1.000000,0.999998,0.499999
IMC-lambda,14.8400,1.000000,0.999998,0.500000
IMC-lambda,14.8600,1.000000,0.999998,0.499999
IMC-lambda,14.8800,1.000000,0.999998,0.499999
IMC-lambda,14.9000,1.000000,0.999998,0.500000
IMC-lambda,14.9200,1.000000,0.999998,0.499999
IMC-lambda,14.9400,1.000000,0.999998,0.500000
IMC-lambda,14.9600,1.000000,0.999998,0.500000
IMC-lambda,14.9800,1.000000,0.999998,0.499999
IMC-lambda,15.0000,1.000000,0.999998,0.499999
IMC-lambda,15.0200,1.000000,0.999998,0.500000
IMC-lambda,15.0400,1.000000,0.999998,0.499999
IMC-lambda,15.0600,1.000000,0.999998,0.499999
IMC-lambda,15.0800,1.000000,0.999998,0.499999
IMC-lambda,15.1000,1.000000,0.999998,0.499999
IMC-lambda,15.1200,1.000000,0.999998,0.499999
IMC-lambda,15.1400,1.000000,0.999998,0.499999
IMC-lambda,15.1600,1.000000,0.999998,0.499999
IMC-lambda,15.1800,1.000000,0.999998,0.499999
IMC-lambda,15.2000,1.000000,0.999998,0.499999
IMC-lambda,15.2200,1.000000,0.999998,0.499999
IMC-lambda,15.2400,1.000000,0.999998,0.499999
IMC-lambda,15.2600,1.000000,0.999998,0.499999
IMC-lambda,15.2800,1.000000,0.999998,0.499999
IMC-lambda,15.3000,1.000000,0.999998,0.499999
IMC-lambda,15.3200,1.000000,0.999998,0.499999
IMC-lambda,15.3400,1.000000,0.999998,0.499999
IMC-lambda,15.3600,1.000000,0.999998,0.499999
IMC-lambda,15.3800,1.000000,0.999999,0.499999
IMC-lambda,15.4000,1.000000,0.999999,0.499999
IMC-lambda,15.4200,1.000000,0.999999,0.499999
IMC-lambda,15.4400,1.000000,0.999999,0.499999
IMC-lambda,15.4600,1.000000,0.999999,0.499999
IMC-lambda,15.4800,1.000000,0.999999,0.499999
IMC-lambda,15.5000,1.000000,0.999999,0.499999
IMC-lambda,15.5200,1.000000,0.999999,0.499999
IMC-lambda,15.5400,1.000000,0.999999,0.499999
IMC-lambda,15.5600,1.000000,0.999999,0.499999
IMC-lambda,15.5800,1.000000,0.999999,0.499999
IMC-lambda,15.6000,1.000000,0.999999,0.499999
IMC-lambda,15.6200,1.000000,0.999999,0.499999
IMC-lambda,15.6400,1.000000,0.999999,0.499999
IMC-lambda,15.6600,1.000000,0.999999,0.499999
IMC-lambda,15.6800,1.000000,0.999999,0.499999
IMC-lambda,15.7000,1.000000,0.999999,0.499999
IMC-lambda,15.7200,1.000000,0.999999,0.499999
IMC-lambda,15.7400,1.000000,0.999999,0.499999
IMC-lambda,15.7600,1.000000,0.999999,0.499999
IMC-lambda,15.7800,1.000000,0.999999,0.499999
IMC-lambda,15.8000,1.000000,0.999999,0.499999
IMC-lambda,15.8200,1.000000,0.999999,0.499999
IMC-lambda,15.8400,1.000000,0.999999,0.499999
IMC-lambda,15.8600,1.000000,0.999999,0.499999
IMC-lambda,15.8800,1.000000,0.999999,0.499999
IMC-lambda,15.9000,1.000000,0.999999,0.499999
IMC-lambda,15.9200,1.000000,0.999999,0.499999
IMC-lambda,15.9400,1.000000,0.999999,0.499999
IMC-lambda,15.9600,1.000000,0.999999,0.499999
IMC-lambda,15.9800,1.000000,0.999999,0.499999
IMC-lambda,16.0000,1.000000,0.999999,0.499999
IMC-lambda,16.0200,1.000000,0.999999,0.499999
IMC-lambda,16.0400,1.000000,0.999999,0.499999
IMC-lambda,16.0600,1.000000,0.999999,0.499999
IMC-lambda,16.0800,1.000000,0.999999,0.499999
IMC-lambda,16.1000,1.000000,0.999999,0.499999
IMC-lambda,16.1200,1.000000,0.999999,0.499999
IMC-lambda,16.1400,1.000000,0.999999,0.499999
IMC-lambda,16.1600,1.000000,0.999999,0.499999
IMC-lambda,16.1800,1.000000,0.999999,0.499999
IMC-lambda,16.2000,1.000000,0.999999,0.499999
IMC-lambda,16.2200,1.000000,0.999999,0.499999
IMC-lambda,16.2400,1.000000,0.999999,0.499999
IMC-lambda,16.2600,1.000000,0.999999,0.499999
IMC-lambda,16.2800,1.000000,0.999999,0.499999
IMC-lambda,16.3000,1.000000,0.999999,0.499999
IMC-lambda,16.3200,1.000000,0.999999,0.499999
IMC-lambda,16.3400,1.000000,0.999999,0.499999
IMC-lambda,16.3600,1.000000,0.999999,0.499999
IMC-lambda,16.3800,1.000000,0.999999,0.499999
IMC-lambda,16.4000,1.000000,0.999999,0.499999
IMC-lambda,16.4200,1.000000,0.999999,0.499999
IMC-lambda,16.4400,1.000000,0.999999,0.499999
IMC-lambda,16.4600,1.000000,0.999999,0.499999
IMC-lambda,16.4800,1.000000,0.999999,0.499999
IMC-lambda,16.5000,1.000000,0.999999,0.499999
IMC-lambda,16.5200,1.000000,0.999999,0.499999
IMC-lambda,16.5400,1.000000,0.999999,0.499999
IMC-lambda,16.5600,1.000000,0.999999,0.499999
IMC-lambda,16.5800,1.000000,0.999999,0.499999
IMC-lambda,16.6000,1.000000,0.999999,0.499999
IMC-lambda,16.6200,1.000000,0.999999,0.499999
IMC-lambda,16.6400,1.000000,0.999999,0.499999
IMC-lambda,16.6600,1.000000,0.999999,0.499999
IMC-lambda,16.6800,1.000000,0.999999,0.499999
IMC-lambda,16.7000,1.000000,0.999999,0.499999
IMC-lambda,16.7200,1.000000,0.999999,0.499999
IMC-lambda,16.7400,1.000000,0.999999,0.499999
IMC-lambda,16.7600,1.000000,0.999999,0.499999
IMC-lambda,16.7800,1.000000,0.999999,0.499999
IMC-lambda,16.8000,1.000000,0.999999,0.499999
IMC-lambda,16.8200,1.000000,0.999999,0.499999
IMC-lambda,16.8400,1.000000,0.999999,0.499999
IMC-lambda,16.8600,1.000000,0.999999,0.499999
IMC-lambda,16.8800,1.000000,0.999999,0.499999
IMC-lambda,16.9000,1.000000,0.999999,0.499999
IMC-lambda,16.9200,1.000000,0.999999,0.499999
IMC-lambda,16.9400,1.000000,0.999999,0.499999
IMC-lambda,16.9600,1.000000,0.999999,0.499999
IMC-lambda,16.9800,1.000000,0.999999,0.499999
IMC-lambda,17.0000,1.000000,0.999999,0.499999
IMC-lambda,17.0200,1.000000,0.999999,0.499999
IMC-lambda,17.0400,1.000000,0.999999,0.499999
IMC-lambda,17.0600,1.000000,0.999999,0.499999
IMC-lambda,17.0800,1.000000,0.999999,0.499999
IMC-lambda,17.1000,1.000000,0.999999,0.499999
IMC-lambda,17.1200,1.000000,0.999999,0.499999
IMC-lambda,17.1400,1.000000,0.999999,0.499999
IMC-lambda,17.1600,1.000000,0.999999,0.499999
IMC-lambda,17.1800,1.000000,0.999999,0.499999
IMC-lambda,17.2000,1.000000,0.999999,0.499999
IMC-lambda,17.2200,1.000000,0.999999,0.499999
IMC-lambda,17.2400,1.000000,0.999999,0.499999
IMC-lambda,17.2600,1.000000,0.999999,0.499999
IMC-lambda,17.2800,1.000000,0.999999,0.499999
IMC-lambda,17.3000,1.000000,0.999999,0.499999
IMC-lambda,17.3200,1.000000,0.999999,0.499999
IMC-lambda,17.3400,1.000000,0.999999,0.499999
IMC-lambda,17.3600,1.000000,0.999999,0.499999
IMC-lambda,17.3800,1.000000,0.999999,0.499999
IMC-lambda,17.4000,1.000000,0.999999,0.499999
IMC-lambda,17.4200,1.000000,0.999999,0.499999
IMC-lambda,17.4400,1.000000,0.999999,0.499999
IMC-lambda,17.4600,1.000000,0.999999,0.499999
IMC-lambda,17.4800,1.000000,0.999999,0.499999
IMC-lambda,17.5000,1.000000,0.999999,0.499999
IMC-lambda,17.5200,1.000000,0.999999,0.499999
IMC-lambda,17.5400,1.000000,0.999999,0.499999
IMC-lambda,17.5600,1.000000,0.999999,0.499999
IMC-lambda,17.5800,1.000000,0.999999,0.499999
IMC-lambda,17.6000,1.000000,0.999999,0.499999
IMC-lambda,17.6200,1.000000,0.999999,0.499999
IMC-lambda,17.6400,1.000000,0.999999,0.499999
IMC-lambda,17.6600,1.000000,0.999999,0.499999
IMC-lambda,17.6800,1.000000,0.999999,0.499999
IMC-lambda,17.7000,1.000000,0.999999,0.499999
IMC-lambda,17.7200,1.000000,0.999999,0.499999
IMC-lambda,17.7400,1.000000,0.999999,0.499999
IMC-lambda,17.7600,1.000000,0.999999,0.499999
IMC-lambda,17.7800,1.000000,0.999999,0.499999
IMC-lambda,17.8000,1.000000,0.999999,0.499999
IMC-lambda,17.8200,1.000000,0.999999,0.499999
IMC-lambda,17.8400,1.000000,0.999999,0.499999
IMC-lambda,17.8600,1.000000,0.999999,0.499999
IMC-lambda,17.8800,1.000000,0.999999,0.499999
IMC-lambda,17.9000,1.000000,0.999999,0.499999
IMC-lambda,17.9200,1.000000,0.999999,0.499999
IMC-lambda,17.9400,1.000000,0.999999,0.499999
IMC-lambda,17.9600,1.000000,0.999999,0.499999
IMC-lambda,17.9800,1.000000,0.999999,0.499999
IMC-lambda,18.0000,1.000000,0.999999,0.499999
IMC-lambda,18.0200,1.000000,0.999999,0.499999
IMC-lambda,18.0400,1.000000,0.999999,0.499999
IMC-lambda,18.0600,1.000000,0.999999,0.499999
IMC-lambda,18.0800,1.000000,0.999999,0.499999
IMC-lambda,18.1000,1.000000,0.999999,0.499999
IMC-lambda,18.1200,1.000000,0.999999,0.499999
IMC-lambda,18.1400,1.000000,0.999999,0.499999
IMC-lambda,18.1600,1.000000,0.999999,0.499999
IMC-lambda,18.1800,1.000000,0.999999,0.499999
IMC-lambda,18.2000,1.000000,0.999999,0.499999
IMC-lambda,18.2200,1.000000,0.999999,0.499999
IMC-lambda,18.2400,1.000000,0.999999,0.499999
IMC-lambda,18.2600,1.000000,0.999999,0.499999
IMC-lambda,18.2800,1.000000,0.999999,0.499999
IMC-lambda,18.3000,1.000000,0.999999,0.499999
IMC-lambda,18.3200,1.000000,0.999999,0.499999
IMC-lambda,18.3400,1.000000,0.999999,0.499999
IMC-lambda,18.3600,1.000000,0.999999,0.499999
IMC-lambda,18.3800,1.000000,0.999999,0.499999
IMC-lambda,18.4000,1.000000,0.999999,0.499999
IMC-lambda,18.4200,1.000000,0.999999,0.499999
IMC-lambda,18.4400,1.000000,0.999999,0.499999
IMC-lambda,18.4600,1.000000,0.999999,0.499999
IMC-lambda,18.4800,1.000000,0.999999,0.499999
IMC-lambda,18.5000,1.000000,0.999999,0.499999
IMC-lambda,18.5200,1.000000,0.999999,0.499999
IMC-lambda,18.5400,1.000000,0.999999,0.499999
IMC-lambda,18.5600,1.000000,0.999999,0.499999
IMC-lambda,18.5800,1.000000,0.999999,0.499999
IMC-lambda,18.6000,1.000000,0.999999,0.499999
IMC-lambda,18.6200,1.000000,0.999999,0.499999
IMC-lambda,18.6400,1.000000,0.999999,0.499999
IMC-lambda,18.6600,1.000000,0.999999,0.499999
IMC-lambda,18.6800,1.000000,0.999999,0.499999
IMC-lambda,18.7000,1.000000,0.999999,0.499999
IMC-lambda,18.7200,1.000000,0.999999,0.499999
IMC-lambda,18.7400,1.000000,0.999999,0.499999
IMC-lambda,18.7600,1.000000,0.999999,0.499999
IMC-lambda,18.7800,1.000000,0.999999,0.499999
IMC-lambda,18.8000,1.000000,0.999999,0.499999
IMC-lambda,18.8200,1.000000,0.999999,0.499999
IMC-lambda,18.8400,1.000000,0.999999,0.499999
IMC-lambda,18.8600,1.000000,0.999999,0.499999
IMC-lambda,18.8800,1.000000,0.999999,0.499999
IMC-lambda,18.9000,1.000000,0.999999,0.499999
IMC-lambda,18.9200,1.000000,0.999999,0.499999
IMC-lambda,18.9400,1.000000,0.999999,0.499999
IMC-lambda,18.9600,1.000000,0.999999,0.499999
IMC-lambda,18.9800,1.000000,0.999999,0.499999
IMC-lambda,19.0000,1.000000,0.999999,0.499999
IMC-lambda,19.0200,1.000000,0.999999,0.499999
IMC-lambda,19.0400,1.000000,0.999999,0.499999
IMC-lambda,19.0600,1.000000,0.999999,0.499999
IMC-lambda,19.0800,1.000000,0.999999,0.499999
IMC-lambda,19.1000,1.000000,0.999999,0.499999
IMC-lambda,19.1200,1.000000,0.999999,0.499999
IMC-lambda,19.1400,1.000000,0.999999,0.499999
IMC-lambda,19.1600,1.000000,0.999999,0.499999
IMC-lambda,19.1800,1.000000,0.999999,0.499999
IMC-lambda,19.2000,1.000000,0.999999,0.499999
IMC-lambda,19.2200,1.000000,0.999999,0.499999
IMC-lambda,19.2400,1.000000,0.999999,0.499999
IMC-lambda,19.2600,1.000000,0.999999,0.499999
IMC-lambda,19.2800,1.000000,0.999999,0.499999
IMC-lambda,19.3000,1.000000,0.999999,0.499999
IMC-lambda,19.3200,1.000000,0.999999,0.499999
IMC-lambda,19.3400,1.000000,0.999999,0.499999
IMC-lambda,19.3600,1.000000,0.999999,0.499999
IMC-lambda,19.3800,1.000000,0.999999,0.499999
IMC-lambda,19.4000,1.000000,0.999999,0.499999
IMC-lambda,19.4200,1.000000,0.999999,0.499999
IMC-lambda,19.4400,1.000000,0.999999,0.499999
IMC-lambda,19.4600,1.000000,0.999999,0.499999
IMC-lambda,19.4800,1.000000,0.999999,0.499999
IMC-lambda,19.5000,1.000000,0.999999,0.499999
IMC-lambda,19.5200,1.000000,0.999999,0.499999
IMC-lambda,19.5400,1.000000,0.999999,0.499999
IMC-lambda,19.5600,1.000000,0.999999,0.499999
IMC-lambda,19.5800,1.000000,0.999999,0.499999
IMC-lambda,19.6000,1.000000,0.999999,0.499999
IMC-lambda,19.6200,1.000000,0.999999,0.499999
IMC-lambda,19.6400,1.000000,0.999999,0.499999
IMC-lambda,19.6600,1.000000,0.999999,0.499999
IMC-lambda,19.6800,1.000000,0.999999,0.499999
IMC-lambda,19.7000,1.000000,0.999999,0.499999
IMC-lambda,19.7200,1.000000,0.999999,0.499999
IMC-lambda,19.7400,1.000000,0.999999,0.499999
IMC-lambda,19.7600,1.000000,0.999999,0.499999
IMC-lambda,19.7800,1.000000,0.999999,0.499999
IMC-lambda,19.8000,1.000000,0.999999,0.499999
IMC-lambda,19.8200,1.000000,0.999999,0.499999
IMC-lambda,19.8400,1.000000,0.999999,0.499999
IMC-lambda,19.8600,1.000000,0.999999,0.499999
IMC-lambda,19.8800,1.000000,0.999999,0.499999
IMC-lambda,19.9000,1.000000,0.999999,0.499999
IMC-lambda,19.9200,1.000000,0.999999,0.499999
IMC-lambda,19.9400,1.000000,0.999999,0.499999
IMC-lambda,19.9600,1.000000,0.999999,0.499999
IMC-lambda,19.9800,1.000000,0.999999,0.499999
IMC-lambda,20.0000,1.000000,0.999999,0.499999
IMC-lambda,20.0200,1.000000,0.999999,0.499999
IMC-lambda,20.0400,1.000000,0.999999,0.499999
IMC-lambda,20.0600,1.000000,0.999999,0.499999
IMC-lambda,20.0800,1.000000,0.999999,0.499999
IMC-lambda,20.1000,1.000000,0.999999,0.499999
IMC-lambda,20.1200,1.000000,0.999999,0.499999
IMC-lambda,20.1400,1.000000,0.999999,0.499999
IMC-lambda,20.1600,1.000000,0.999999,0.499999
IMC-lambda,20.1800,1.000000,0.999999,0.499999
IMC-lambda,20.2000,1.000000,0.999999,0.499999
IMC-lambda,20.2200,1.000000,0.999999,0.499999
IMC-lambda,20.2400,1.000000,0.999999,0.499999
IMC-lambda,20.2600,1.000000,0.999999,0.499999
IMC-lambda,20.2800,1.000000,0.999999,0.499999
IMC-lambda,20.3000,1.000000,0.999999,0.499999
IMC-lambda,20.3200,1.000000,0.999999,0.499999
IMC-lambda,20.3400,1.000000,0.999999,0.499999
IMC-lambda,20.3600,1.000000,0.999999,0.499999
IMC-lambda,20.3800,1.000000,0.999999,0.499999
IMC-lambda,20.4000,1.000000,0.999999,0.499999
IMC-lambda,20.4200,1.000000,0.999999,0.499999
IMC-lambda,20.4400,1.000000,0.999999,0.499999
IMC-lambda,20.4600,1.000000,0.999999,0.499999
IMC-lambda,20.4800,1.000000,0.999999,0.499999
IMC-lambda,20.5000,1.000000,0.999999,0.499999
IMC-lambda,20.5200,1.000000,0.999999,0.499999
IMC-lambda,20.5400,1.000000,0.999999,0.499999
IMC-lambda,20.5600,1.000000,0.999999,0.499999
IMC-lambda,20.5800,1.000000,0.999999,0.499999
IMC-lambda,20.6000,1.000000,0.999999,0.499999
IMC-lambda,20.6200,1.000000,0.999999,0.499999
IMC-lambda,20.6400,1.000000,0.999999,0.499999
IMC-lambda,20.6600,1.000000,0.999999,0.499999
IMC-lambda,20.6800,1.000000,0.999999,0.499999
IMC-lambda,20.7000,1.000000,0.999999,0.499999
IMC-lambda,20.7200,1.000000,0.999999,0.499999
IMC-lambda,20.7400,1.000000,0.999999,0.499999
IMC-lambda,20.7600,1.000000,0.999999,0.499999
IMC-lambda,20.7800,1.000000,0.999999,0.499999
IMC-lambda,20.8000,1.000000,0.999999,0.499999
IMC-lambda,20.8200,1.000000,0.999999,0.499999
IMC-lambda,20.8400,1.000000,0.999999,0.499999
IMC-lambda,20.8600,1.000000,0.999999,0.499999
IMC-lambda,20.8800,1.000000,0.999999,0.499999
IMC-lambda,20.9000,1.000000,0.999999,0.499999
IMC-lambda,20.9200,1.000000,0.999999,0.499999
IMC-lambda,20.9400,1.000000,0.999999,0.499999
IMC-lambda,20.9600,1.000000,0.999999,0.499999
IMC-lambda,20.9800,1.000000,0.999999,0.499999
IMC-lambda,21.0000,1.000000,0.999999,0.499999
IMC-lambda,21.0200,1.000000,0.999999,0.499999
IMC-lambda,21.0400,1.000000,0.999999,0.499999
IMC-lambda,21.0600,1.000000,0.999999,0.499999
IMC-lambda,21.0800,1.000000,0.999999,0.499999
IMC-lambda,21.1000,1.000000,0.999999,0.499999
IMC-lambda,21.1200,1.000000,0.999999,0.499999
IMC-lambda,21.1400,1.000000,0.999999,0.499999
IMC-lambda,21.1600,1.000000,0.999999,0.499999
IMC-lambda,21.1800,1.000000,0.999999,0.499999
IMC-lambda,21.2000,1.000000,0.999999,0.499999
IMC-lambda,21.2200,1.000000,0.999999,0.499999
IMC-lambda,21.2400,1.000000,0.999999,0.499999
IMC-lambda,21.2600,1.000000,0.999999,0.499999
IMC-lambda,21.2800,1.000000,0.999999,0.499999
IMC-lambda,21.3000,1.000000,0.999999,0.499999
IMC-lambda,21.3200,1.000000,0.999999,0.499999
IMC-lambda,21.3400,1.000000,0.999999,0.499999
IMC-lambda,21.3600,1.000000,0.999999,0.499999
IMC-lambda,21.3800,1.000000,0.999999,0.499999
IMC-lambda,21.4000,1.000000,0.999999,0.499999
IMC-lambda,21.4200,1.000000,0.999999,0.499999
IMC-lambda,21.4400,1.000000,0.999999,0.499999
IMC-lambda,21.4600,1.000000,0.999999,0.499999
IMC-lambda,21.4800,1.000000,0.999999,0.499999
IMC-lambda,21.5000,1.000000,0.999999,0.499999
IMC-lambda,21.5200,1.000000,0.999999,0.499999
IMC-lambda,21.5400,1.000000,0.999999,0.499999
IMC-lambda,21.5600,1.000000,0.999999,0.499999
IMC-lambda,21.5800,1.000000,0.999999,0.499999
IMC-lambda,21.6000,1.000000,0.999999,0.499999
IMC-lambda,21.6200,1.000000,0.999999,0.499999
IMC-lambda,21.6400,1.000000,0.999999,0.499999
IMC-lambda,21.6600,1.000000,0.999999,0.499999
IMC-lambda,21.6800,1.000000,0.999999,0.499999
IMC-lambda,21.7000,1.000000,0.999999,0.499999
IMC-lambda,21.7200,1.000000,0.999999,0.499999
IMC-lambda,21.7400,1.000000,0.999999,0.499999
IMC-lambda,21.7600,1.000000,0.999999,0.499999
IMC-lambda,21.7800,1.000000,0.999999,0.499999
IMC-lambda,21.8000,1.000000,0.999999,0.499999
IMC-lambda,21.8200,1.000000,0.999999,0.499999
IMC-lambda,21.8400,1.000000,0.999999,0.499999
IMC-lambda,21.8600,1.000000,0.999999,0.499999
IMC-lambda,21.8800,1.000000,0.999999,0.499999
IMC-lambda,21.9000,1.000000,0.999999,0.499999
IMC-lambda,21.9200,1.000000,0.999999,0.499999
IMC-lambda,21.9400,1.000000,0.999999,0.499999
IMC-lambda,21.9600,1.000000,0.999999,0.499999
IMC-lambda,21.9800,1.000000,0.999999,0.499999
IMC-lambda,22.0000,1.000000,0.999999,0.499999
IMC-lambda,22.0200,1.000000,0.999999,0.499999
IMC-lambda,22.0400,1.000000,0.999999,0.499999
IMC-lambda,22.0600,1.000000,0.999999,0.499999
IMC-lambda,22.0800,1.000000,0.999999,0.499999
IMC-lambda,22.1000,1.000000,0.999999,0.499999
IMC-lambda,22.1200,1.000000,0.999999,0.499999
IMC-lambda,22.1400,1.000000,0.999999,0.499999
IMC-lambda,22.1600,1.000000,0.999999,0.499999
IMC-lambda,22.1800,1.000000,0.999999,0.499999
IMC-lambda,22.2000,1.000000,0.999999,0.499999
IMC-lambda,22.2200,1.000000,0.999999,0.499999
IMC-lambda,22.2400,1.000000,0.999999,0.499999
IMC-lambda,22.2600,1.000000,0.999999,0.499999
IMC-lambda,22.2800,1.000000,0.999999,0.499999
IMC-lambda,22.3000,1.000000,0.999999,0.499999
IMC-lambda,22.3200,1.000000,0.999999,0.499999
IMC-lambda,22.3400,1.000000,0.999999,0.499999
IMC-lambda,22.3600,1.000000,0.999999,0.499999
IMC-lambda,22.3800,1.000000,0.999999,0.499999
IMC-lambda,22.4000,1.000000,0.999999,0.499999
IMC-lambda,22.4200,1.000000,0.999999,0.499999
IMC-lambda,22.4400,1.000000,0.999999,0.499999
IMC-lambda,22.4600,1.000000,0.999999,0.499999
IMC-lambda,22.4800,1.000000,0.999999,0.499999
IMC-lambda,22.5000,1.000000,0.999999,0.499999
IMC-lambda,22.5200,1.000000,0.999999,0.499999
IMC-lambda,22.5400,1.000000,0.999999,0.499999
IMC-lambda,22.5600,1.000000,0.999999,0.499999
IMC-lambda,22.5800,1.000000,0.999999,0.499999
IMC-lambda,22.6000,1.000000,0.999999,0.499999
IMC-lambda,22.6200,1.000000,0.999999,0.499999
IMC-lambda,22.6400,1.000000,0.999999,0.499999
IMC-lambda,22.6600,1.000000,0.999999,0.499999
IMC-lambda,22.6800,1.000000,0.999999,0.499999
IMC-lambda,22.7000,1.000000,0.999999,0.499999
IMC-lambda,22.7200,1.000000,0.999999,0.499999
IMC-lambda,22.7400,1.000000,0.999999,0.499999
IMC-lambda,22.7600,1.000000,0.999999,0.499999
IMC-lambda,22.7800,1.000000,0.999999,0.499999
IMC-lambda,22.8000,1.000000,0.999999,0.499999
IMC-lambda,22.8200,1.000000,0.999999,0.499999
IMC-lambda,22.8400,1.000000,0.999999,0.499999
IMC-lambda,22.8600,1.000000,0.999999,0.499999
IMC-lambda,22.8800,1.000000,0.999999,0.499999
IMC-lambda,22.9000,1.000000,0.999999,0.499999
IMC-lambda,22.9200,1.000000,0.999999,0.499999
IMC-lambda,22.9400,1.000000,0.999999,0.499999
IMC-lambda,22.9600,1.000000,0.999999,0.499999
IMC-lambda,22.9800,1.000000,0.999999,0.499999
IMC-lambda,23.0000,1.000000,0.999999,0.499999
IMC-lambda,23.0200,1.000000,0.999999,0.499999
IMC-lambda,23.0400,1.000000,0.999999,0.499999
IMC-lambda,23.0600,1.000000,0.999999,0.499999
IMC-lambda,23.0800,1.000000,0.999999,0.499999
IMC-lambda,23.1000,1.000000,0.999999,0.499999
IMC-lambda,23.1200,1.000000,0.999999,0.499999
IMC-lambda,23.1400,1.000000,0.999999,0.499999
IMC-lambda,23.1600,1.000000,0.999999,0.499999
IMC-lambda,23.1800,1.000000,0.999999,0.499999
IMC-lambda,23.2000,1.000000,0.999999,0.499999
IMC-lambda,23.2200,1.000000,0.999999,0.499999
IMC-lambda,23.2400,1.000000,0.999999,0.499999
IMC-lambda,23.2600,1.000000,0.999999,0.499999
IMC-lambda,23.2800,1.000000,0.999999,0.499999
IMC-lambda,23.3000,1.000000,0.999999,0.499999
IMC-lambda,23.3200,1.000000,0.999999,0.499999
IMC-lambda,23.3400,1.000000,0.999999,0.499999
IMC-lambda,23.3600,1.000000,0.999999,0.499999
IMC-lambda,23.3800,1.000000,0.999999,0.499999
IMC-lambda,23.4000,1.000000,0.999999,0.499999
IMC-lambda,23.4200,1.000000,0.999999,0.499999
IMC-lambda,23.4400,1.000000,0.999999,0.499999
IMC-lambda,23.4600,1.000000,0.999999,0.499999
IMC-lambda,23.4800,1.000000,0.999999,0.499999
IMC-lambda,23.5000,1.000000,0.999999,0.499999
IMC-lambda,23.5200,1.000000,0.999999,0.499999
IMC-lambda,23.5400,1.000000,0.999999,0.499999
IMC-lambda,23.5600,1.000000,0.999999,0.499999
IMC-lambda,23.5800,1.000000,0.999999,0.499999
IMC-lambda,23.6000,1.000000,0.999999,0.499999
IMC-lambda,23.6200,1.000000,0.999999,0.499999
IMC-lambda,23.6400,1.000000,0.999999,0.499999
IMC-lambda,23.6600,1.000000,0.999999,0.499999
IMC-lambda,23.6800,1.000000,0.999999,0.499999
IMC-lambda,23.7000,1.000000,0.999999,0.499999
IMC-lambda,23.7200,1.000000,0.999999,0.499999
IMC-lambda,23.7400,1.000000,0.999999,0.499999
IMC-lambda,23.7600,1.000000,0.999999,0.499999
IMC-lambda,23.7800,1.000000,0.999999,0.499999
IMC-lambda,23.8000,1.000000,0.999999,0.499999
IMC-lambda,23.8200,1.000000,0.999999,0.499999
IMC-lambda,23.8400,1.000000,0.999999,0.499999
IMC-lambda,23.8600,1.000000,0.999999,0.499999
IMC-lambda,23.8800,1.000000,0.999999,0.499999
IMC-lambda,23.9000,1.000000,0.999999,0.499999
IMC-lambda,23.9200,1.000000,0.999999,0.499999
IMC-lambda,23.9400,1.000000,0.999999,0.499999
IMC-lambda,23.9600,1.000000,0.999999,0.499999
IMC-lambda,23.9800,1.000000,0.999999,0.499999
IMC-lambda,24.0000,1.000000,0.999999,0.499999
IMC-lambda,24.0200,1.000000,0.999999,0.499999
IMC-lambda,24.0400,1.000000,0.999999,0.499999
IMC-lambda,24.0600,1.000000,0.999999,0.499999
IMC-lambda,24.0800,1.000000,0.999999,0.499999
IMC-lambda,24.1000,1.000000,0.999999,0.499999
IMC-lambda,24.1200,1.000000,0.999999,0.499999
IMC-lambda,24.1400,1.000000,0.999999,0.499999
IMC-lambda,24.1600,1.000000,0.999999,0.499999
IMC-lambda,24.1800,1.000000,0.999999,0.499999
IMC-lambda,24.2000,1.000000,0.999999,0.499999
IMC-lambda,24.2200,1.000000,0.999999,0.499999
IMC-lambda,24.2400,1.000000,0.999999,0.499999
IMC-lambda,24.2600,1.000000,0.999999,0.499999
IMC-lambda,24.2800,1.000000,0.999999,0.499999
IMC-lambda,24.3000,1.000000,0.999999,0.499999
IMC-lambda,24.3200,1.000000,0.999999,0.499999
IMC-lambda,24.3400,1.000000,0.999999,0.499999
IMC-lambda,24.3600,1.000000,0.999999,0.499999
IMC-lambda,24.3800,1.000000,0.999999,0.499999
IMC-lambda,24.4000,1.000000,0.999999,0.499999
IMC-lambda,24.4200,1.000000,0.999999,0.499999
IMC-lambda,24.4400,1.000000,0.999999,0.499999
IMC-lambda,24.4600,1.000000,0.999999,0.499999
IMC-lambda,24.4800,1.000000,0.999999,0.499999
IMC-lambda,24.5000,1.000000,0.999999,0.499999
IMC-lambda,24.5200,1.000000,0.999999,0.499999
IMC-lambda,24.5400,1.000000,0.999999,0.499999
IMC-lambda,24.5600,1.000000,0.999999,0.499999
IMC-lambda,24.5800,1.000000,0.999999,0.499999
IMC-lambda,24.6000,1.000000,0.999999,0.499999
IMC-lambda,24.6200,1.000000,0.999999,0.499999
IMC-lambda,24.6400,1.000000,0.999999,0.499999
IMC-lambda,24.6600,1.000000,0.999999,0.499999
IMC-lambda,24.6800,1.000000,0.999999,0.499999
IMC-lambda,24.7000,1.000000,0.999999,0.499999
IMC-lambda,24.7200,1.000000,0.999999,0.499999
IMC-lambda,24.7400,1.000000,0.999999,0.499999
IMC-lambda,24.7600,1.000000,0.999999,0.499999
IMC-lambda,24.7800,1.000000,0.999999,0.499999
IMC-lambda,24.8000,1.000000,0.999999,0.499999
IMC-lambda,24.8200,1.000000,0.999999,0.499999
IMC-lambda,24.8400,1.000000,0.999999,0.499999
IMC-lambda,24.8600,1.000000,0.999999,0.499999
IMC-lambda,24.8800,1.000000,0.999999,0.499999
IMC-lambda,24.9000,1.000000,0.999999,0.499999
IMC-lambda,24.9200,1.000000,0.999999,0.499999
IMC-lambda,24.9400,1.000000,0.999999,0.499999
IMC-lambda,24.9600,1.000000,0.999999,0.499999
IMC-lambda,24.9800,1.000000,0.999999,0.499999
